-- phpMyAdmin SQL Dump
-- version 5.2.0
-- https://www.phpmyadmin.net/
--
-- Хост: 127.0.0.1:3306
-- Время создания: Дек 28 2023 г., 09:02
-- Версия сервера: 5.7.39
-- Версия PHP: 8.0.22

SET SQL_MODE = "NO_AUTO_VALUE_ON_ZERO";
START TRANSACTION;
SET time_zone = "+00:00";


/*!40101 SET @OLD_CHARACTER_SET_CLIENT=@@CHARACTER_SET_CLIENT */;
/*!40101 SET @OLD_CHARACTER_SET_RESULTS=@@CHARACTER_SET_RESULTS */;
/*!40101 SET @OLD_COLLATION_CONNECTION=@@COLLATION_CONNECTION */;
/*!40101 SET NAMES utf8mb4 */;

--
-- База данных: `ImageGalary`
--

-- --------------------------------------------------------

--
-- Структура таблицы `Administrators`
--

CREATE TABLE `Administrators` (
  `admin_id` int(11) NOT NULL,
  `user_id` int(11) NOT NULL,
  `privileges_level` int(11) NOT NULL
) ENGINE=InnoDB DEFAULT CHARSET=utf8mb4 COLLATE=utf8mb4_unicode_ci;

--
-- Дамп данных таблицы `Administrators`
--

INSERT INTO `Administrators` (`admin_id`, `user_id`, `privileges_level`) VALUES
(1, 1, 3),
(2, 2, 2),
(3, 3, 1);

-- --------------------------------------------------------

--
-- Структура таблицы `Albums`
--

CREATE TABLE `Albums` (
  `album_id` int(11) NOT NULL,
  `user_id` int(11) DEFAULT NULL,
  `name` varchar(255) COLLATE utf8mb4_unicode_ci NOT NULL,
  `description` text COLLATE utf8mb4_unicode_ci,
  `created_at` timestamp NULL DEFAULT CURRENT_TIMESTAMP,
  `updated_at` timestamp NULL DEFAULT CURRENT_TIMESTAMP ON UPDATE CURRENT_TIMESTAMP,
  `last_image_added_at` timestamp NULL DEFAULT NULL
) ENGINE=InnoDB DEFAULT CHARSET=utf8mb4 COLLATE=utf8mb4_unicode_ci;

--
-- Дамп данных таблицы `Albums`
--

INSERT INTO `Albums` (`album_id`, `user_id`, `name`, `description`, `created_at`, `updated_at`, `last_image_added_at`) VALUES
(1, 4, 'Original art', '', '2023-12-27 15:36:07', '2023-12-27 15:41:49', '2023-12-27 15:41:49'),
(2, 5, 'VOCALOID', '', '2023-12-27 15:47:00', '2023-12-27 15:47:00', '2023-12-27 15:47:00'),
(3, 5, 'VESPERBELL', '', '2023-12-27 15:48:43', '2023-12-27 17:49:42', '2023-12-27 17:49:42'),
(4, 5, 'Jujutsu Kaisen', '', '2023-12-27 15:49:32', '2023-12-27 17:47:42', '2023-12-27 17:47:42'),
(5, 5, 'Genshin Impact', '', '2023-12-27 15:50:18', '2023-12-27 17:53:26', '2023-12-27 17:53:26'),
(6, 5, 'Fate/Grand Order', '', '2023-12-27 15:52:40', '2023-12-27 15:52:40', '2023-12-27 15:52:40'),
(7, 6, 'Hyouka', '', '2023-12-27 15:57:09', '2023-12-27 17:54:28', '2023-12-27 17:54:28'),
(8, 7, 'Honkai Star Rail', '', '2023-12-27 16:08:35', '2023-12-27 17:55:36', '2023-12-27 17:55:36'),
(9, 8, 'Blue Archive', '', '2023-12-27 16:17:51', '2023-12-27 16:17:51', '2023-12-27 16:17:51'),
(10, 9, 'Spy x Family', '', '2023-12-27 16:40:03', '2023-12-27 17:52:32', '2023-12-27 17:52:32'),
(11, 9, 'Hazbin Hotel', '', '2023-12-27 17:09:28', '2023-12-27 17:09:28', '2023-12-27 17:09:28'),
(12, 10, 'Chainsaw Man', '', '2023-12-27 17:11:44', '2023-12-27 17:48:31', '2023-12-27 17:48:31'),
(13, 10, 'Kimetsu no Yaiba', '', '2023-12-27 17:13:51', '2023-12-27 17:43:39', '2023-12-27 17:43:39'),
(14, 10, 'Sousou No Frieren', '', '2023-12-27 17:15:34', '2023-12-27 17:15:34', '2023-12-27 17:15:34'),
(15, 14, 'Danganronpa', '', '2023-12-27 17:44:53', '2023-12-27 17:44:53', '2023-12-27 17:44:53');

-- --------------------------------------------------------

--
-- Структура таблицы `Album_Images`
--

CREATE TABLE `Album_Images` (
  `album_id` int(11) NOT NULL,
  `image_id` int(11) NOT NULL,
  `added_at` timestamp NULL DEFAULT CURRENT_TIMESTAMP
) ENGINE=InnoDB DEFAULT CHARSET=utf8mb4 COLLATE=utf8mb4_unicode_ci;

--
-- Дамп данных таблицы `Album_Images`
--

INSERT INTO `Album_Images` (`album_id`, `image_id`, `added_at`) VALUES
(1, 1, '2023-12-27 18:36:07'),
(1, 2, '2023-12-27 18:38:47'),
(1, 3, '2023-12-27 18:39:51'),
(1, 4, '2023-12-27 18:41:49'),
(2, 5, '2023-12-27 18:47:00'),
(3, 6, '2023-12-27 18:48:43'),
(3, 104, '2023-12-27 20:49:42'),
(4, 7, '2023-12-27 18:49:32'),
(4, 43, '2023-12-27 19:31:12'),
(4, 49, '2023-12-27 20:09:45'),
(4, 75, '2023-12-27 20:34:29'),
(4, 81, '2023-12-27 20:38:56'),
(4, 93, '2023-12-27 20:45:17'),
(4, 98, '2023-12-27 20:47:42'),
(5, 8, '2023-12-27 18:50:18'),
(5, 9, '2023-12-27 18:51:02'),
(5, 11, '2023-12-27 18:54:23'),
(5, 12, '2023-12-27 18:54:57'),
(5, 28, '2023-12-27 19:06:51'),
(5, 29, '2023-12-27 19:07:17'),
(5, 31, '2023-12-27 19:09:25'),
(5, 32, '2023-12-27 19:10:14'),
(5, 34, '2023-12-27 19:11:37'),
(5, 35, '2023-12-27 19:13:01'),
(5, 37, '2023-12-27 19:14:24'),
(5, 40, '2023-12-27 19:18:48'),
(5, 41, '2023-12-27 19:20:40'),
(5, 42, '2023-12-27 19:21:12'),
(5, 45, '2023-12-27 19:44:34'),
(5, 46, '2023-12-27 20:08:16'),
(5, 47, '2023-12-27 20:08:44'),
(5, 50, '2023-12-27 20:10:41'),
(5, 59, '2023-12-27 20:17:10'),
(5, 60, '2023-12-27 20:17:31'),
(5, 61, '2023-12-27 20:17:43'),
(5, 62, '2023-12-27 20:17:59'),
(5, 63, '2023-12-27 20:18:16'),
(5, 64, '2023-12-27 20:19:33'),
(5, 65, '2023-12-27 20:19:48'),
(5, 66, '2023-12-27 20:20:02'),
(5, 67, '2023-12-27 20:20:20'),
(5, 68, '2023-12-27 20:20:34'),
(5, 69, '2023-12-27 20:25:43'),
(5, 70, '2023-12-27 20:26:30'),
(5, 71, '2023-12-27 20:27:46'),
(5, 72, '2023-12-27 20:29:31'),
(5, 73, '2023-12-27 20:30:07'),
(5, 74, '2023-12-27 20:33:35'),
(5, 76, '2023-12-27 20:34:58'),
(5, 79, '2023-12-27 20:37:12'),
(5, 82, '2023-12-27 20:39:21'),
(5, 83, '2023-12-27 20:40:24'),
(5, 91, '2023-12-27 20:44:09'),
(5, 94, '2023-12-27 20:45:35'),
(5, 95, '2023-12-27 20:45:53'),
(5, 96, '2023-12-27 20:46:09'),
(5, 97, '2023-12-27 20:47:15'),
(5, 102, '2023-12-27 20:48:55'),
(5, 103, '2023-12-27 20:49:22'),
(5, 105, '2023-12-27 20:50:16'),
(5, 106, '2023-12-27 20:50:44'),
(5, 109, '2023-12-27 20:53:26'),
(6, 10, '2023-12-27 18:52:40'),
(7, 13, '2023-12-27 18:57:09'),
(7, 14, '2023-12-27 18:57:53'),
(7, 15, '2023-12-27 18:58:59'),
(7, 16, '2023-12-27 18:59:28'),
(7, 18, '2023-12-27 19:01:18'),
(7, 19, '2023-12-27 19:01:46'),
(7, 20, '2023-12-27 19:02:12'),
(7, 21, '2023-12-27 19:02:39'),
(7, 22, '2023-12-27 19:03:05'),
(7, 23, '2023-12-27 19:03:25'),
(7, 24, '2023-12-27 19:04:09'),
(7, 25, '2023-12-27 19:04:27'),
(7, 26, '2023-12-27 19:04:45'),
(7, 27, '2023-12-27 19:05:25'),
(7, 110, '2023-12-27 20:54:28'),
(8, 30, '2023-12-27 19:08:35'),
(8, 33, '2023-12-27 19:10:51'),
(8, 36, '2023-12-27 19:13:38'),
(8, 38, '2023-12-27 19:15:29'),
(8, 55, '2023-12-27 20:14:16'),
(8, 58, '2023-12-27 20:16:47'),
(8, 77, '2023-12-27 20:35:43'),
(8, 78, '2023-12-27 20:36:45'),
(8, 80, '2023-12-27 20:37:57'),
(8, 84, '2023-12-27 20:40:43'),
(8, 85, '2023-12-27 20:40:58'),
(8, 86, '2023-12-27 20:41:16'),
(8, 87, '2023-12-27 20:41:29'),
(8, 111, '2023-12-27 20:55:36'),
(9, 39, '2023-12-27 19:17:51'),
(10, 44, '2023-12-27 19:40:03'),
(10, 107, '2023-12-27 20:51:44'),
(10, 108, '2023-12-27 20:52:32'),
(11, 48, '2023-12-27 20:09:28'),
(12, 51, '2023-12-27 20:11:44'),
(12, 52, '2023-12-27 20:12:24'),
(12, 53, '2023-12-27 20:13:12'),
(12, 56, '2023-12-27 20:14:54'),
(12, 99, '2023-12-27 20:47:58'),
(12, 100, '2023-12-27 20:48:18'),
(12, 101, '2023-12-27 20:48:31'),
(13, 54, '2023-12-27 20:13:51'),
(13, 88, '2023-12-27 20:41:59'),
(13, 89, '2023-12-27 20:43:03'),
(13, 90, '2023-12-27 20:43:39'),
(14, 57, '2023-12-27 20:15:34'),
(15, 92, '2023-12-27 20:44:53');

-- --------------------------------------------------------

--
-- Структура таблицы `Comments`
--

CREATE TABLE `Comments` (
  `comment_id` int(11) NOT NULL,
  `user_id` int(11) DEFAULT NULL,
  `image_id` int(11) DEFAULT NULL,
  `comment` text COLLATE utf8mb4_unicode_ci,
  `commented_at` timestamp NULL DEFAULT CURRENT_TIMESTAMP,
  `updated_at` timestamp NULL DEFAULT CURRENT_TIMESTAMP ON UPDATE CURRENT_TIMESTAMP
) ENGINE=InnoDB DEFAULT CHARSET=utf8mb4 COLLATE=utf8mb4_unicode_ci;

--
-- Дамп данных таблицы `Comments`
--

INSERT INTO `Comments` (`comment_id`, `user_id`, `image_id`, `comment`, `commented_at`, `updated_at`) VALUES
(1, 8, 79, 'gsandle0', '2023-12-27 21:00:00', '2023-12-28 05:50:11'),
(2, 7, 6, 'sviollet1', '2023-12-27 21:00:00', '2023-12-28 05:50:11'),
(3, 13, 11, 'bbrittle2', '2023-12-27 21:00:00', '2023-12-28 05:50:11'),
(4, 6, 26, 'ghuddlestone3', '2023-12-27 21:00:00', '2023-12-28 05:50:11'),
(5, 11, 73, 'csandford4', '2023-12-27 21:00:00', '2023-12-28 05:50:11'),
(6, 13, 51, 'bvanderhoeven5', '2023-12-27 21:00:00', '2023-12-28 05:50:11'),
(7, 11, 53, 'fnicklin6', '2023-12-27 21:00:00', '2023-12-28 05:50:11'),
(8, 3, 88, 'acorder7', '2023-12-27 21:00:00', '2023-12-28 05:50:11'),
(9, 5, 27, 'cbrun8', '2023-12-27 21:00:00', '2023-12-28 05:50:11'),
(10, 7, 9, 'bprint9', '2023-12-27 21:00:00', '2023-12-28 05:50:11'),
(11, 5, 68, 'mkonerdinga', '2023-12-27 21:00:00', '2023-12-28 05:50:11'),
(12, 8, 78, 'cvasenkovb', '2023-12-27 21:00:00', '2023-12-28 05:50:11'),
(13, 12, 10, 'cmartusewiczc', '2023-12-27 21:00:00', '2023-12-28 05:50:11'),
(14, 5, 80, 'tmcvittied', '2023-12-27 21:00:00', '2023-12-28 05:50:11'),
(15, 6, 55, 'mgiamellie', '2023-12-27 21:00:00', '2023-12-28 05:50:11'),
(16, 4, 37, 'mhoytef', '2023-12-27 21:00:00', '2023-12-28 05:50:11'),
(17, 7, 74, 'fpriterg', '2023-12-27 21:00:00', '2023-12-28 05:50:11'),
(19, 1, 71, 'cmullearyi', '2023-12-27 21:00:00', '2023-12-28 05:50:11'),
(20, 4, 37, 'gsnodayj', '2023-12-27 21:00:00', '2023-12-28 05:50:11'),
(21, 8, 9, 'mcraigmylek', '2023-12-27 21:00:00', '2023-12-28 05:50:11'),
(22, 14, 75, 'afippl', '2023-12-27 21:00:00', '2023-12-28 05:50:11'),
(23, 4, 83, 'dtrunchionm', '2023-12-27 21:00:00', '2023-12-28 05:50:11'),
(24, 10, 2, 'hdaddan', '2023-12-27 21:00:00', '2023-12-28 05:50:11'),
(25, 11, 67, 'scharko', '2023-12-27 21:00:00', '2023-12-28 05:50:11'),
(26, 7, 48, 'vaizkovitchp', '2023-12-27 21:00:00', '2023-12-28 05:50:11'),
(27, 11, 44, 'escarmanq', '2023-12-27 21:00:00', '2023-12-28 05:50:11'),
(28, 12, 46, 'tlongwoodr', '2023-12-27 21:00:00', '2023-12-28 05:50:11'),
(29, 9, 26, 'wsharks', '2023-12-27 21:00:00', '2023-12-28 05:50:11'),
(30, 2, 76, 'hgiovannazzit', '2023-12-27 21:00:00', '2023-12-28 05:50:11'),
(31, 3, 82, 'pskeggsu', '2023-12-27 21:00:00', '2023-12-28 05:50:11'),
(32, 5, 86, 'ibrendev', '2023-12-27 21:00:00', '2023-12-28 05:50:11'),
(33, 13, 38, 'thellikerw', '2023-12-27 21:00:00', '2023-12-28 05:50:11'),
(34, 15, 28, 'scostallx', '2023-12-27 21:00:00', '2023-12-28 05:50:11'),
(35, 1, 16, 'kthoresbiey', '2023-12-27 21:00:00', '2023-12-28 05:50:11'),
(36, 1, 89, 'rrockz', '2023-12-27 21:00:00', '2023-12-28 05:50:11'),
(37, 13, 80, 'lkomorowski10', '2023-12-27 21:00:00', '2023-12-28 05:50:11'),
(38, 13, 1, 'kschimke11', '2023-12-27 21:00:00', '2023-12-28 05:50:11'),
(39, 9, 67, 'fpover12', '2023-12-27 21:00:00', '2023-12-28 05:50:11'),
(40, 7, 30, 'kash13', '2023-12-27 21:00:00', '2023-12-28 05:50:11'),
(41, 12, 27, 'ibaitman14', '2023-12-27 21:00:00', '2023-12-28 05:50:11'),
(42, 2, 51, 'bbecerro15', '2023-12-27 21:00:00', '2023-12-28 05:50:11'),
(43, 15, 87, 'dtaillard16', '2023-12-27 21:00:00', '2023-12-28 05:50:11'),
(44, 8, 49, 'ldranfield17', '2023-12-27 21:00:00', '2023-12-28 05:50:11'),
(45, 4, 38, 'erottgers18', '2023-12-27 21:00:00', '2023-12-28 05:50:11'),
(46, 7, 91, 'koehme19', '2023-12-27 21:00:00', '2023-12-28 05:50:11'),
(47, 7, 5, 'pould1a', '2023-12-27 21:00:00', '2023-12-28 05:50:11'),
(48, 6, 30, 'drochford1b', '2023-12-27 21:00:00', '2023-12-28 05:50:11'),
(49, 6, 73, 'celmes1c', '2023-12-27 21:00:00', '2023-12-28 05:50:11'),
(50, 10, 19, 'nmccaughen1d', '2023-12-27 21:00:00', '2023-12-28 05:50:11'),
(51, 12, 1, 'sesparza1e', '2023-12-27 21:00:00', '2023-12-28 05:50:11'),
(52, 1, 74, 'lburland1f', '2023-12-27 21:00:00', '2023-12-28 05:50:11'),
(53, 13, 23, 'dcrick1g', '2023-12-27 21:00:00', '2023-12-28 05:50:11'),
(54, 4, 83, 'ksloat1h', '2023-12-27 21:00:00', '2023-12-28 05:50:11'),
(55, 12, 12, 'dockenden1i', '2023-12-27 21:00:00', '2023-12-28 05:50:11'),
(56, 15, 18, 'tklesse1j', '2023-12-27 21:00:00', '2023-12-28 05:50:11'),
(57, 2, 21, 'italks1k', '2023-12-27 21:00:00', '2023-12-28 05:50:11'),
(58, 1, 65, 'ttilbrook1l', '2023-12-27 21:00:00', '2023-12-28 05:50:11'),
(59, 6, 89, 'rharriot1m', '2023-12-27 21:00:00', '2023-12-28 05:50:11'),
(60, 7, 76, 'jwyldbore1n', '2023-12-27 21:00:00', '2023-12-28 05:50:11'),
(61, 4, 84, 'hblindt1o', '2023-12-27 21:00:00', '2023-12-28 05:50:11'),
(62, 13, 45, 'cbrosio1p', '2023-12-27 21:00:00', '2023-12-28 05:50:11'),
(63, 1, 22, 'jjennins1q', '2023-12-27 21:00:00', '2023-12-28 05:50:11'),
(64, 10, 3, 'rgann1r', '2023-12-27 21:00:00', '2023-12-28 05:50:11'),
(65, 1, 43, 'itorald1s', '2023-12-27 21:00:00', '2023-12-28 05:50:11'),
(66, 14, 63, 'bmoukes1t', '2023-12-27 21:00:00', '2023-12-28 05:50:11'),
(67, 13, 58, 'fhenke1u', '2023-12-27 21:00:00', '2023-12-28 05:50:11'),
(68, 12, 10, 'eoldcroft1v', '2023-12-27 21:00:00', '2023-12-28 05:50:11'),
(69, 4, 78, 'dbowry1w', '2023-12-27 21:00:00', '2023-12-28 05:50:11'),
(70, 6, 93, 'cburndred1x', '2023-12-27 21:00:00', '2023-12-28 05:50:11'),
(71, 3, 30, 'plofthouse1y', '2023-12-27 21:00:00', '2023-12-28 05:50:11'),
(72, 14, 42, 'cstapforth1z', '2023-12-27 21:00:00', '2023-12-28 05:50:11'),
(73, 4, 9, 'mfurlong20', '2023-12-27 21:00:00', '2023-12-28 05:50:11'),
(74, 8, 66, 'pmelby21', '2023-12-27 21:00:00', '2023-12-28 05:50:11'),
(75, 4, 33, 'lprisley22', '2023-12-27 21:00:00', '2023-12-28 05:50:11'),
(76, 10, 64, 'cpendlebery23', '2023-12-27 21:00:00', '2023-12-28 05:50:11'),
(77, 9, 80, 'ewarbys24', '2023-12-27 21:00:00', '2023-12-28 05:50:12'),
(78, 14, 43, 'ftofful25', '2023-12-27 21:00:00', '2023-12-28 05:50:12'),
(79, 15, 7, 'borbell26', '2023-12-27 21:00:00', '2023-12-28 05:50:12'),
(80, 3, 25, 'rphizaclea27', '2023-12-27 21:00:00', '2023-12-28 05:50:12'),
(81, 5, 32, 'pmalinson28', '2023-12-27 21:00:00', '2023-12-28 05:50:12'),
(82, 14, 49, 'nestrella29', '2023-12-27 21:00:00', '2023-12-28 05:50:12'),
(83, 7, 65, 'dkobel2a', '2023-12-27 21:00:00', '2023-12-28 05:50:12'),
(84, 10, 75, 'agoschalk2b', '2023-12-27 21:00:00', '2023-12-28 05:50:12'),
(85, 13, 44, 'mcausnett2c', '2023-12-27 21:00:00', '2023-12-28 05:50:12'),
(86, 8, 97, 'wwilkerson2d', '2023-12-27 21:00:00', '2023-12-28 05:50:12'),
(87, 9, 49, 'erankcom2e', '2023-12-27 21:00:00', '2023-12-28 05:50:12'),
(88, 4, 28, 'ejanata2f', '2023-12-27 21:00:00', '2023-12-28 05:50:12'),
(89, 2, 45, 'cparnell2g', '2023-12-27 21:00:00', '2023-12-28 05:50:12'),
(90, 10, 9, 'alewsy2h', '2023-12-27 21:00:00', '2023-12-28 05:50:12'),
(91, 13, 85, 'trosier2i', '2023-12-27 21:00:00', '2023-12-28 05:50:12'),
(92, 8, 89, 'lchater2j', '2023-12-27 21:00:00', '2023-12-28 05:50:12'),
(93, 4, 38, 'wpadmore2k', '2023-12-27 21:00:00', '2023-12-28 05:50:12'),
(94, 12, 6, 'vdedam2l', '2023-12-27 21:00:00', '2023-12-28 05:50:12'),
(95, 9, 40, 'mholdall2m', '2023-12-27 21:00:00', '2023-12-28 05:50:12'),
(96, 14, 88, 'rrijkeseis2n', '2023-12-27 21:00:00', '2023-12-28 05:50:12'),
(97, 3, 35, 'smckain2o', '2023-12-27 21:00:00', '2023-12-28 05:50:12'),
(98, 4, 94, 'rfirbanks2p', '2023-12-27 21:00:00', '2023-12-28 05:50:12'),
(99, 4, 41, 'tgreed2q', '2023-12-27 21:00:00', '2023-12-28 05:50:12'),
(100, 1, 26, 'mrangell2r', '2023-12-27 21:00:00', '2023-12-28 05:50:12'),
(101, 7, 56, 'nwilcot2s', '2023-12-27 21:00:00', '2023-12-28 05:50:12'),
(102, 11, 16, 'jglantz2t', '2023-12-27 21:00:00', '2023-12-28 05:50:12'),
(103, 4, 77, 'swoosnam2u', '2023-12-27 21:00:00', '2023-12-28 05:50:12'),
(104, 4, 21, 'fdyet2v', '2023-12-27 21:00:00', '2023-12-28 05:50:12'),
(105, 10, 11, 'vbottini2w', '2023-12-27 21:00:00', '2023-12-28 05:50:12'),
(106, 4, 93, 'asore2x', '2023-12-27 21:00:00', '2023-12-28 05:50:12'),
(107, 11, 35, 'tbetz2y', '2023-12-27 21:00:00', '2023-12-28 05:50:12'),
(108, 5, 92, 'qteggin2z', '2023-12-27 21:00:00', '2023-12-28 05:50:12'),
(109, 13, 12, 'cdedenham30', '2023-12-27 21:00:00', '2023-12-28 05:50:12'),
(110, 6, 9, 'mdutch31', '2023-12-27 21:00:00', '2023-12-28 05:50:12'),
(111, 6, 38, 'tciraldo32', '2023-12-27 21:00:00', '2023-12-28 05:50:12'),
(112, 5, 34, 'cdillestone33', '2023-12-27 21:00:00', '2023-12-28 05:50:12'),
(113, 13, 4, 'rwissbey34', '2023-12-27 21:00:00', '2023-12-28 05:50:12'),
(114, 6, 15, 'amoynihan35', '2023-12-27 21:00:00', '2023-12-28 05:50:12'),
(115, 3, 18, 'kyashanov36', '2023-12-27 21:00:00', '2023-12-28 05:50:12'),
(116, 7, 8, 'cfryd37', '2023-12-27 21:00:00', '2023-12-28 05:50:12'),
(117, 14, 71, 'npegg38', '2023-12-27 21:00:00', '2023-12-28 05:50:12'),
(118, 14, 89, 'pslora39', '2023-12-27 21:00:00', '2023-12-28 05:50:12'),
(119, 6, 63, 'ylujan3a', '2023-12-27 21:00:00', '2023-12-28 05:50:12'),
(120, 8, 29, 'sdemonge3b', '2023-12-27 21:00:00', '2023-12-28 05:50:12'),
(121, 2, 59, 'ghaith3c', '2023-12-27 21:00:00', '2023-12-28 05:50:12'),
(122, 5, 33, 'jrheaume3d', '2023-12-27 21:00:00', '2023-12-28 05:50:12'),
(123, 10, 14, 'mozanne3e', '2023-12-27 21:00:00', '2023-12-28 05:50:12'),
(124, 14, 80, 'lmarsay3f', '2023-12-27 21:00:00', '2023-12-28 05:50:12'),
(125, 12, 99, 'vsteventon3g', '2023-12-27 21:00:00', '2023-12-28 05:50:12'),
(126, 4, 93, 'btrounson3h', '2023-12-27 21:00:00', '2023-12-28 05:50:12'),
(127, 7, 87, 'wstanbury3i', '2023-12-27 21:00:00', '2023-12-28 05:50:12'),
(128, 6, 7, 'rbillyeald3j', '2023-12-27 21:00:00', '2023-12-28 05:50:12'),
(129, 11, 37, 'bportress3k', '2023-12-27 21:00:00', '2023-12-28 05:50:12'),
(130, 4, 72, 'sbernardoni3l', '2023-12-27 21:00:00', '2023-12-28 05:50:12'),
(131, 12, 45, 'aduncklee3m', '2023-12-27 21:00:00', '2023-12-28 05:50:12'),
(132, 1, 75, 'lascough3n', '2023-12-27 21:00:00', '2023-12-28 05:50:12'),
(133, 3, 8, 'dmallord3o', '2023-12-27 21:00:00', '2023-12-28 05:50:12'),
(134, 9, 81, 'mcarah3p', '2023-12-27 21:00:00', '2023-12-28 05:50:12'),
(135, 7, 62, 'hcharpling3q', '2023-12-27 21:00:00', '2023-12-28 05:50:12'),
(136, 13, 65, 'drodrigo3r', '2023-12-27 21:00:00', '2023-12-28 05:50:12'),
(137, 9, 66, 'wbraisted3s', '2023-12-27 21:00:00', '2023-12-28 05:50:12'),
(138, 12, 9, 'ekulis3t', '2023-12-27 21:00:00', '2023-12-28 05:50:12'),
(139, 11, 64, 'qsyddie3u', '2023-12-27 21:00:00', '2023-12-28 05:50:12'),
(140, 1, 42, 'olowndesbrough3v', '2023-12-27 21:00:00', '2023-12-28 05:50:12'),
(141, 7, 54, 'ogiron3w', '2023-12-27 21:00:00', '2023-12-28 05:50:12'),
(142, 11, 63, 'cstanyon3x', '2023-12-27 21:00:00', '2023-12-28 05:50:12'),
(143, 8, 91, 'meastop3y', '2023-12-27 21:00:00', '2023-12-28 05:50:12'),
(144, 6, 44, 'ccarmichael3z', '2023-12-27 21:00:00', '2023-12-28 05:50:12'),
(145, 5, 62, 'rcarlesso40', '2023-12-27 21:00:00', '2023-12-28 05:50:12'),
(146, 6, 88, 'kjoinson41', '2023-12-27 21:00:00', '2023-12-28 05:50:12'),
(147, 3, 24, 'divanovic42', '2023-12-27 21:00:00', '2023-12-28 05:50:12'),
(148, 2, 45, 'mbarnicott43', '2023-12-27 21:00:00', '2023-12-28 05:50:12'),
(149, 7, 100, 'fsteedman44', '2023-12-27 21:00:00', '2023-12-28 05:50:12'),
(150, 6, 4, 'ebattell45', '2023-12-27 21:00:00', '2023-12-28 05:50:12'),
(151, 15, 46, 'nmardy46', '2023-12-27 21:00:00', '2023-12-28 05:50:12'),
(152, 11, 7, 'jbrickell47', '2023-12-27 21:00:00', '2023-12-28 05:50:12'),
(153, 11, 25, 'dtrounson48', '2023-12-27 21:00:00', '2023-12-28 05:50:12'),
(154, 14, 22, 'raxel49', '2023-12-27 21:00:00', '2023-12-28 05:50:12'),
(155, 7, 83, 'sadderson4a', '2023-12-27 21:00:00', '2023-12-28 05:50:12'),
(156, 13, 75, 'tpetry4b', '2023-12-27 21:00:00', '2023-12-28 05:50:12'),
(157, 13, 33, 'cgoldsberry4c', '2023-12-27 21:00:00', '2023-12-28 05:50:12'),
(158, 2, 51, 'bdiemer4d', '2023-12-27 21:00:00', '2023-12-28 05:50:12'),
(159, 14, 40, 'ewipfler4e', '2023-12-27 21:00:00', '2023-12-28 05:50:12'),
(160, 13, 46, 'gmcglynn4f', '2023-12-27 21:00:00', '2023-12-28 05:50:12'),
(161, 15, 42, 'hmungin4g', '2023-12-27 21:00:00', '2023-12-28 05:50:12'),
(162, 6, 37, 'njansa4h', '2023-12-27 21:00:00', '2023-12-28 05:50:12'),
(163, 11, 3, 'mboteman4i', '2023-12-27 21:00:00', '2023-12-28 05:50:12'),
(164, 7, 47, 'rconnolly4j', '2023-12-27 21:00:00', '2023-12-28 05:50:12'),
(165, 10, 28, 'clatter4k', '2023-12-27 21:00:00', '2023-12-28 05:50:12'),
(166, 2, 49, 'lwild4l', '2023-12-27 21:00:00', '2023-12-28 05:50:12'),
(167, 3, 63, 'asporle4m', '2023-12-27 21:00:00', '2023-12-28 05:50:12'),
(168, 10, 5, 'phaggerstone4n', '2023-12-27 21:00:00', '2023-12-28 05:50:12'),
(169, 14, 48, 'fmatthieson4o', '2023-12-27 21:00:00', '2023-12-28 05:50:12'),
(170, 8, 92, 'ekeune4p', '2023-12-27 21:00:00', '2023-12-28 05:50:12'),
(171, 6, 56, 'atomaino4q', '2023-12-27 21:00:00', '2023-12-28 05:50:13'),
(172, 5, 23, 'hbartlomieczak4r', '2023-12-27 21:00:00', '2023-12-28 05:50:13'),
(173, 7, 5, 'vheddan4s', '2023-12-27 21:00:00', '2023-12-28 05:50:13'),
(174, 9, 9, 'mserjeantson4t', '2023-12-27 21:00:00', '2023-12-28 05:50:13'),
(175, 7, 65, 'cmenego4u', '2023-12-27 21:00:00', '2023-12-28 05:50:13'),
(176, 14, 76, 'bmcquorkel4v', '2023-12-27 21:00:00', '2023-12-28 05:50:13'),
(177, 4, 24, 'kbeacock4w', '2023-12-27 21:00:00', '2023-12-28 05:50:13'),
(178, 1, 41, 'wclara4x', '2023-12-27 21:00:00', '2023-12-28 05:50:13'),
(179, 5, 50, 'frankling4y', '2023-12-27 21:00:00', '2023-12-28 05:50:13'),
(180, 6, 11, 'stallquist4z', '2023-12-27 21:00:00', '2023-12-28 05:50:13'),
(181, 1, 34, 'dviveash50', '2023-12-27 21:00:00', '2023-12-28 05:50:13'),
(182, 10, 98, 'amcaleese51', '2023-12-27 21:00:00', '2023-12-28 05:50:13'),
(183, 14, 65, 'mmcmychem52', '2023-12-27 21:00:00', '2023-12-28 05:50:13'),
(184, 4, 100, 'hrudiger53', '2023-12-27 21:00:00', '2023-12-28 05:50:13'),
(185, 15, 78, 'krichmont54', '2023-12-27 21:00:00', '2023-12-28 05:50:13'),
(186, 1, 13, 'sorrey55', '2023-12-27 21:00:00', '2023-12-28 05:50:13'),
(187, 7, 49, 'aleggat56', '2023-12-27 21:00:00', '2023-12-28 05:50:13'),
(188, 8, 15, 'hpuddin57', '2023-12-27 21:00:00', '2023-12-28 05:50:13'),
(189, 12, 23, 'hulyet58', '2023-12-27 21:00:00', '2023-12-28 05:50:13'),
(190, 12, 76, 'tdelph59', '2023-12-27 21:00:00', '2023-12-28 05:50:13'),
(191, 14, 35, 'sodunneen5a', '2023-12-27 21:00:00', '2023-12-28 05:50:13'),
(192, 6, 16, 'cjerisch5b', '2023-12-27 21:00:00', '2023-12-28 05:50:13'),
(193, 12, 60, 'gdiggell5c', '2023-12-27 21:00:00', '2023-12-28 05:50:13'),
(194, 1, 82, 'dsmooth5d', '2023-12-27 21:00:00', '2023-12-28 05:50:13'),
(195, 14, 95, 'jlewins5e', '2023-12-27 21:00:00', '2023-12-28 05:50:13'),
(196, 15, 20, 'fstoop5f', '2023-12-27 21:00:00', '2023-12-28 05:50:13'),
(197, 8, 45, 'bjoberne5g', '2023-12-27 21:00:00', '2023-12-28 05:50:13'),
(198, 6, 70, 'bshere5h', '2023-12-27 21:00:00', '2023-12-28 05:50:13'),
(199, 3, 70, 'cmiskimmon5i', '2023-12-27 21:00:00', '2023-12-28 05:50:13'),
(200, 2, 38, 'acorbitt5j', '2023-12-27 21:00:00', '2023-12-28 05:50:13'),
(201, 15, 71, 'edundredge5k', '2023-12-27 21:00:00', '2023-12-28 05:50:13'),
(202, 10, 30, 'lledwith5l', '2023-12-27 21:00:00', '2023-12-28 05:50:13'),
(203, 13, 81, 'plightollers5m', '2023-12-27 21:00:00', '2023-12-28 05:50:13'),
(204, 8, 59, 'crex5n', '2023-12-27 21:00:00', '2023-12-28 05:50:13'),
(205, 13, 43, 'lwhitehorn5o', '2023-12-27 21:00:00', '2023-12-28 05:50:13'),
(206, 10, 79, 'rcromly5p', '2023-12-27 21:00:00', '2023-12-28 05:50:13'),
(207, 4, 30, 'fserck5q', '2023-12-27 21:00:00', '2023-12-28 05:50:13'),
(208, 2, 47, 'acreffield5r', '2023-12-27 21:00:00', '2023-12-28 05:50:13'),
(209, 8, 88, 'jwilstead5s', '2023-12-27 21:00:00', '2023-12-28 05:50:13'),
(210, 4, 84, 'jsmitherham5t', '2023-12-27 21:00:00', '2023-12-28 05:50:13'),
(211, 5, 92, 'apattingson5u', '2023-12-27 21:00:00', '2023-12-28 05:50:13'),
(212, 1, 14, 'ebambery5v', '2023-12-27 21:00:00', '2023-12-28 05:50:13'),
(213, 5, 21, 'dandrolli5w', '2023-12-27 21:00:00', '2023-12-28 05:50:13'),
(214, 8, 26, 'fgraham5x', '2023-12-27 21:00:00', '2023-12-28 05:50:13'),
(215, 10, 77, 'rabrahamovitz5y', '2023-12-27 21:00:00', '2023-12-28 05:50:13'),
(216, 1, 98, 'rsmithyman5z', '2023-12-27 21:00:00', '2023-12-28 05:50:13'),
(218, 15, 88, 'kmcfadden61', '2023-12-27 21:00:00', '2023-12-28 05:50:13'),
(219, 2, 25, 'xkilian62', '2023-12-27 21:00:00', '2023-12-28 05:50:13'),
(220, 8, 16, 'bramlot63', '2023-12-27 21:00:00', '2023-12-28 05:50:13'),
(221, 14, 1, 'smccoughan64', '2023-12-27 21:00:00', '2023-12-28 05:50:13'),
(222, 11, 8, 'kgiorio65', '2023-12-27 21:00:00', '2023-12-28 05:50:13'),
(223, 7, 96, 'hleguey66', '2023-12-27 21:00:00', '2023-12-28 05:50:13'),
(224, 3, 32, 'rfullilove67', '2023-12-27 21:00:00', '2023-12-28 05:50:13'),
(225, 6, 51, 'bkenwell68', '2023-12-27 21:00:00', '2023-12-28 05:50:13'),
(226, 6, 9, 'pmeasor69', '2023-12-27 21:00:00', '2023-12-28 05:50:13'),
(227, 2, 84, 'tgoman6a', '2023-12-27 21:00:00', '2023-12-28 05:50:13'),
(228, 8, 7, 'ftinsey6b', '2023-12-27 21:00:00', '2023-12-28 05:50:13'),
(229, 13, 35, 'dpaoloni6c', '2023-12-27 21:00:00', '2023-12-28 05:50:13'),
(230, 10, 61, 'fchelam6d', '2023-12-27 21:00:00', '2023-12-28 05:50:13'),
(231, 10, 75, 'larnaudi6e', '2023-12-27 21:00:00', '2023-12-28 05:50:13'),
(232, 2, 73, 'cskeat6f', '2023-12-27 21:00:00', '2023-12-28 05:50:13'),
(233, 15, 13, 'dkanzler6g', '2023-12-27 21:00:00', '2023-12-28 05:50:13'),
(234, 7, 35, 'kpaliser6h', '2023-12-27 21:00:00', '2023-12-28 05:50:13'),
(235, 13, 51, 'josborn6i', '2023-12-27 21:00:00', '2023-12-28 05:50:13'),
(236, 6, 75, 'ncarden6j', '2023-12-27 21:00:00', '2023-12-28 05:50:13'),
(237, 12, 12, 'mtuson6k', '2023-12-27 21:00:00', '2023-12-28 05:50:13'),
(238, 3, 94, 'ztibbs6l', '2023-12-27 21:00:00', '2023-12-28 05:50:13'),
(239, 12, 58, 'mfulton6m', '2023-12-27 21:00:00', '2023-12-28 05:50:13'),
(240, 15, 5, 'lcoan6n', '2023-12-27 21:00:00', '2023-12-28 05:50:13'),
(241, 5, 48, 'rbeesley6o', '2023-12-27 21:00:00', '2023-12-28 05:50:13'),
(242, 6, 39, 'dlodwig6p', '2023-12-27 21:00:00', '2023-12-28 05:50:13'),
(243, 13, 87, 'jtertre6q', '2023-12-27 21:00:00', '2023-12-28 05:50:13'),
(244, 5, 58, 'kmaryon6r', '2023-12-27 21:00:00', '2023-12-28 05:50:13'),
(245, 4, 29, 'gcuseick6s', '2023-12-27 21:00:00', '2023-12-28 05:50:13'),
(246, 13, 33, 'epennazzi6t', '2023-12-27 21:00:00', '2023-12-28 05:50:13'),
(247, 10, 92, 'avenners6u', '2023-12-27 21:00:00', '2023-12-28 05:50:13'),
(248, 2, 44, 'cpruce6v', '2023-12-27 21:00:00', '2023-12-28 05:50:13'),
(249, 10, 78, 'emcmurty6w', '2023-12-27 21:00:00', '2023-12-28 05:50:13'),
(250, 13, 68, 'cdeadman6x', '2023-12-27 21:00:00', '2023-12-28 05:50:13'),
(251, 15, 35, 'mfalkous6y', '2023-12-27 21:00:00', '2023-12-28 05:50:13'),
(252, 13, 84, 'achaloner6z', '2023-12-27 21:00:00', '2023-12-28 05:50:13'),
(253, 5, 8, 'hrumble70', '2023-12-27 21:00:00', '2023-12-28 05:50:13'),
(254, 5, 94, 'nwild71', '2023-12-27 21:00:00', '2023-12-28 05:50:13'),
(255, 15, 60, 'lmerton72', '2023-12-27 21:00:00', '2023-12-28 05:50:13'),
(256, 11, 49, 'sconyard73', '2023-12-27 21:00:00', '2023-12-28 05:50:13'),
(257, 13, 26, 'kpersey74', '2023-12-27 21:00:00', '2023-12-28 05:50:13'),
(258, 2, 91, 'idealmeida75', '2023-12-27 21:00:00', '2023-12-28 05:50:13'),
(259, 9, 65, 'ldeville76', '2023-12-27 21:00:00', '2023-12-28 05:50:13'),
(260, 5, 89, 'esircomb77', '2023-12-27 21:00:00', '2023-12-28 05:50:14'),
(261, 11, 67, 'rkidner78', '2023-12-27 21:00:00', '2023-12-28 05:50:14'),
(262, 6, 56, 'cfeasley79', '2023-12-27 21:00:00', '2023-12-28 05:50:14'),
(263, 7, 71, 'dbolwell7a', '2023-12-27 21:00:00', '2023-12-28 05:50:14'),
(264, 9, 95, 'eholby7b', '2023-12-27 21:00:00', '2023-12-28 05:50:14'),
(265, 5, 80, 'fdenormanville7c', '2023-12-27 21:00:00', '2023-12-28 05:50:14'),
(266, 11, 16, 'lelan7d', '2023-12-27 21:00:00', '2023-12-28 05:50:14'),
(267, 14, 25, 'csillitoe7e', '2023-12-27 21:00:00', '2023-12-28 05:50:14'),
(268, 6, 94, 'cmcduff7f', '2023-12-27 21:00:00', '2023-12-28 05:50:14'),
(269, 9, 90, 'vmacdunleavy7g', '2023-12-27 21:00:00', '2023-12-28 05:50:14'),
(270, 9, 14, 'ctoten7h', '2023-12-27 21:00:00', '2023-12-28 05:50:14'),
(271, 2, 79, 'jshingler7i', '2023-12-27 21:00:00', '2023-12-28 05:50:14'),
(272, 12, 32, 'geloi7j', '2023-12-27 21:00:00', '2023-12-28 05:50:14'),
(273, 4, 31, 'eroughsedge7k', '2023-12-27 21:00:00', '2023-12-28 05:50:14'),
(274, 6, 56, 'cbachmann7l', '2023-12-27 21:00:00', '2023-12-28 05:50:14'),
(275, 13, 14, 'dwoolpert7m', '2023-12-27 21:00:00', '2023-12-28 05:50:14'),
(276, 1, 66, 'stoffetto7n', '2023-12-27 21:00:00', '2023-12-28 05:50:14'),
(277, 12, 78, 'rwannop7o', '2023-12-27 21:00:00', '2023-12-28 05:50:14'),
(278, 10, 26, 'rodgers7p', '2023-12-27 21:00:00', '2023-12-28 05:50:14'),
(279, 1, 13, 'dconrard7q', '2023-12-27 21:00:00', '2023-12-28 05:50:14'),
(280, 10, 52, 'zspurrier7r', '2023-12-27 21:00:00', '2023-12-28 05:50:14'),
(281, 3, 14, 'tfasse7s', '2023-12-27 21:00:00', '2023-12-28 05:50:14'),
(282, 6, 33, 'ogidden7t', '2023-12-27 21:00:00', '2023-12-28 05:50:14'),
(283, 11, 76, 'nspalton7u', '2023-12-27 21:00:00', '2023-12-28 05:50:14'),
(284, 6, 96, 'bwoehler7v', '2023-12-27 21:00:00', '2023-12-28 05:50:14'),
(285, 11, 79, 'ereay7w', '2023-12-27 21:00:00', '2023-12-28 05:50:14'),
(286, 5, 98, 'jmoon7x', '2023-12-27 21:00:00', '2023-12-28 05:50:14'),
(287, 1, 75, 'bofergus7y', '2023-12-27 21:00:00', '2023-12-28 05:50:14'),
(288, 6, 97, 'egrief7z', '2023-12-27 21:00:00', '2023-12-28 05:50:14'),
(289, 1, 79, 'ebetty80', '2023-12-27 21:00:00', '2023-12-28 05:50:14'),
(290, 8, 57, 'mtreffry81', '2023-12-27 21:00:00', '2023-12-28 05:50:14'),
(291, 12, 50, 'nsurgeoner82', '2023-12-27 21:00:00', '2023-12-28 05:50:14'),
(292, 4, 4, 'mbrewett83', '2023-12-27 21:00:00', '2023-12-28 05:50:14'),
(293, 4, 49, 'adorgan84', '2023-12-27 21:00:00', '2023-12-28 05:50:14'),
(294, 4, 95, 'hhefford85', '2023-12-27 21:00:00', '2023-12-28 05:50:14'),
(295, 5, 43, 'sderechter86', '2023-12-27 21:00:00', '2023-12-28 05:50:14'),
(296, 4, 96, 'ccorre87', '2023-12-27 21:00:00', '2023-12-28 05:50:14'),
(297, 13, 89, 'atibbotts88', '2023-12-27 21:00:00', '2023-12-28 05:50:14'),
(298, 14, 13, 'aschubbert89', '2023-12-27 21:00:00', '2023-12-28 05:50:14'),
(299, 11, 99, 'mloidl8a', '2023-12-27 21:00:00', '2023-12-28 05:50:14'),
(300, 4, 30, 'kboughtwood8b', '2023-12-27 21:00:00', '2023-12-28 05:50:14'),
(301, 14, 67, 'mpadillo8c', '2023-12-27 21:00:00', '2023-12-28 05:50:14'),
(302, 2, 95, 'cdebeneditti8d', '2023-12-27 21:00:00', '2023-12-28 05:50:14'),
(303, 6, 58, 'tsafont8e', '2023-12-27 21:00:00', '2023-12-28 05:50:14'),
(304, 15, 71, 'fwaterman8f', '2023-12-27 21:00:00', '2023-12-28 05:50:14'),
(305, 3, 15, 'tphythien8g', '2023-12-27 21:00:00', '2023-12-28 05:50:14'),
(306, 4, 22, 'bkynson8h', '2023-12-27 21:00:00', '2023-12-28 05:50:14'),
(307, 6, 87, 'msalzen8i', '2023-12-27 21:00:00', '2023-12-28 05:50:14'),
(308, 1, 49, 'wsconce8j', '2023-12-27 21:00:00', '2023-12-28 05:50:14'),
(309, 7, 58, 'nmcilwraith8k', '2023-12-27 21:00:00', '2023-12-28 05:50:14'),
(310, 9, 61, 'eeastbrook8l', '2023-12-27 21:00:00', '2023-12-28 05:50:14'),
(311, 13, 42, 'ljertz8m', '2023-12-27 21:00:00', '2023-12-28 05:50:14'),
(312, 4, 88, 'acosgrave8n', '2023-12-27 21:00:00', '2023-12-28 05:50:14'),
(313, 12, 89, 'acostall8o', '2023-12-27 21:00:00', '2023-12-28 05:50:14'),
(314, 4, 85, 'skenen8p', '2023-12-27 21:00:00', '2023-12-28 05:50:14'),
(315, 2, 83, 'bbenedikt8q', '2023-12-27 21:00:00', '2023-12-28 05:50:14'),
(316, 14, 46, 'mbondy8r', '2023-12-27 21:00:00', '2023-12-28 05:50:14'),
(318, 1, 52, 'blathbury8t', '2023-12-27 21:00:00', '2023-12-28 05:50:14'),
(319, 14, 43, 'mlalevee8u', '2023-12-27 21:00:00', '2023-12-28 05:50:14'),
(320, 14, 84, 'alawleff8v', '2023-12-27 21:00:00', '2023-12-28 05:50:14'),
(321, 14, 92, 'ldillinger8w', '2023-12-27 21:00:00', '2023-12-28 05:50:14'),
(322, 9, 3, 'mpiola8x', '2023-12-27 21:00:00', '2023-12-28 05:50:14'),
(323, 4, 90, 'ggwatkins8y', '2023-12-27 21:00:00', '2023-12-28 05:50:14'),
(324, 12, 56, 'zburgwin8z', '2023-12-27 21:00:00', '2023-12-28 05:50:14'),
(325, 15, 86, 'smeggison90', '2023-12-27 21:00:00', '2023-12-28 05:50:14'),
(326, 3, 43, 'zaustin91', '2023-12-27 21:00:00', '2023-12-28 05:50:14'),
(327, 9, 76, 'cdeerr92', '2023-12-27 21:00:00', '2023-12-28 05:50:14'),
(328, 13, 60, 'cdossetter93', '2023-12-27 21:00:00', '2023-12-28 05:50:14'),
(329, 11, 92, 'nheisman94', '2023-12-27 21:00:00', '2023-12-28 05:50:14'),
(330, 8, 27, 'jgardener95', '2023-12-27 21:00:00', '2023-12-28 05:50:14'),
(331, 11, 6, 'rgrigaut96', '2023-12-27 21:00:00', '2023-12-28 05:50:14'),
(332, 14, 79, 'jstarmore97', '2023-12-27 21:00:00', '2023-12-28 05:50:14'),
(333, 4, 68, 'cmolloy98', '2023-12-27 21:00:00', '2023-12-28 05:50:14'),
(334, 15, 70, 'mcrossley99', '2023-12-27 21:00:00', '2023-12-28 05:50:14'),
(335, 11, 85, 'silyas9a', '2023-12-27 21:00:00', '2023-12-28 05:50:14'),
(336, 4, 39, 'enuccii9b', '2023-12-27 21:00:00', '2023-12-28 05:50:14'),
(337, 1, 40, 'renrietto9c', '2023-12-27 21:00:00', '2023-12-28 05:50:14'),
(338, 4, 53, 'ngrishenkov9d', '2023-12-27 21:00:00', '2023-12-28 05:50:14'),
(339, 3, 78, 'aoshea9e', '2023-12-27 21:00:00', '2023-12-28 05:50:14'),
(340, 3, 29, 'odibdale9f', '2023-12-27 21:00:00', '2023-12-28 05:50:14'),
(341, 9, 45, 'lmieville9g', '2023-12-27 21:00:00', '2023-12-28 05:50:14'),
(342, 4, 9, 'dkilius9h', '2023-12-27 21:00:00', '2023-12-28 05:50:14'),
(343, 10, 36, 'uunitt9i', '2023-12-27 21:00:00', '2023-12-28 05:50:14'),
(344, 9, 60, 'kcoghill9j', '2023-12-27 21:00:00', '2023-12-28 05:50:14'),
(345, 14, 99, 'fscini9k', '2023-12-27 21:00:00', '2023-12-28 05:50:15'),
(346, 1, 77, 'amcmeeking9l', '2023-12-27 21:00:00', '2023-12-28 05:50:15'),
(347, 6, 71, 'bsharman9m', '2023-12-27 21:00:00', '2023-12-28 05:50:15'),
(348, 10, 58, 'wgurney9n', '2023-12-27 21:00:00', '2023-12-28 05:50:15'),
(349, 5, 88, 'dtunnicliff9o', '2023-12-27 21:00:00', '2023-12-28 05:50:15'),
(350, 1, 78, 'xcocher9p', '2023-12-27 21:00:00', '2023-12-28 05:50:15'),
(351, 14, 75, 'erewan9q', '2023-12-27 21:00:00', '2023-12-28 05:50:15'),
(352, 10, 27, 'bsvanini9r', '2023-12-27 21:00:00', '2023-12-28 05:50:15'),
(353, 15, 43, 'casaaf9s', '2023-12-27 21:00:00', '2023-12-28 05:50:15'),
(354, 12, 52, 'sjurn9t', '2023-12-27 21:00:00', '2023-12-28 05:50:15'),
(355, 14, 3, 'lbrainsby9u', '2023-12-27 21:00:00', '2023-12-28 05:50:15'),
(356, 1, 25, 'dmaso9v', '2023-12-27 21:00:00', '2023-12-28 05:50:15'),
(357, 14, 73, 'cwerner9w', '2023-12-27 21:00:00', '2023-12-28 05:50:15'),
(358, 7, 67, 'kduprey9x', '2023-12-27 21:00:00', '2023-12-28 05:50:15'),
(359, 4, 52, 'rmackrill9y', '2023-12-27 21:00:00', '2023-12-28 05:50:15'),
(360, 15, 4, 'lgarstan9z', '2023-12-27 21:00:00', '2023-12-28 05:50:15'),
(361, 2, 14, 'glockhursta0', '2023-12-27 21:00:00', '2023-12-28 05:50:15'),
(362, 12, 2, 'csarfattia1', '2023-12-27 21:00:00', '2023-12-28 05:50:15'),
(363, 5, 75, 'myannea2', '2023-12-27 21:00:00', '2023-12-28 05:50:15'),
(364, 15, 19, 'lhoulridgea3', '2023-12-27 21:00:00', '2023-12-28 05:50:15'),
(365, 2, 65, 'haaronsohna4', '2023-12-27 21:00:00', '2023-12-28 05:50:15'),
(366, 4, 59, 'ctelfera5', '2023-12-27 21:00:00', '2023-12-28 05:50:15'),
(367, 11, 23, 'tleaveya6', '2023-12-27 21:00:00', '2023-12-28 05:50:15'),
(368, 15, 95, 'tpattemorea7', '2023-12-27 21:00:00', '2023-12-28 05:50:15'),
(369, 4, 91, 'aaleixoa8', '2023-12-27 21:00:00', '2023-12-28 05:50:15'),
(370, 4, 95, 'ffoshera9', '2023-12-27 21:00:00', '2023-12-28 05:50:15'),
(371, 12, 48, 'dgeillaa', '2023-12-27 21:00:00', '2023-12-28 05:50:15'),
(372, 8, 92, 'redmondsonab', '2023-12-27 21:00:00', '2023-12-28 05:50:15'),
(373, 15, 64, 'smullearyac', '2023-12-27 21:00:00', '2023-12-28 05:50:15'),
(374, 14, 31, 'wkauscherad', '2023-12-27 21:00:00', '2023-12-28 05:50:15'),
(375, 12, 7, 'lpostonae', '2023-12-27 21:00:00', '2023-12-28 05:50:15'),
(376, 3, 36, 'rkendellaf', '2023-12-27 21:00:00', '2023-12-28 05:50:15'),
(377, 4, 96, 'mgelsthorpeag', '2023-12-27 21:00:00', '2023-12-28 05:50:15'),
(378, 9, 14, 'ralveyah', '2023-12-27 21:00:00', '2023-12-28 05:50:15'),
(379, 13, 99, 'dhanselmannai', '2023-12-27 21:00:00', '2023-12-28 05:50:15'),
(380, 4, 25, 'mgosbyaj', '2023-12-27 21:00:00', '2023-12-28 05:50:15'),
(381, 15, 51, 'mscaneak', '2023-12-27 21:00:00', '2023-12-28 05:50:15'),
(382, 3, 7, 'fdawltreyal', '2023-12-27 21:00:00', '2023-12-28 05:50:15'),
(383, 9, 24, 'lbowskillam', '2023-12-27 21:00:00', '2023-12-28 05:50:15'),
(384, 3, 48, 'pgrunnillan', '2023-12-27 21:00:00', '2023-12-28 05:50:15'),
(385, 14, 29, 'apitthamao', '2023-12-27 21:00:00', '2023-12-28 05:50:15'),
(386, 10, 38, 'hbrianceap', '2023-12-27 21:00:00', '2023-12-28 05:50:15'),
(387, 1, 100, 'wparmanaq', '2023-12-27 21:00:00', '2023-12-28 05:50:15'),
(388, 6, 89, 'gcordeyar', '2023-12-27 21:00:00', '2023-12-28 05:50:15'),
(389, 15, 72, 'darondelas', '2023-12-27 21:00:00', '2023-12-28 05:50:15'),
(391, 4, 31, 'lfinanau', '2023-12-27 21:00:00', '2023-12-28 05:50:15'),
(392, 14, 91, 'hdoersav', '2023-12-27 21:00:00', '2023-12-28 05:50:15'),
(393, 6, 37, 'dgrunwaldaw', '2023-12-27 21:00:00', '2023-12-28 05:50:15'),
(394, 15, 93, 'bblaxterax', '2023-12-27 21:00:00', '2023-12-28 05:50:15'),
(395, 4, 31, 'lbawdenay', '2023-12-27 21:00:00', '2023-12-28 05:50:15'),
(396, 5, 12, 'tatkynsaz', '2023-12-27 21:00:00', '2023-12-28 05:50:15'),
(397, 8, 65, 'wcongraveb0', '2023-12-27 21:00:00', '2023-12-28 05:50:15'),
(398, 1, 20, 'mdimblebyb1', '2023-12-27 21:00:00', '2023-12-28 05:50:15'),
(399, 1, 87, 'vludmannb2', '2023-12-27 21:00:00', '2023-12-28 05:50:15'),
(400, 7, 9, 'gezeleb3', '2023-12-27 21:00:00', '2023-12-28 05:50:15'),
(401, 15, 55, 'mleadbeaterb4', '2023-12-27 21:00:00', '2023-12-28 05:50:15'),
(402, 15, 71, 'mmoyseb5', '2023-12-27 21:00:00', '2023-12-28 05:50:15'),
(403, 3, 52, 'ctittb6', '2023-12-27 21:00:00', '2023-12-28 05:50:15'),
(404, 2, 48, 'rwoodnuttb7', '2023-12-27 21:00:00', '2023-12-28 05:50:15'),
(405, 2, 80, 'jdunderdaleb8', '2023-12-27 21:00:00', '2023-12-28 05:50:15'),
(406, 14, 18, 'cbracknellb9', '2023-12-27 21:00:00', '2023-12-28 05:50:15'),
(407, 14, 52, 'bsmallboneba', '2023-12-27 21:00:00', '2023-12-28 05:50:15'),
(408, 12, 74, 'agoodliffbb', '2023-12-27 21:00:00', '2023-12-28 05:50:15'),
(409, 6, 31, 'dendacottbc', '2023-12-27 21:00:00', '2023-12-28 05:50:15'),
(410, 4, 100, 'atomsbd', '2023-12-27 21:00:00', '2023-12-28 05:50:15'),
(411, 7, 6, 'iloachbe', '2023-12-27 21:00:00', '2023-12-28 05:50:15'),
(412, 12, 58, 'ehartridgebf', '2023-12-27 21:00:00', '2023-12-28 05:50:15'),
(413, 4, 20, 'bsaiensbg', '2023-12-27 21:00:00', '2023-12-28 05:50:15'),
(414, 9, 75, 'abillingslybh', '2023-12-27 21:00:00', '2023-12-28 05:50:15'),
(415, 2, 23, 'abertiebi', '2023-12-27 21:00:00', '2023-12-28 05:50:15'),
(416, 4, 1, 'tnottibj', '2023-12-27 21:00:00', '2023-12-28 05:50:15'),
(417, 11, 78, 'egowdybk', '2023-12-27 21:00:00', '2023-12-28 05:50:15'),
(418, 8, 58, 'mbruninibl', '2023-12-27 21:00:00', '2023-12-28 05:50:15'),
(419, 3, 18, 'scorhardbm', '2023-12-27 21:00:00', '2023-12-28 05:50:15'),
(420, 7, 11, 'checkbn', '2023-12-27 21:00:00', '2023-12-28 05:50:15'),
(421, 2, 3, 'wolomanbo', '2023-12-27 21:00:00', '2023-12-28 05:50:15'),
(422, 7, 47, 'efedorskibp', '2023-12-27 21:00:00', '2023-12-28 05:50:15'),
(423, 11, 45, 'mwinchcombebq', '2023-12-27 21:00:00', '2023-12-28 05:50:15'),
(424, 7, 39, 'cmcallanbr', '2023-12-27 21:00:00', '2023-12-28 05:50:15'),
(425, 15, 41, 'ctymbs', '2023-12-27 21:00:00', '2023-12-28 05:50:15'),
(426, 13, 86, 'ecorkbt', '2023-12-27 21:00:00', '2023-12-28 05:50:15'),
(427, 5, 11, 'dcornelisbu', '2023-12-27 21:00:00', '2023-12-28 05:50:15'),
(428, 7, 75, 'gvannonibv', '2023-12-27 21:00:00', '2023-12-28 05:50:15'),
(429, 8, 54, 'tkullerbw', '2023-12-27 21:00:00', '2023-12-28 05:50:15'),
(430, 2, 44, 'fboshierbx', '2023-12-27 21:00:00', '2023-12-28 05:50:15'),
(431, 12, 79, 'clidgelyby', '2023-12-27 21:00:00', '2023-12-28 05:50:15'),
(432, 13, 25, 'tashleybz', '2023-12-27 21:00:00', '2023-12-28 05:50:15'),
(433, 5, 31, 'pskentelberyc0', '2023-12-27 21:00:00', '2023-12-28 05:50:15'),
(434, 1, 40, 'jsommervillec1', '2023-12-27 21:00:00', '2023-12-28 05:50:16'),
(435, 12, 60, 'tdenisovoc2', '2023-12-27 21:00:00', '2023-12-28 05:50:16'),
(436, 10, 43, 'csebastianc3', '2023-12-27 21:00:00', '2023-12-28 05:50:16'),
(437, 8, 96, 'zbendanc4', '2023-12-27 21:00:00', '2023-12-28 05:50:16'),
(438, 2, 84, 'saggottc5', '2023-12-27 21:00:00', '2023-12-28 05:50:16'),
(439, 12, 89, 'cmccallisterc6', '2023-12-27 21:00:00', '2023-12-28 05:50:16'),
(440, 3, 53, 'ifeatonbyc7', '2023-12-27 21:00:00', '2023-12-28 05:50:16'),
(441, 15, 79, 'fburrettc8', '2023-12-27 21:00:00', '2023-12-28 05:50:16'),
(442, 4, 27, 'kcarnduffc9', '2023-12-27 21:00:00', '2023-12-28 05:50:16'),
(443, 4, 99, 'nablettca', '2023-12-27 21:00:00', '2023-12-28 05:50:16'),
(444, 7, 16, 'mwillischcb', '2023-12-27 21:00:00', '2023-12-28 05:50:16'),
(445, 14, 32, 'fscullioncc', '2023-12-27 21:00:00', '2023-12-28 05:50:16'),
(446, 1, 90, 'aeastwaycd', '2023-12-27 21:00:00', '2023-12-28 05:50:16'),
(447, 14, 27, 'alindborgce', '2023-12-27 21:00:00', '2023-12-28 05:50:16'),
(448, 14, 90, 'tjohananoffcf', '2023-12-27 21:00:00', '2023-12-28 05:50:16'),
(449, 1, 8, 'ematussowcg', '2023-12-27 21:00:00', '2023-12-28 05:50:16'),
(450, 8, 35, 'itreversch', '2023-12-27 21:00:00', '2023-12-28 05:50:16'),
(451, 13, 82, 'acalteraci', '2023-12-27 21:00:00', '2023-12-28 05:50:16'),
(452, 14, 45, 'bgamlincj', '2023-12-27 21:00:00', '2023-12-28 05:50:16'),
(453, 4, 24, 'kbunnerck', '2023-12-27 21:00:00', '2023-12-28 05:50:16'),
(454, 8, 98, 'sgreastycl', '2023-12-27 21:00:00', '2023-12-28 05:50:16'),
(455, 8, 32, 'mvasquezcm', '2023-12-27 21:00:00', '2023-12-28 05:50:16'),
(456, 4, 98, 'jadamolicn', '2023-12-27 21:00:00', '2023-12-28 05:50:16'),
(457, 15, 28, 'dgalbreathco', '2023-12-27 21:00:00', '2023-12-28 05:50:16'),
(458, 11, 9, 'snusscp', '2023-12-27 21:00:00', '2023-12-28 05:50:16'),
(459, 6, 63, 'ecavilcq', '2023-12-27 21:00:00', '2023-12-28 05:50:16'),
(460, 11, 87, 'ljenkencr', '2023-12-27 21:00:00', '2023-12-28 05:50:16'),
(461, 6, 42, 'redridgecs', '2023-12-27 21:00:00', '2023-12-28 05:50:16'),
(462, 5, 58, 'wwalshct', '2023-12-27 21:00:00', '2023-12-28 05:50:16'),
(463, 7, 46, 'lpigeoncu', '2023-12-27 21:00:00', '2023-12-28 05:50:16'),
(464, 6, 68, 'kbarensencv', '2023-12-27 21:00:00', '2023-12-28 05:50:16'),
(466, 2, 6, 'pjoburncx', '2023-12-27 21:00:00', '2023-12-28 05:50:16'),
(467, 8, 47, 'tklosgescy', '2023-12-27 21:00:00', '2023-12-28 05:50:16'),
(468, 9, 86, 'cburnepcz', '2023-12-27 21:00:00', '2023-12-28 05:50:16'),
(469, 1, 10, 'lfilipicd0', '2023-12-27 21:00:00', '2023-12-28 05:50:16'),
(470, 9, 77, 'vblindd1', '2023-12-27 21:00:00', '2023-12-28 05:50:16'),
(471, 7, 24, 'jjedrzejczakd2', '2023-12-27 21:00:00', '2023-12-28 05:50:16'),
(472, 5, 39, 'mmugglestoned3', '2023-12-27 21:00:00', '2023-12-28 05:50:16'),
(473, 2, 70, 'oclaussond4', '2023-12-27 21:00:00', '2023-12-28 05:50:16'),
(474, 9, 46, 'hpostlesd5', '2023-12-27 21:00:00', '2023-12-28 05:50:16'),
(475, 3, 63, 'dgethinsd6', '2023-12-27 21:00:00', '2023-12-28 05:50:16'),
(476, 10, 9, 'gcogzelld7', '2023-12-27 21:00:00', '2023-12-28 05:50:16'),
(477, 1, 10, 'frenackownad8', '2023-12-27 21:00:00', '2023-12-28 05:50:16'),
(478, 10, 96, 'akernard9', '2023-12-27 21:00:00', '2023-12-28 05:50:16'),
(479, 8, 97, 'jmcmurdoda', '2023-12-27 21:00:00', '2023-12-28 05:50:16'),
(480, 8, 25, 'lbestwerthickdb', '2023-12-27 21:00:00', '2023-12-28 05:50:16'),
(481, 9, 36, 'dcaprondc', '2023-12-27 21:00:00', '2023-12-28 05:50:16'),
(482, 1, 46, 'iharnessdd', '2023-12-27 21:00:00', '2023-12-28 05:50:16'),
(483, 1, 28, 'jrozzellde', '2023-12-27 21:00:00', '2023-12-28 05:50:16'),
(484, 4, 62, 'epleassdf', '2023-12-27 21:00:00', '2023-12-28 05:50:16'),
(485, 7, 73, 'mblackmandg', '2023-12-27 21:00:00', '2023-12-28 05:50:16'),
(486, 8, 37, 'thaggarthdh', '2023-12-27 21:00:00', '2023-12-28 05:50:16'),
(487, 12, 44, 'hduchartdi', '2023-12-27 21:00:00', '2023-12-28 05:50:16'),
(488, 9, 13, 'mdensumbedj', '2023-12-27 21:00:00', '2023-12-28 05:50:16'),
(489, 4, 52, 'cpinilladk', '2023-12-27 21:00:00', '2023-12-28 05:50:16'),
(490, 7, 61, 'mlocksleydl', '2023-12-27 21:00:00', '2023-12-28 05:50:16'),
(491, 5, 37, 'bbutterleydm', '2023-12-27 21:00:00', '2023-12-28 05:50:16'),
(492, 11, 97, 'gpeasgooddn', '2023-12-27 21:00:00', '2023-12-28 05:50:16'),
(493, 15, 45, 'hbeasantdo', '2023-12-27 21:00:00', '2023-12-28 05:50:16'),
(494, 4, 95, 'cschonfelderdp', '2023-12-27 21:00:00', '2023-12-28 05:50:16'),
(495, 6, 94, 'berreydq', '2023-12-27 21:00:00', '2023-12-28 05:50:16'),
(496, 4, 22, 'mlinnemanndr', '2023-12-27 21:00:00', '2023-12-28 05:50:16'),
(497, 8, 14, 'groadds', '2023-12-27 21:00:00', '2023-12-28 05:50:16'),
(498, 6, 74, 'erothamdt', '2023-12-27 21:00:00', '2023-12-28 05:50:16'),
(499, 4, 91, 'fglanderdu', '2023-12-27 21:00:00', '2023-12-28 05:50:16'),
(500, 11, 89, 'aassenderdv', '2023-12-27 21:00:00', '2023-12-28 05:50:16');

-- --------------------------------------------------------

--
-- Структура таблицы `Favorites`
--

CREATE TABLE `Favorites` (
  `favorite_id` int(11) NOT NULL,
  `user_id` int(11) DEFAULT NULL,
  `image_id` int(11) DEFAULT NULL,
  `added_at` timestamp NULL DEFAULT CURRENT_TIMESTAMP
) ENGINE=InnoDB DEFAULT CHARSET=utf8mb4 COLLATE=utf8mb4_unicode_ci;

--
-- Дамп данных таблицы `Favorites`
--

INSERT INTO `Favorites` (`favorite_id`, `user_id`, `image_id`, `added_at`) VALUES
(1, 9, 56, '2023-12-28 05:52:04'),
(2, 3, 7, '2023-12-28 05:52:04'),
(3, 3, 64, '2023-12-28 05:52:04'),
(4, 7, 26, '2023-12-28 05:52:04'),
(5, 5, 75, '2023-12-28 05:52:04'),
(6, 14, 83, '2023-12-28 05:52:04'),
(7, 14, 58, '2023-12-28 05:52:04'),
(8, 8, 26, '2023-12-28 05:52:04'),
(9, 14, 26, '2023-12-28 05:52:04'),
(10, 5, 78, '2023-12-28 05:52:04'),
(11, 13, 89, '2023-12-28 05:52:04'),
(12, 8, 20, '2023-12-28 05:52:04'),
(13, 2, 24, '2023-12-28 05:52:04'),
(14, 3, 45, '2023-12-28 05:52:04'),
(15, 12, 18, '2023-12-28 05:52:04'),
(16, 6, 78, '2023-12-28 05:52:04'),
(17, 6, 11, '2023-12-28 05:52:04'),
(18, 13, 70, '2023-12-28 05:52:04'),
(19, 9, 51, '2023-12-28 05:52:04'),
(20, 7, 94, '2023-12-28 05:52:04'),
(21, 5, 56, '2023-12-28 05:52:04'),
(22, 5, 78, '2023-12-28 05:52:04'),
(23, 13, 23, '2023-12-28 05:52:04'),
(24, 10, 98, '2023-12-28 05:52:04'),
(25, 5, 32, '2023-12-28 05:52:04'),
(26, 11, 98, '2023-12-28 05:52:04'),
(27, 7, 63, '2023-12-28 05:52:04'),
(28, 3, 59, '2023-12-28 05:52:04'),
(29, 13, 14, '2023-12-28 05:52:04'),
(30, 8, 58, '2023-12-28 05:52:04'),
(31, 3, 47, '2023-12-28 05:52:04'),
(32, 5, 43, '2023-12-28 05:52:04'),
(33, 7, 78, '2023-12-28 05:52:04'),
(34, 1, 49, '2023-12-28 05:52:04'),
(35, 9, 95, '2023-12-28 05:52:04'),
(36, 14, 86, '2023-12-28 05:52:04'),
(37, 6, 70, '2023-12-28 05:52:04'),
(38, 12, 21, '2023-12-28 05:52:04'),
(39, 4, 66, '2023-12-28 05:52:04'),
(40, 13, 14, '2023-12-28 05:52:04'),
(41, 9, 69, '2023-12-28 05:52:04'),
(42, 2, 28, '2023-12-28 05:52:04'),
(43, 12, 51, '2023-12-28 05:52:05'),
(44, 3, 29, '2023-12-28 05:52:05'),
(45, 7, 7, '2023-12-28 05:52:05'),
(46, 15, 51, '2023-12-28 05:52:05'),
(47, 10, 80, '2023-12-28 05:52:05'),
(48, 7, 15, '2023-12-28 05:52:05'),
(49, 10, 45, '2023-12-28 05:52:05'),
(50, 6, 34, '2023-12-28 05:52:05'),
(51, 5, 98, '2023-12-28 05:52:05'),
(52, 3, 94, '2023-12-28 05:52:05'),
(53, 2, 85, '2023-12-28 05:52:05'),
(54, 12, 83, '2023-12-28 05:52:05'),
(55, 11, 15, '2023-12-28 05:52:05'),
(56, 15, 12, '2023-12-28 05:52:05'),
(57, 5, 6, '2023-12-28 05:52:05'),
(58, 11, 99, '2023-12-28 05:52:05'),
(59, 2, 41, '2023-12-28 05:52:05'),
(60, 12, 93, '2023-12-28 05:52:05'),
(61, 15, 89, '2023-12-28 05:52:05'),
(62, 2, 62, '2023-12-28 05:52:05'),
(63, 15, 51, '2023-12-28 05:52:05'),
(64, 7, 66, '2023-12-28 05:52:05'),
(65, 8, 68, '2023-12-28 05:52:05'),
(66, 6, 56, '2023-12-28 05:52:05'),
(67, 14, 92, '2023-12-28 05:52:05'),
(68, 15, 13, '2023-12-28 05:52:05'),
(69, 5, 19, '2023-12-28 05:52:05'),
(70, 14, 32, '2023-12-28 05:52:05'),
(71, 1, 6, '2023-12-28 05:52:05'),
(72, 6, 70, '2023-12-28 05:52:05'),
(73, 13, 63, '2023-12-28 05:52:05'),
(74, 13, 72, '2023-12-28 05:52:05'),
(75, 6, 91, '2023-12-28 05:52:05'),
(76, 11, 29, '2023-12-28 05:52:05'),
(77, 13, 88, '2023-12-28 05:52:05'),
(78, 13, 23, '2023-12-28 05:52:05'),
(79, 1, 25, '2023-12-28 05:52:05'),
(80, 13, 18, '2023-12-28 05:52:05'),
(81, 4, 6, '2023-12-28 05:52:05'),
(82, 1, 45, '2023-12-28 05:52:05'),
(83, 11, 41, '2023-12-28 05:52:05'),
(84, 2, 20, '2023-12-28 05:52:05'),
(85, 3, 8, '2023-12-28 05:52:05'),
(86, 11, 64, '2023-12-28 05:52:05'),
(87, 12, 1, '2023-12-28 05:52:05'),
(88, 15, 77, '2023-12-28 05:52:05'),
(89, 1, 28, '2023-12-28 05:52:05'),
(90, 9, 12, '2023-12-28 05:52:05'),
(91, 15, 23, '2023-12-28 05:52:05'),
(92, 10, 4, '2023-12-28 05:52:05'),
(93, 4, 25, '2023-12-28 05:52:05'),
(94, 6, 27, '2023-12-28 05:52:05'),
(95, 3, 51, '2023-12-28 05:52:05'),
(96, 1, 52, '2023-12-28 05:52:05'),
(97, 6, 9, '2023-12-28 05:52:05'),
(98, 14, 65, '2023-12-28 05:52:05'),
(99, 4, 87, '2023-12-28 05:52:05'),
(100, 12, 23, '2023-12-28 05:52:05');

-- --------------------------------------------------------

--
-- Структура таблицы `Images`
--

CREATE TABLE `Images` (
  `image_id` int(11) NOT NULL,
  `user_id` int(11) DEFAULT NULL,
  `title` varchar(255) COLLATE utf8mb4_unicode_ci DEFAULT NULL,
  `description` text COLLATE utf8mb4_unicode_ci,
  `url` varchar(255) COLLATE utf8mb4_unicode_ci NOT NULL,
  `is_adult` tinyint(1) DEFAULT '0',
  `upload_date` timestamp NULL DEFAULT CURRENT_TIMESTAMP,
  `updated_at` timestamp NULL DEFAULT CURRENT_TIMESTAMP ON UPDATE CURRENT_TIMESTAMP
) ENGINE=InnoDB DEFAULT CHARSET=utf8mb4 COLLATE=utf8mb4_unicode_ci;

--
-- Дамп данных таблицы `Images`
--

INSERT INTO `Images` (`image_id`, `user_id`, `title`, `description`, `url`, `is_adult`, `upload_date`, `updated_at`) VALUES
(1, 4, '￦ANKE', NULL, '/storage/images/z1YWqsQuX1QatVIfhhyuhAkBAeT3u0dC9kYXi4nR.jpg', 0, '2022-12-07 00:46:02', '2023-12-27 21:44:42'),
(2, 4, '￦ANKE', NULL, '/storage/images/ODDT0kDBo53yXZoeklXi4UdcC9Yk2znw5aOic6bc.jpg', 0, '2023-09-09 16:50:09', '2023-12-27 21:46:41'),
(3, 4, '￦ANKE', NULL, '/storage/images/60yNJNKkl6j5mULJkpT4JmAWxS8aLskAt5v3elzq.jpg', 0, '2023-12-27 15:39:51', '2023-12-27 15:39:51'),
(4, 4, '￦ANKE', NULL, '/storage/images/tWXFFIMtdXDtcbuv18wBiPUYjahxkV1rBKwPhXb1.jpg', 0, '2023-03-08 01:16:22', '2023-12-27 21:46:46'),
(5, 5, 'Hatsune Miku', NULL, '/storage/images/3FkLeBeF4337LyKkSApexGRjPA7gVuLQlMtmDUik.png', 0, '2023-08-06 11:42:13', '2023-12-27 21:46:55'),
(6, 5, 'VESPERBELL', NULL, '/storage/images/pTCCOtYkPZL2HVu70hYBXzGjGwaHYMqU2nZAPDa8.png', 0, '2023-01-09 00:49:58', '2023-12-27 21:47:08'),
(7, 5, 'Jujutsu Kaisen', NULL, '/storage/images/DmvvSEpANp8YHAfR2gxdWKbgALdeyj6GbzQIpkRO.jpg', 0, '2023-09-09 05:03:37', '2023-12-27 21:47:15'),
(8, 5, 'Raiden Ei', NULL, '/storage/images/xoNPB19s6VIf64KOhHo3cnq2IoZMtB3jN48HwyGf.jpg', 0, '2023-10-19 19:16:27', '2023-12-27 21:47:21'),
(9, 5, 'Yae and Ei', NULL, '/storage/images/Nn7GNXi4pCGjOoivGDxl9E8n55KGLrA2dKxt1kbc.jpg', 0, '2023-01-07 04:19:41', '2023-12-27 21:47:28'),
(10, 5, 'Lostbelt: Beast IV', NULL, '/storage/images/ejGAuBMo9xCMrrd6kWiS6vLIqQbx0E5cmDuqboij.jpg', 0, '2023-06-28 17:11:28', '2023-12-27 21:47:44'),
(11, 5, 'Cyno', NULL, '/storage/images/By6bwNbwmEIYATJxEuXVMYSgq2cjTjcQt3Ap88xs.jpg', 0, '2023-07-07 00:12:10', '2023-12-27 21:47:52'),
(12, 5, 'Layla', NULL, '/storage/images/9yseH7G0J8NoGRFgffpuKpHDjDczdP4j6tyajhQW.jpg', 0, '2023-12-24 13:20:26', '2023-12-27 21:48:15'),
(13, 6, 'Eru and Houtarou', NULL, '/storage/images/PJyzclIj54ONPMP97FvTz1bvuw7BI1NDVEXjS5Mz.png', 0, '2023-10-28 18:31:39', '2023-12-27 21:48:44'),
(14, 6, 'Oreki Houtarou', NULL, '/storage/images/87mdJsmM9mXZlBe1vpMG1p87W18rt7HVO6hYEckk.png', 0, '2023-12-20 18:18:08', '2023-12-27 21:48:57'),
(15, 6, 'Chitanda Eru', NULL, '/storage/images/pR1Bq5p4Xm3Pp4yz5tDpnCLF8D5gfUC0cjJ4dvSv.png', 0, '2023-05-11 13:03:58', '2023-12-27 21:49:04'),
(16, 6, 'Chitanda and Oreki', NULL, '/storage/images/Oivgu8MhZ7GY3RNxvbIt2oKxVfU593J2LfJM4Wj5.png', 0, '2023-09-05 20:25:17', '2023-12-27 21:49:12'),
(18, 6, 'Chitanda/Oreki', NULL, '/storage/images/scyVfkpoJUW0DdqDkpJWor5jKAktVZPpFFPRJsxZ.png', 0, '2023-10-04 05:44:45', '2023-12-27 21:49:19'),
(19, 6, 'Eru/Houtarou', NULL, '/storage/images/n9CyLoyySgdueL2TKCf95TMRikTD4yoXdjifnsWE.png', 0, '2022-12-28 05:37:14', '2023-12-27 21:49:28'),
(20, 6, 'Houtarou and Eru', NULL, '/storage/images/t0CjXAMMPrCL8GTZk6t4rJI7m9jl0n8C5ZBah3t0.png', 0, '2023-04-26 08:18:08', '2023-12-27 21:49:43'),
(21, 6, 'Eru/Oreki', NULL, '/storage/images/iAdEGyA3LheZ3w8dUQLgE9t3KVifSN5L0TA2O5Nt.png', 0, '2023-12-22 08:53:27', '2023-12-27 21:49:57'),
(22, 6, 'Chitanda and Houtarou', NULL, '/storage/images/3rijanZFBao5z0xGeQQ2UT9YU13RGrkoYEkYAu2M.png', 0, '2023-09-07 14:06:01', '2023-12-27 21:50:11'),
(23, 6, 'Eru and Houtarou', NULL, '/storage/images/YoAkhZ70N4rGeC04Q5wI1bE3SDJne5XAGKYf6nF9.png', 0, '2023-03-20 13:22:34', '2023-12-27 21:50:16'),
(24, 6, 'Houtarou and Eru', NULL, '/storage/images/g51aI1LnAc0BdYuKzUllRamJCuKZt6Gke5X9w9A5.png', 0, '2023-07-30 17:38:14', '2023-12-27 21:50:20'),
(25, 6, 'Oreki Houtarou', NULL, '/storage/images/BOeVmxkm45lY8S8z6SYcGhvsmwLxYSZJS4A3ps3L.png', 0, '2023-04-17 13:48:43', '2023-12-27 21:50:26'),
(26, 6, 'Chitanda Eru', NULL, '/storage/images/ROKDGXCumm8GpP3TSHx1yrXUPKd3EgFi1oeXcAJU.png', 0, '2023-09-04 12:53:35', '2023-12-27 21:50:31'),
(27, 6, 'Oreki and Chitanda', NULL, '/storage/images/4Fu381t47x8VLwlAbPQD9IUGpbBWxb5Klqp0EmCa.png', 0, '2023-06-13 19:10:22', '2023-12-27 21:50:48'),
(28, 7, 'Cyn', NULL, '/storage/images/ZZ5MpIjNpDQjZ4b9AH7bV6sK3soPsF4MrmypeWUg.png', 0, '2023-11-24 00:27:05', '2023-12-27 21:50:57'),
(29, 7, 'Ei and Miko', NULL, '/storage/images/LVBMOPe8hmIWMr7jczJv20QEsuZfPhhuklUTlrbJ.jpg', 0, '2023-05-23 13:54:00', '2023-12-27 21:52:39'),
(30, 7, 'March and Dan Heng', NULL, '/storage/images/2KWgIKt2j3e6xsQUfNj6Ltsk3FRHgChpAKxy8ujC.png', 1, '2023-12-05 00:06:13', '2023-12-27 21:52:47'),
(31, 7, 'Nahida', NULL, '/storage/images/gMl3MTiA9kQsm3Np5us267B4IZ3STKW8EgKbwT1Z.jpg', 0, '2023-09-13 07:31:32', '2023-12-27 21:52:51'),
(32, 7, 'Saiguu and Miko', NULL, '/storage/images/kssKYMyANXLaMEnPLjz6fltciP9WlHbIAysOmFQ5.jpg', 0, '2023-10-28 22:47:34', '2023-12-27 21:52:54'),
(33, 7, 'Kafka', NULL, '/storage/images/FtB6AQIixlledm9hKwx1QHY2bqgqe5OCppTQFx4U.png', 0, '2023-11-09 23:36:20', '2023-12-27 21:53:01'),
(34, 7, 'Kamisato Ayaka', NULL, '/storage/images/BSQ8Ys6pOLgTPgSU7cmRy6zBLUtLu8rQgLq5XxjZ.png', 0, '2023-02-27 17:01:04', '2023-12-27 21:53:05'),
(35, 8, 'Kirara and Klee', NULL, '/storage/images/ojBo3PeM94HtXVZsXxsJR66RI45d1ztYjiHISSXg.png', 0, '2023-09-02 19:52:00', '2023-12-27 21:53:09'),
(36, 8, 'Kafka and Blade', NULL, '/storage/images/vjsVpbcdJvxU2SwHiec5oYX8qsU9tHIziesqj3j9.jpg', 0, '2023-05-29 09:05:31', '2023-12-27 21:53:14'),
(37, 8, 'Lyney and Lynette', NULL, '/storage/images/hz4hExGyjH66Xt9rrs9Tn2yNEl9w4qcz5XcJEeNQ.jpg', 0, '2023-11-26 09:15:51', '2023-12-27 21:53:16'),
(38, 8, 'Kafka/Blade/Stelle', NULL, '/storage/images/GyMQEoHggKncNHIWNQK7cxjU8cundO3KF0AUD1xz.jpg', 0, '2023-07-03 12:57:56', '2023-12-27 21:53:23'),
(39, 8, 'Freedom', NULL, '/storage/images/Z6OAXBI30kB9B64MwCSW7ayF1EUF3wjeTZSZIRxm.png', 0, '2023-12-07 12:20:27', '2023-12-27 21:53:27'),
(40, 8, 'Wriothesley', NULL, '/storage/images/DGQXOO4uizUrJvnHqxJlOFR7fISS5LJlRM94zOLL.png', 0, '2023-01-17 22:45:06', '2023-12-27 21:53:30'),
(41, 8, 'Cloud Retainer', NULL, '/storage/images/jE7M0WKBFaVYWmRDhg5oEwLvNnVYpkY9w8sdgpHo.png', 1, '2023-12-25 15:02:35', '2023-12-27 22:01:15'),
(42, 8, 'Yae Miko', NULL, '/storage/images/0uAsDdEfbPiDW1BrX9O8vkN1rDYilHuFcCa7obHb.png', 0, '2023-12-15 01:53:20', '2023-12-27 21:53:46'),
(43, 9, 'Yuta and Rika', NULL, '/storage/images/Qx2F6z3ND5GU2DTrlKJemDQzCoLA8J9EdCsUIQVs.jpg', 0, '2023-03-20 14:45:27', '2023-12-27 21:53:49'),
(44, 9, 'Yor Forger', NULL, '/storage/images/ZIGjj7Q1RxbDHbtqeQsdHqVczT42Fh5dPlloijv2.png', 0, '2023-01-22 06:11:06', '2023-12-27 21:53:53'),
(45, 9, 'Yae Miko', NULL, '/storage/images/9IIAoqJgtXhKK16OWf3N9XaBN9mIiDnEAIDY9rch.jpg', 0, '2023-11-12 21:14:27', '2023-12-27 21:53:56'),
(46, 9, 'Furina', NULL, '/storage/images/QyvvBHoBDK4ThDaUtihj0jNfxT2F54TDQ2PuDyAg.png', 0, '2023-12-21 15:24:48', '2023-12-27 21:54:01'),
(47, 9, 'Tartaglia', NULL, '/storage/images/z9QyALHcbp6yoxMdJi6tySXgckAR1FLkeX0Q7wfH.png', 0, '2023-01-21 05:55:15', '2023-12-27 21:54:05'),
(48, 9, 'Alastor', NULL, '/storage/images/J7TexIUawNM4xaonhoZKptDtbAxioWvVAmilz2RK.jpg', 0, '2022-12-14 02:19:17', '2023-12-27 21:54:08'),
(49, 9, 'Jujutsu Kaisen', NULL, '/storage/images/BxWE1wcwU7FeNpXL0rF8Pbp1d1MuLZlRH2pZfMdK.jpg', 0, '2023-10-21 10:16:23', '2023-12-27 21:54:11'),
(50, 10, 'Arlecchino', NULL, '/storage/images/M1A8RoxmxIjDMOcT7EKQWO8uaRnudm1XQfXR1ORN.png', 0, '2023-02-09 15:27:58', '2023-12-27 21:54:18'),
(51, 10, 'Chainsaw Man', NULL, '/storage/images/DTEfTe0sWEAoyFaEwOPIHHiTpnmjZvdEoH5oh8wG.jpg', 0, '2023-10-07 18:57:32', '2023-12-27 21:54:22'),
(52, 10, 'Nayuta and Denji', NULL, '/storage/images/oKZbMMP3aSO17DzQXf2vuh27TrSRlvzfF5cXqIUh.jpg', 0, '2023-01-10 19:07:05', '2023-12-27 21:54:25'),
(53, 10, 'Chainsaw Man', NULL, '/storage/images/muCDHYib1MwKm7YZ6yUmZG7psA7VypIsisDm6tT4.jpg', 0, '2023-04-16 13:52:12', '2023-12-27 21:54:28'),
(54, 10, 'Douma', NULL, '/storage/images/D2QQNIWfMQRMk9MOg1IeHWiGrXVvElJeX69DP45h.jpg', 0, '2022-12-07 09:42:59', '2023-12-27 21:54:33'),
(55, 10, 'Kafka and Blade', NULL, '/storage/images/9mHFqHRtLQ0z0rMgfYVmCD0q3EnIEiObK6svk7So.jpg', 0, '2023-01-03 01:29:31', '2023-12-27 21:54:36'),
(56, 10, 'Fami', NULL, '/storage/images/Cf3kMrhGUpJcU4k3GPOB0HEmjnCF95fplHVfRcWj.jpg', 0, '2023-11-08 19:23:56', '2023-12-27 21:54:40'),
(57, 10, 'Frieren', NULL, '/storage/images/Ua1UWO51kVzVaLl0ftmWhUhWDGHgmztpjv0o1Zhs.png', 0, '2023-03-14 16:31:35', '2023-12-27 21:54:43'),
(58, 11, 'Fu Xuan', NULL, '/storage/images/P6V89GIp2B9eK5BWCf1O0V7psgLgyBKEBAbZ0WLW.png', 0, '2023-09-29 02:05:49', '2023-12-27 21:54:47'),
(59, 11, 'Furina', NULL, '/storage/images/nkds7H7cwk6eHmSRGZJquKVy0CBTjZ8xf1Mzvg7L.jpg', 0, '2023-08-09 19:24:11', '2023-12-27 21:54:52'),
(60, 11, 'Furina', NULL, '/storage/images/sYCGXdmtsZ89nAoFQNP19do2xJwhibqrG1MUf5yu.jpg', 0, '2023-04-11 23:39:19', '2023-12-27 21:54:58'),
(61, 11, 'Furina', NULL, '/storage/images/Le0qUlg7pcKaQu7xyoG2jwiXm3D8WIYtFuUo2qV8.png', 0, '2022-12-12 04:11:32', '2023-12-27 21:55:01'),
(62, 11, 'Furina', NULL, '/storage/images/FsEaEkWmwfF1pjEmG6r2GEdzryWqV8ec7BZnjnlo.png', 0, '2023-09-23 05:30:57', '2023-12-27 21:55:08'),
(63, 11, 'Furina', NULL, '/storage/images/J61Ab7zAVBLg17CSVZ9VuSY4y6JeRiB4AnhACccj.jpg', 0, '2023-04-15 19:39:47', '2023-12-27 21:55:11'),
(64, 12, 'Furina', NULL, '/storage/images/Zc7eXuZzQxLUpGhxPhy1KFgvdyMuHGvDL5s6itFf.jpg', 0, '2023-02-19 11:13:04', '2023-12-27 21:55:14'),
(65, 12, 'Furina', NULL, '/storage/images/sZQzQAJuGNYuRGyplmMENZjotOWylXATg5jjfOla.png', 0, '2023-07-28 02:19:43', '2023-12-27 21:55:18'),
(66, 12, 'Furina', NULL, '/storage/images/HnWe6je2zH23UY5MzejyTIQqwmZdprzRGRpdue4b.jpg', 0, '2023-05-07 18:47:21', '2023-12-27 21:55:22'),
(67, 12, 'Wriothesley', NULL, '/storage/images/Pypvci3G9jc8SHWIOJ46h5GdD08lntFfL7q1y0mP.jpg', 1, '2023-05-18 19:16:35', '2023-12-27 21:55:25'),
(68, 12, 'Cyno', NULL, '/storage/images/jzo3mJT8DwL4BwCc0xCjnhg7InCKF6uulCDGfjGd.jpg', 0, '2023-08-19 16:31:05', '2023-12-27 21:55:29'),
(69, 12, 'Makoto and Ei', NULL, '/storage/images/iFzCqSOMYgY9iyO0hTsPKdvuTKDQ2UVnfhD3i5pY.jpg', 0, '2022-12-07 02:58:41', '2023-12-27 21:55:32'),
(70, 12, 'Wanderer and Nahida', NULL, '/storage/images/SWVFSzaZzsxsyi6gP7QXrG4VRdTNZ9pAND8RwemF.jpg', 0, '2023-01-18 08:54:22', '2023-12-27 21:55:37'),
(71, 12, 'Kamisato Family', NULL, '/storage/images/bWDdYORLBy9NopjG0OBn6YYCAb19bjBnBrsG7swL.jpg', 0, '2023-05-07 07:00:36', '2023-12-27 21:55:40'),
(72, 12, 'Union of Humorists', NULL, '/storage/images/LuLIv6ipXgUKOp2HRCSv1ObpvXyNXe0A3xq9X3h9.jpg', 0, '2023-03-01 13:01:34', '2023-12-27 21:55:46'),
(73, 12, 'Rukkhadevata and Nahida', NULL, '/storage/images/OOYCu4GT13EQjmJxQOGhfSILljZNSeRO8k0nnOnw.jpg', 0, '2023-09-10 11:59:24', '2023-12-27 21:55:50'),
(74, 13, 'Archons', NULL, '/storage/images/NvJvd59Igg4cmfXnGRRz3YWkeDGMBLWe6kEKEx4B.jpg', 0, '2023-03-31 08:53:26', '2023-12-27 21:55:56'),
(75, 13, 'Satoru Gojo', NULL, '/storage/images/r1zC8mbbZK45SlL7Ml9WtKU2OhhHUz3slzgHZEa4.jpg', 0, '2023-07-01 01:56:57', '2023-12-27 21:55:59'),
(76, 13, 'Archons', NULL, '/storage/images/404ELDlhSWQQY4KOxSQ3ryOe93vA6JzTylF6U0cU.jpg', 0, '2023-12-22 10:52:14', '2023-12-27 21:56:05'),
(77, 13, 'Blade', NULL, '/storage/images/Xo5a7exUL50yiBU4lKF5kydNkrQguAwDIv85YMmI.jpg', 0, '2022-12-11 01:27:24', '2023-12-27 21:56:09'),
(78, 13, 'Fu Xuan and Jing Yuan', NULL, '/storage/images/LaurP2XcclS7zdCZhtPo2zWsFvJUcnOLFxQZPHaO.jpg', 0, '2023-09-11 00:19:43', '2023-12-27 21:56:12'),
(79, 13, 'Hu Tao', NULL, '/storage/images/abful2RNUBgq1mGN4ttLh6X6Yal4UocSDihc4v4A.jpg', 0, '2023-05-02 11:57:40', '2023-12-27 21:56:16'),
(80, 13, 'Huohuo', NULL, '/storage/images/bZoWH7tl4tcG2iyRnzoLAQePNlY0RWA2VXMTQvA0.jpg', 0, '2023-08-30 16:50:05', '2023-12-27 21:56:25'),
(81, 13, 'Yuta and Maki', NULL, '/storage/images/umJ6g0K2Ep04YlHG4bkVzXyyXd6jrFTtE2aPEfZs.jpg', 1, '2023-04-26 17:47:49', '2023-12-27 21:56:28'),
(82, 13, 'Kazuha', NULL, '/storage/images/NYp62MUwDU2VhkWWB9Sm7Zn2ktgqFCMVp3Njv9N0.jpg', 0, '2023-06-12 12:26:15', '2023-12-27 22:00:06'),
(83, 14, 'Kaeya', NULL, '/storage/images/W8qqYTdt4lIh4QR9NS6EnkNznMvOQxSeJWViasmu.jpg', 0, '2023-01-03 19:53:21', '2023-12-27 21:56:34'),
(84, 14, 'Kafka', NULL, '/storage/images/wJVeVcPXoyPzlAQRqQNypcNv5rMDOgBVt1OWgE0a.png', 0, '2023-05-15 14:16:26', '2023-12-27 21:56:37'),
(85, 14, 'Kafka', NULL, '/storage/images/tV920bLjoIEgmh9jVweLvd0y1HqyaeY7Zlw42XGV.png', 0, '2023-04-03 07:45:26', '2023-12-27 21:56:42'),
(86, 14, 'Kafka', NULL, '/storage/images/RI9iAUgqUjc47b0mxkVTNWsqzlod72L2NUnQUM7B.jpg', 0, '2023-02-10 18:35:49', '2023-12-27 21:56:45'),
(87, 14, 'Kafka', NULL, '/storage/images/OJVKoQ2iS7Uw2V4bY5MNQSuWDmxixa2IHCB0vA3x.jpg', 0, '2023-09-04 01:11:24', '2023-12-27 21:56:49'),
(88, 14, 'Tanjiro Kamado', NULL, '/storage/images/Y5RzBVSdPHDq7Cpuvht2WjCMaqwa7GYEsdNvFbch.jpg', 0, '2023-02-20 11:02:43', '2023-12-27 21:56:52'),
(89, 14, 'Shinobu and Mitsuri', NULL, '/storage/images/yxaIjhlculhWfWN6usjoqNwe8DkPq47KGXSxE8mc.jpg', 0, '2023-07-28 00:37:44', '2023-12-27 21:56:55'),
(90, 14, 'Douma aand Kocho', NULL, '/storage/images/K0ybt75LJkkfR5s4lm4vRSIHMHnJKz6sB6QwkcOY.jpg', 0, '2023-03-03 00:08:31', '2023-12-27 21:56:58'),
(91, 14, 'Kirara', NULL, '/storage/images/m6VK63YZRHGGsGLaHf7yb1GVVrofT5PXH2hQhZDv.jpg', 0, '2023-11-23 13:42:40', '2023-12-27 21:57:02'),
(92, 14, 'Kirigiri Kyoko', NULL, '/storage/images/B386P9VmhI8OsjcNAay8gv8Ma8HZV4VP4vMzfsuo.jpg', 0, '2023-04-07 18:31:05', '2023-12-27 21:57:19'),
(93, 14, 'Nobara Kugisaki', NULL, '/storage/images/JNUrLC46cGv9p5Qj00sKfwsNJOsSTK6gTbVjr3Wa.jpg', 1, '2023-07-30 01:37:46', '2023-12-27 21:57:21'),
(94, 14, 'Kujou Sara', NULL, '/storage/images/I58gqF4OFXvJ7d0rNVnIKezAvP1MOJLAtrMqDpXg.jpg', 0, '2023-01-12 07:27:35', '2023-12-27 21:57:25'),
(95, 14, 'Layla', NULL, '/storage/images/pZYvSQnlNlVwcGnvxwNCl8v6Jld7eJyIQjs32GR7.jpg', 1, '2023-05-27 01:29:13', '2023-12-27 21:57:29'),
(96, 14, 'Layla', NULL, '/storage/images/3cjj71kBkN1CZ0sP0EYQpeW6vaf5495ud2oJDijE.jpg', 0, '2022-12-26 07:54:14', '2023-12-27 21:57:32'),
(97, 15, 'Layla', NULL, '/storage/images/9LdlZloOM8aVx1E7YGBgKkaLzb0QvFGXMg36XWXp.jpg', 0, '2023-04-13 02:04:43', '2023-12-27 21:57:35'),
(98, 15, 'Mahito', NULL, '/storage/images/JzVaGnGd9SWx3hFRYUa1kR99gU9Dppyr0mlH7mzN.jpg', 0, '2023-11-01 13:01:30', '2023-12-27 21:57:40'),
(99, 15, 'Makima', NULL, '/storage/images/bAiN4Ym4yZgixiPFuHTnjAjJTmcALTaOAX3kEyOg.jpg', 0, '2022-12-18 13:40:23', '2023-12-27 21:57:47'),
(100, 15, 'Makima', NULL, '/storage/images/Ot3dbhjXPJ4gxOR7Db7qgzaDPA34AMMiZBwMAm41.jpg', 0, '2023-01-11 10:44:57', '2023-12-27 21:57:51'),
(101, 15, 'Makima', NULL, '/storage/images/AhqXzXkE72ODz4Hxs3pJfp8r85SHY4wjQ75pgFOr.jpg', 0, '2023-03-25 08:34:58', '2023-12-27 21:57:53'),
(102, 15, 'Mona', NULL, '/storage/images/ozaoX5Hootuv2Mr0dlGyTAQJTntFk3y4fGMlQb6x.jpg', 0, '2023-05-18 18:49:15', '2023-12-27 21:58:00'),
(103, 15, 'Neuvillette', NULL, '/storage/images/VM9sKm2TSuCvpJ7hnStzr8Rnlbmsd6NkevFLWJEd.jpg', 0, '2023-12-09 03:45:44', '2023-12-27 21:58:08'),
(104, 15, 'Yuta Okkotsu', NULL, '/storage/images/4ukj0BuaPEoiMiaWt6nhtWzIhMp7ehxd6UDUVwfu.jpg', 0, '2023-07-14 11:14:19', '2023-12-27 21:58:13'),
(105, 15, 'Raiden Shogun', NULL, '/storage/images/n9GULKnNmsfygHjezq3jM3WZuYnKihQdktllhd0z.jpg', 0, '2023-04-14 18:55:56', '2023-12-27 21:58:23'),
(106, 15, 'Morax', NULL, '/storage/images/77ESVeYXxrWH07V568M2DdB6ti76OT0hM0vbbgJi.jpg', 0, '2023-06-06 11:43:28', '2023-12-27 21:58:27'),
(107, 15, 'Fiona and Yor', NULL, '/storage/images/Bb5Qwbyxi6Qgxfy6xkBAsJh9ZL5P71SLbmw2JSvX.jpg', 0, '2023-04-05 04:08:32', '2023-12-27 21:58:31'),
(108, 15, 'Yor Forger', NULL, '/storage/images/Y8Dya4SEwTnupGJr1v7QqQmowdaWdaMlWBEnJnWd.jpg', 0, '2023-04-01 20:52:11', '2023-12-27 21:58:35'),
(109, 15, 'Yae Miko', NULL, '/storage/images/P80DZr9AdUZyDvJaUh3Vy1Xp7WnlrMS2kkKwa0Y1.jpg', 0, '2023-02-26 13:52:33', '2023-12-27 21:58:37'),
(110, 15, 'Oreki and Chitanda', NULL, '/storage/images/OUnkVi4zON5TJfj0kgavLwYpeNYLHj7qUQCjwcQT.png', 0, '2023-05-23 09:12:27', '2023-12-27 21:58:42'),
(111, 15, 'Topaz', NULL, '/storage/images/jopHAn56mzi2COeD2xjYk42lkt1X1xRvjANJnVmR.jpg', 0, '2023-09-10 18:22:24', '2023-12-27 21:58:47');

-- --------------------------------------------------------

--
-- Структура таблицы `Image_Tags`
--

CREATE TABLE `Image_Tags` (
  `image_id` int(11) NOT NULL,
  `tag_id` int(11) NOT NULL
) ENGINE=InnoDB DEFAULT CHARSET=utf8mb4 COLLATE=utf8mb4_unicode_ci;

--
-- Дамп данных таблицы `Image_Tags`
--

INSERT INTO `Image_Tags` (`image_id`, `tag_id`) VALUES
(1, 1),
(2, 1),
(3, 1),
(4, 1),
(1, 2),
(2, 2),
(3, 2),
(4, 2),
(5, 2),
(6, 2),
(1, 3),
(2, 3),
(3, 3),
(4, 3),
(2, 4),
(2, 5),
(3, 6),
(4, 7),
(5, 8),
(5, 9),
(6, 10),
(7, 11),
(43, 11),
(49, 11),
(75, 11),
(81, 11),
(93, 11),
(98, 11),
(104, 11),
(7, 12),
(75, 12),
(7, 13),
(7, 14),
(8, 15),
(9, 15),
(11, 15),
(12, 15),
(28, 15),
(29, 15),
(31, 15),
(32, 15),
(34, 15),
(35, 15),
(37, 15),
(40, 15),
(41, 15),
(42, 15),
(45, 15),
(46, 15),
(47, 15),
(50, 15),
(59, 15),
(60, 15),
(61, 15),
(62, 15),
(63, 15),
(64, 15),
(65, 15),
(66, 15),
(67, 15),
(68, 15),
(69, 15),
(70, 15),
(71, 15),
(72, 15),
(73, 15),
(74, 15),
(76, 15),
(79, 15),
(82, 15),
(83, 15),
(91, 15),
(94, 15),
(95, 15),
(96, 15),
(97, 15),
(102, 15),
(103, 15),
(105, 15),
(106, 15),
(109, 15),
(8, 16),
(9, 16),
(29, 16),
(105, 16),
(8, 17),
(9, 17),
(29, 17),
(69, 17),
(74, 17),
(76, 17),
(105, 17),
(9, 18),
(29, 18),
(32, 18),
(42, 18),
(45, 18),
(69, 18),
(109, 18),
(10, 19),
(10, 20),
(11, 21),
(28, 21),
(68, 21),
(72, 21),
(12, 22),
(95, 22),
(96, 22),
(97, 22),
(13, 23),
(14, 23),
(15, 23),
(16, 23),
(18, 23),
(19, 23),
(20, 23),
(21, 23),
(22, 23),
(23, 23),
(24, 23),
(25, 23),
(26, 23),
(27, 23),
(110, 23),
(13, 24),
(14, 24),
(15, 24),
(16, 24),
(18, 24),
(19, 24),
(20, 24),
(21, 24),
(22, 24),
(23, 24),
(24, 24),
(26, 24),
(27, 24),
(110, 24),
(13, 25),
(14, 25),
(16, 25),
(18, 25),
(19, 25),
(20, 25),
(21, 25),
(22, 25),
(23, 25),
(24, 25),
(25, 25),
(27, 25),
(110, 25),
(30, 26),
(33, 26),
(36, 26),
(38, 26),
(55, 26),
(58, 26),
(77, 26),
(78, 26),
(80, 26),
(84, 26),
(85, 26),
(86, 26),
(87, 26),
(111, 26),
(30, 27),
(30, 28),
(31, 29),
(70, 29),
(73, 29),
(32, 30),
(33, 31),
(36, 31),
(38, 31),
(55, 31),
(84, 31),
(85, 31),
(86, 31),
(87, 31),
(34, 32),
(71, 32),
(35, 33),
(91, 33),
(35, 34),
(36, 35),
(38, 35),
(55, 35),
(77, 35),
(37, 36),
(37, 37),
(38, 38),
(39, 39),
(39, 40),
(39, 41),
(39, 42),
(40, 43),
(67, 43),
(41, 44),
(41, 45),
(43, 46),
(81, 46),
(104, 46),
(43, 47),
(44, 48),
(107, 48),
(108, 48),
(44, 49),
(107, 49),
(108, 49),
(46, 53),
(59, 53),
(60, 53),
(61, 53),
(62, 53),
(63, 53),
(64, 53),
(65, 53),
(66, 53),
(74, 53),
(76, 53),
(47, 54),
(48, 55),
(48, 56),
(49, 57),
(49, 58),
(49, 59),
(93, 59),
(50, 60),
(51, 61),
(52, 61),
(53, 61),
(56, 61),
(99, 61),
(100, 61),
(101, 61),
(51, 62),
(99, 62),
(100, 62),
(101, 62),
(51, 63),
(52, 63),
(52, 64),
(53, 65),
(53, 66),
(54, 67),
(88, 67),
(89, 67),
(90, 67),
(54, 68),
(90, 68),
(56, 69),
(57, 70),
(57, 71),
(58, 72),
(78, 72),
(69, 73),
(70, 74),
(71, 75),
(72, 76),
(72, 77),
(72, 78),
(73, 79),
(74, 80),
(76, 80),
(74, 81),
(76, 81),
(74, 82),
(76, 82),
(106, 82),
(74, 83),
(76, 83),
(106, 83),
(74, 84),
(76, 84),
(74, 85),
(76, 85),
(74, 86),
(76, 86),
(78, 87),
(79, 88),
(80, 89),
(81, 90),
(82, 91),
(83, 92),
(88, 93),
(89, 94),
(90, 94),
(89, 95),
(92, 96),
(92, 97),
(94, 98),
(98, 99),
(102, 100),
(103, 101),
(107, 102),
(111, 103);

-- --------------------------------------------------------

--
-- Структура таблицы `Likes`
--

CREATE TABLE `Likes` (
  `like_id` int(11) NOT NULL,
  `user_id` int(11) DEFAULT NULL,
  `image_id` int(11) DEFAULT NULL,
  `liked_at` timestamp NULL DEFAULT CURRENT_TIMESTAMP
) ENGINE=InnoDB DEFAULT CHARSET=utf8mb4 COLLATE=utf8mb4_unicode_ci;

--
-- Дамп данных таблицы `Likes`
--

INSERT INTO `Likes` (`like_id`, `user_id`, `image_id`, `liked_at`) VALUES
(314, 1, 5, '2023-12-27 21:00:00'),
(315, 2, 88, '2023-12-27 21:00:00'),
(316, 3, 7, '2023-12-27 21:00:00'),
(317, 4, 38, '2023-12-27 21:00:00'),
(318, 5, 62, '2023-12-27 21:00:00'),
(319, 6, 36, '2023-12-27 21:00:00'),
(320, 7, 58, '2023-12-27 21:00:00'),
(321, 8, 21, '2023-12-27 21:00:00'),
(322, 9, 66, '2023-12-27 21:00:00'),
(323, 10, 48, '2023-12-27 21:00:00'),
(324, 11, 44, '2023-12-27 21:00:00'),
(325, 13, 99, '2023-12-27 21:00:00'),
(326, 14, 101, '2023-12-27 21:00:00'),
(327, 15, 40, '2023-12-27 21:00:00'),
(328, 16, 109, '2023-12-27 21:00:00'),
(329, 17, 52, '2023-12-27 21:00:00'),
(330, 18, 70, '2023-12-27 21:00:00'),
(331, 19, 82, '2023-12-27 21:00:00'),
(332, 20, 55, '2023-12-27 21:00:00'),
(333, 21, 106, '2023-12-27 21:00:00'),
(334, 23, 4, '2023-12-27 21:00:00'),
(335, 24, 13, '2023-12-27 21:00:00'),
(336, 25, 74, '2023-12-27 21:00:00'),
(337, 26, 37, '2023-12-27 21:00:00'),
(338, 27, 106, '2023-12-27 21:00:00'),
(339, 28, 58, '2023-12-27 21:00:00'),
(340, 30, 63, '2023-12-27 21:00:00'),
(341, 33, 110, '2023-12-27 21:00:00'),
(342, 34, 25, '2023-12-27 21:00:00'),
(343, 35, 12, '2023-12-27 21:00:00'),
(344, 36, 62, '2023-12-27 21:00:00'),
(345, 37, 99, '2023-12-27 21:00:00'),
(346, 38, 56, '2023-12-27 21:00:00'),
(347, 39, 46, '2023-12-27 21:00:00'),
(348, 40, 46, '2023-12-27 21:00:00'),
(349, 41, 38, '2023-12-27 21:00:00'),
(350, 42, 85, '2023-12-27 21:00:00'),
(351, 43, 76, '2023-12-27 21:00:00'),
(352, 44, 57, '2023-12-27 21:00:00'),
(353, 46, 71, '2023-12-27 21:00:00'),
(354, 47, 11, '2023-12-27 21:00:00'),
(355, 48, 64, '2023-12-27 21:00:00'),
(356, 49, 98, '2023-12-27 21:00:00'),
(357, 50, 16, '2023-12-27 21:00:00'),
(358, 51, 80, '2023-12-27 21:00:00'),
(359, 52, 25, '2023-12-27 21:00:00'),
(360, 53, 48, '2023-12-27 21:00:00'),
(361, 54, 5, '2023-12-27 21:00:00'),
(362, 56, 80, '2023-12-27 21:00:00'),
(363, 57, 90, '2023-12-27 21:00:00'),
(364, 58, 69, '2023-12-27 21:00:00'),
(365, 59, 41, '2023-12-27 21:00:00'),
(366, 60, 64, '2023-12-27 21:00:00'),
(367, 61, 53, '2023-12-27 21:00:00'),
(368, 62, 38, '2023-12-27 21:00:00'),
(369, 63, 5, '2023-12-27 21:00:00'),
(370, 64, 2, '2023-12-27 21:00:00'),
(371, 65, 71, '2023-12-27 21:00:00'),
(372, 66, 77, '2023-12-27 21:00:00'),
(373, 67, 81, '2023-12-27 21:00:00'),
(374, 68, 51, '2023-12-27 21:00:00'),
(375, 69, 53, '2023-12-27 21:00:00'),
(376, 70, 59, '2023-12-27 21:00:00'),
(377, 71, 40, '2023-12-27 21:00:00'),
(378, 72, 53, '2023-12-27 21:00:00'),
(379, 73, 86, '2023-12-27 21:00:00'),
(380, 74, 53, '2023-12-27 21:00:00'),
(381, 75, 33, '2023-12-27 21:00:00'),
(382, 76, 46, '2023-12-27 21:00:00'),
(383, 78, 37, '2023-12-27 21:00:00'),
(384, 79, 31, '2023-12-27 21:00:00'),
(385, 80, 11, '2023-12-27 21:00:00'),
(386, 81, 19, '2023-12-27 21:00:00'),
(387, 82, 30, '2023-12-27 21:00:00'),
(388, 83, 51, '2023-12-27 21:00:00'),
(389, 84, 106, '2023-12-27 21:00:00'),
(390, 85, 71, '2023-12-27 21:00:00'),
(391, 86, 93, '2023-12-27 21:00:00'),
(392, 87, 87, '2023-12-27 21:00:00'),
(393, 88, 58, '2023-12-27 21:00:00'),
(394, 89, 59, '2023-12-27 21:00:00'),
(395, 90, 59, '2023-12-27 21:00:00'),
(396, 91, 47, '2023-12-27 21:00:00'),
(397, 92, 46, '2023-12-27 21:00:00'),
(398, 93, 108, '2023-12-27 21:00:00'),
(399, 94, 41, '2023-12-27 21:00:00'),
(400, 95, 95, '2023-12-27 21:00:00'),
(401, 96, 39, '2023-12-27 21:00:00'),
(402, 97, 64, '2023-12-27 21:00:00'),
(403, 98, 82, '2023-12-27 21:00:00'),
(404, 99, 95, '2023-12-27 21:00:00'),
(405, 100, 26, '2023-12-27 21:00:00'),
(406, 101, 81, '2023-12-27 21:00:00'),
(407, 102, 89, '2023-12-27 21:00:00'),
(408, 103, 46, '2023-12-27 21:00:00'),
(409, 104, 82, '2023-12-27 21:00:00'),
(410, 105, 34, '2023-12-27 21:00:00'),
(411, 106, 98, '2023-12-27 21:00:00'),
(412, 107, 37, '2023-12-27 21:00:00'),
(413, 108, 54, '2023-12-27 21:00:00'),
(414, 109, 108, '2023-12-27 21:00:00'),
(415, 110, 103, '2023-12-27 21:00:00'),
(416, 111, 82, '2023-12-27 21:00:00'),
(417, 112, 89, '2023-12-27 21:00:00'),
(418, 113, 33, '2023-12-27 21:00:00'),
(419, 114, 103, '2023-12-27 21:00:00'),
(420, 115, 52, '2023-12-27 21:00:00'),
(421, 116, 47, '2023-12-27 21:00:00'),
(422, 117, 82, '2023-12-27 21:00:00'),
(423, 118, 72, '2023-12-27 21:00:00'),
(424, 119, 110, '2023-12-27 21:00:00'),
(425, 120, 28, '2023-12-27 21:00:00'),
(426, 121, 51, '2023-12-27 21:00:00'),
(427, 122, 44, '2023-12-27 21:00:00'),
(428, 123, 3, '2023-12-27 21:00:00'),
(429, 124, 1, '2023-12-27 21:00:00'),
(430, 125, 82, '2023-12-27 21:00:00'),
(431, 126, 79, '2023-12-27 21:00:00'),
(432, 127, 10, '2023-12-27 21:00:00'),
(433, 128, 81, '2023-12-27 21:00:00'),
(434, 129, 92, '2023-12-27 21:00:00'),
(435, 130, 44, '2023-12-27 21:00:00'),
(436, 131, 61, '2023-12-27 21:00:00'),
(437, 132, 90, '2023-12-27 21:00:00'),
(438, 133, 102, '2023-12-27 21:00:00'),
(439, 134, 58, '2023-12-27 21:00:00'),
(440, 135, 66, '2023-12-27 21:00:00'),
(441, 136, 98, '2023-12-27 21:00:00'),
(442, 137, 74, '2023-12-27 21:00:00'),
(443, 138, 65, '2023-12-27 21:00:00'),
(444, 139, 10, '2023-12-27 21:00:00'),
(445, 140, 80, '2023-12-27 21:00:00'),
(446, 141, 53, '2023-12-27 21:00:00'),
(447, 142, 34, '2023-12-27 21:00:00'),
(448, 143, 97, '2023-12-27 21:00:00'),
(449, 144, 57, '2023-12-27 21:00:00'),
(450, 145, 38, '2023-12-27 21:00:00'),
(451, 146, 22, '2023-12-27 21:00:00'),
(452, 147, 86, '2023-12-27 21:00:00'),
(453, 148, 104, '2023-12-27 21:00:00'),
(454, 149, 107, '2023-12-27 21:00:00'),
(455, 150, 21, '2023-12-27 21:00:00'),
(456, 151, 8, '2023-12-27 21:00:00'),
(457, 152, 57, '2023-12-27 21:00:00'),
(458, 153, 98, '2023-12-27 21:00:00'),
(459, 154, 38, '2023-12-27 21:00:00'),
(460, 155, 82, '2023-12-27 21:00:00'),
(461, 156, 61, '2023-12-27 21:00:00'),
(462, 157, 31, '2023-12-27 21:00:00'),
(463, 158, 13, '2023-12-27 21:00:00'),
(464, 159, 107, '2023-12-27 21:00:00'),
(465, 160, 70, '2023-12-27 21:00:00'),
(466, 161, 24, '2023-12-27 21:00:00'),
(467, 162, 10, '2023-12-27 21:00:00'),
(468, 163, 91, '2023-12-27 21:00:00'),
(469, 164, 36, '2023-12-27 21:00:00'),
(470, 165, 29, '2023-12-27 21:00:00'),
(471, 166, 40, '2023-12-27 21:00:00'),
(472, 167, 18, '2023-12-27 21:00:00'),
(473, 168, 75, '2023-12-27 21:00:00'),
(474, 169, 37, '2023-12-27 21:00:00'),
(475, 170, 32, '2023-12-27 21:00:00'),
(476, 171, 107, '2023-12-27 21:00:00'),
(477, 172, 67, '2023-12-27 21:00:00'),
(478, 173, 23, '2023-12-27 21:00:00'),
(479, 174, 26, '2023-12-27 21:00:00'),
(480, 175, 60, '2023-12-27 21:00:00'),
(481, 176, 109, '2023-12-27 21:00:00'),
(482, 177, 86, '2023-12-27 21:00:00'),
(483, 178, 52, '2023-12-27 21:00:00'),
(484, 179, 81, '2023-12-27 21:00:00'),
(485, 180, 55, '2023-12-27 21:00:00'),
(486, 181, 37, '2023-12-27 21:00:00'),
(487, 182, 110, '2023-12-27 21:00:00'),
(488, 183, 40, '2023-12-27 21:00:00'),
(489, 184, 110, '2023-12-27 21:00:00'),
(490, 185, 109, '2023-12-27 21:00:00'),
(491, 186, 76, '2023-12-27 21:00:00'),
(492, 187, 105, '2023-12-27 21:00:00'),
(493, 188, 27, '2023-12-27 21:00:00'),
(494, 189, 103, '2023-12-27 21:00:00'),
(495, 190, 68, '2023-12-27 21:00:00'),
(496, 191, 53, '2023-12-27 21:00:00'),
(497, 192, 79, '2023-12-27 21:00:00'),
(498, 193, 22, '2023-12-27 21:00:00'),
(499, 194, 30, '2023-12-27 21:00:00'),
(500, 195, 70, '2023-12-27 21:00:00'),
(501, 196, 79, '2023-12-27 21:00:00'),
(502, 197, 28, '2023-12-27 21:00:00'),
(503, 198, 35, '2023-12-27 21:00:00'),
(504, 199, 2, '2023-12-27 21:00:00'),
(505, 201, 93, '2023-12-27 21:00:00'),
(506, 202, 16, '2023-12-27 21:00:00'),
(507, 203, 2, '2023-12-27 21:00:00'),
(508, 204, 85, '2023-12-27 21:00:00'),
(509, 205, 83, '2023-12-27 21:00:00'),
(510, 206, 61, '2023-12-27 21:00:00'),
(511, 207, 61, '2023-12-27 21:00:00'),
(512, 208, 51, '2023-12-27 21:00:00'),
(513, 209, 47, '2023-12-27 21:00:00'),
(514, 210, 57, '2023-12-27 21:00:00'),
(515, 211, 16, '2023-12-27 21:00:00'),
(516, 212, 82, '2023-12-27 21:00:00'),
(517, 213, 45, '2023-12-27 21:00:00'),
(518, 214, 95, '2023-12-27 21:00:00'),
(519, 215, 105, '2023-12-27 21:00:00'),
(520, 216, 82, '2023-12-27 21:00:00'),
(521, 217, 89, '2023-12-27 21:00:00'),
(522, 218, 94, '2023-12-27 21:00:00'),
(523, 219, 93, '2023-12-27 21:00:00'),
(524, 220, 51, '2023-12-27 21:00:00'),
(525, 221, 46, '2023-12-27 21:00:00'),
(526, 222, 15, '2023-12-27 21:00:00'),
(527, 223, 105, '2023-12-27 21:00:00'),
(528, 224, 26, '2023-12-27 21:00:00'),
(529, 225, 57, '2023-12-27 21:00:00'),
(530, 226, 3, '2023-12-27 21:00:00'),
(531, 227, 73, '2023-12-27 21:00:00'),
(532, 228, 106, '2023-12-27 21:00:00'),
(533, 229, 110, '2023-12-27 21:00:00'),
(534, 230, 103, '2023-12-27 21:00:00'),
(535, 231, 94, '2023-12-27 21:00:00'),
(536, 232, 33, '2023-12-27 21:00:00'),
(537, 233, 31, '2023-12-27 21:00:00'),
(538, 234, 101, '2023-12-27 21:00:00'),
(539, 235, 74, '2023-12-27 21:00:00'),
(540, 236, 16, '2023-12-27 21:00:00'),
(541, 237, 15, '2023-12-27 21:00:00'),
(542, 238, 4, '2023-12-27 21:00:00'),
(543, 239, 58, '2023-12-27 21:00:00'),
(544, 240, 72, '2023-12-27 21:00:00'),
(545, 241, 105, '2023-12-27 21:00:00'),
(546, 242, 23, '2023-12-27 21:00:00'),
(547, 243, 75, '2023-12-27 21:00:00'),
(548, 244, 11, '2023-12-27 21:00:00'),
(549, 245, 65, '2023-12-27 21:00:00'),
(550, 246, 55, '2023-12-27 21:00:00'),
(551, 247, 35, '2023-12-27 21:00:00'),
(552, 248, 93, '2023-12-27 21:00:00'),
(553, 249, 101, '2023-12-27 21:00:00'),
(554, 250, 100, '2023-12-27 21:00:00'),
(555, 251, 32, '2023-12-27 21:00:00'),
(556, 252, 48, '2023-12-27 21:00:00'),
(557, 253, 86, '2023-12-27 21:00:00'),
(558, 254, 78, '2023-12-27 21:00:00'),
(559, 255, 14, '2023-12-27 21:00:00'),
(560, 256, 33, '2023-12-27 21:00:00'),
(561, 257, 62, '2023-12-27 21:00:00'),
(562, 258, 63, '2023-12-27 21:00:00'),
(563, 259, 72, '2023-12-27 21:00:00'),
(564, 260, 98, '2023-12-27 21:00:00'),
(565, 261, 66, '2023-12-27 21:00:00'),
(566, 262, 5, '2023-12-27 21:00:00'),
(567, 263, 59, '2023-12-27 21:00:00'),
(568, 264, 46, '2023-12-27 21:00:00'),
(569, 265, 90, '2023-12-27 21:00:00'),
(570, 266, 109, '2023-12-27 21:00:00'),
(571, 267, 50, '2023-12-27 21:00:00'),
(572, 268, 24, '2023-12-27 21:00:00'),
(573, 269, 85, '2023-12-27 21:00:00'),
(574, 270, 25, '2023-12-27 21:00:00'),
(575, 271, 6, '2023-12-27 21:00:00'),
(576, 272, 71, '2023-12-27 21:00:00'),
(577, 273, 102, '2023-12-27 21:00:00'),
(578, 274, 7, '2023-12-27 21:00:00'),
(579, 275, 45, '2023-12-27 21:00:00'),
(580, 276, 16, '2023-12-27 21:00:00'),
(581, 277, 6, '2023-12-27 21:00:00'),
(582, 278, 19, '2023-12-27 21:00:00'),
(583, 279, 48, '2023-12-27 21:00:00'),
(584, 280, 95, '2023-12-27 21:00:00'),
(585, 281, 82, '2023-12-27 21:00:00'),
(586, 282, 101, '2023-12-27 21:00:00'),
(587, 283, 94, '2023-12-27 21:00:00'),
(588, 284, 86, '2023-12-27 21:00:00'),
(589, 285, 60, '2023-12-27 21:00:00'),
(590, 286, 101, '2023-12-27 21:00:00'),
(591, 287, 91, '2023-12-27 21:00:00'),
(592, 288, 38, '2023-12-27 21:00:00'),
(593, 289, 70, '2023-12-27 21:00:00'),
(594, 290, 18, '2023-12-27 21:00:00'),
(595, 291, 21, '2023-12-27 21:00:00'),
(596, 292, 15, '2023-12-27 21:00:00'),
(597, 293, 93, '2023-12-27 21:00:00'),
(598, 294, 43, '2023-12-27 21:00:00'),
(599, 295, 69, '2023-12-27 21:00:00'),
(600, 296, 66, '2023-12-27 21:00:00'),
(601, 297, 107, '2023-12-27 21:00:00'),
(602, 298, 69, '2023-12-27 21:00:00'),
(603, 299, 38, '2023-12-27 21:00:00'),
(604, 300, 97, '2023-12-27 21:00:00'),
(605, 301, 101, '2023-12-27 21:00:00'),
(606, 302, 103, '2023-12-27 21:00:00'),
(607, 303, 80, '2023-12-27 21:00:00'),
(608, 304, 12, '2023-12-27 21:00:00'),
(609, 305, 45, '2023-12-27 21:00:00'),
(610, 306, 54, '2023-12-27 21:00:00'),
(611, 307, 34, '2023-12-27 21:00:00'),
(612, 308, 43, '2023-12-27 21:00:00'),
(613, 309, 57, '2023-12-27 21:00:00'),
(614, 310, 84, '2023-12-27 21:00:00'),
(615, 312, 51, '2023-12-27 21:00:00'),
(616, 313, 87, '2023-12-27 21:00:00'),
(617, 314, 27, '2023-12-27 21:00:00'),
(618, 315, 18, '2023-12-27 21:00:00'),
(619, 316, 98, '2023-12-27 21:00:00'),
(620, 317, 13, '2023-12-27 21:00:00'),
(621, 318, 71, '2023-12-27 21:00:00'),
(622, 319, 78, '2023-12-27 21:00:00'),
(623, 320, 109, '2023-12-27 21:00:00'),
(624, 321, 84, '2023-12-27 21:00:00'),
(625, 322, 43, '2023-12-27 21:00:00'),
(626, 323, 38, '2023-12-27 21:00:00'),
(627, 324, 89, '2023-12-27 21:00:00'),
(628, 325, 69, '2023-12-27 21:00:00'),
(629, 326, 104, '2023-12-27 21:00:00'),
(630, 327, 55, '2023-12-27 21:00:00'),
(631, 328, 79, '2023-12-27 21:00:00'),
(632, 329, 62, '2023-12-27 21:00:00'),
(633, 330, 54, '2023-12-27 21:00:00'),
(634, 331, 107, '2023-12-27 21:00:00'),
(635, 332, 56, '2023-12-27 21:00:00'),
(636, 333, 5, '2023-12-27 21:00:00'),
(637, 334, 44, '2023-12-27 21:00:00'),
(638, 335, 97, '2023-12-27 21:00:00'),
(639, 336, 49, '2023-12-27 21:00:00'),
(640, 337, 10, '2023-12-27 21:00:00'),
(641, 338, 21, '2023-12-27 21:00:00'),
(642, 339, 79, '2023-12-27 21:00:00'),
(643, 340, 70, '2023-12-27 21:00:00'),
(644, 341, 106, '2023-12-27 21:00:00'),
(645, 342, 100, '2023-12-27 21:00:00'),
(646, 343, 15, '2023-12-27 21:00:00'),
(647, 344, 35, '2023-12-27 21:00:00'),
(648, 345, 110, '2023-12-27 21:00:00'),
(649, 346, 28, '2023-12-27 21:00:00'),
(650, 347, 7, '2023-12-27 21:00:00'),
(651, 348, 61, '2023-12-27 21:00:00'),
(652, 349, 38, '2023-12-27 21:00:00'),
(653, 350, 96, '2023-12-27 21:00:00'),
(654, 351, 90, '2023-12-27 21:00:00'),
(655, 352, 77, '2023-12-27 21:00:00'),
(656, 353, 8, '2023-12-27 21:00:00'),
(657, 354, 59, '2023-12-27 21:00:00'),
(658, 355, 57, '2023-12-27 21:00:00'),
(659, 356, 74, '2023-12-27 21:00:00'),
(660, 357, 84, '2023-12-27 21:00:00'),
(661, 358, 9, '2023-12-27 21:00:00'),
(662, 359, 88, '2023-12-27 21:00:00'),
(663, 360, 59, '2023-12-27 21:00:00'),
(664, 361, 83, '2023-12-27 21:00:00'),
(665, 362, 25, '2023-12-27 21:00:00'),
(666, 363, 41, '2023-12-27 21:00:00'),
(667, 364, 82, '2023-12-27 21:00:00'),
(668, 365, 51, '2023-12-27 21:00:00'),
(669, 366, 72, '2023-12-27 21:00:00'),
(670, 367, 95, '2023-12-27 21:00:00'),
(671, 368, 73, '2023-12-27 21:00:00'),
(672, 369, 53, '2023-12-27 21:00:00'),
(673, 370, 46, '2023-12-27 21:00:00'),
(674, 371, 16, '2023-12-27 21:00:00'),
(675, 372, 36, '2023-12-27 21:00:00'),
(676, 373, 97, '2023-12-27 21:00:00'),
(677, 374, 45, '2023-12-27 21:00:00'),
(678, 375, 85, '2023-12-27 21:00:00'),
(679, 376, 6, '2023-12-27 21:00:00'),
(680, 377, 45, '2023-12-27 21:00:00'),
(681, 378, 3, '2023-12-27 21:00:00'),
(682, 379, 6, '2023-12-27 21:00:00'),
(683, 380, 29, '2023-12-27 21:00:00'),
(684, 381, 28, '2023-12-27 21:00:00'),
(685, 382, 37, '2023-12-27 21:00:00'),
(686, 383, 40, '2023-12-27 21:00:00'),
(687, 384, 59, '2023-12-27 21:00:00'),
(688, 385, 68, '2023-12-27 21:00:00'),
(689, 386, 5, '2023-12-27 21:00:00'),
(690, 387, 74, '2023-12-27 21:00:00'),
(691, 388, 50, '2023-12-27 21:00:00'),
(692, 389, 42, '2023-12-27 21:00:00'),
(693, 390, 76, '2023-12-27 21:00:00'),
(694, 391, 82, '2023-12-27 21:00:00'),
(695, 392, 62, '2023-12-27 21:00:00'),
(696, 393, 110, '2023-12-27 21:00:00'),
(697, 394, 16, '2023-12-27 21:00:00'),
(698, 395, 44, '2023-12-27 21:00:00'),
(699, 396, 3, '2023-12-27 21:00:00'),
(700, 397, 106, '2023-12-27 21:00:00'),
(701, 398, 57, '2023-12-27 21:00:00'),
(702, 399, 42, '2023-12-27 21:00:00'),
(703, 400, 90, '2023-12-27 21:00:00'),
(704, 401, 75, '2023-12-27 21:00:00'),
(705, 402, 29, '2023-12-27 21:00:00'),
(706, 403, 31, '2023-12-27 21:00:00'),
(707, 404, 50, '2023-12-27 21:00:00'),
(708, 405, 40, '2023-12-27 21:00:00'),
(709, 406, 85, '2023-12-27 21:00:00'),
(710, 407, 10, '2023-12-27 21:00:00'),
(711, 408, 24, '2023-12-27 21:00:00'),
(712, 409, 30, '2023-12-27 21:00:00'),
(713, 410, 106, '2023-12-27 21:00:00'),
(714, 411, 33, '2023-12-27 21:00:00'),
(715, 412, 77, '2023-12-27 21:00:00'),
(716, 413, 109, '2023-12-27 21:00:00'),
(717, 414, 21, '2023-12-27 21:00:00'),
(718, 415, 33, '2023-12-27 21:00:00'),
(719, 416, 22, '2023-12-27 21:00:00'),
(720, 417, 106, '2023-12-27 21:00:00'),
(721, 418, 67, '2023-12-27 21:00:00'),
(722, 419, 105, '2023-12-27 21:00:00'),
(723, 420, 74, '2023-12-27 21:00:00'),
(724, 421, 98, '2023-12-27 21:00:00'),
(725, 422, 104, '2023-12-27 21:00:00'),
(726, 423, 49, '2023-12-27 21:00:00'),
(727, 424, 90, '2023-12-27 21:00:00'),
(728, 425, 34, '2023-12-27 21:00:00'),
(729, 426, 31, '2023-12-27 21:00:00'),
(730, 427, 109, '2023-12-27 21:00:00'),
(731, 428, 37, '2023-12-27 21:00:00'),
(732, 429, 97, '2023-12-27 21:00:00'),
(733, 430, 41, '2023-12-27 21:00:00'),
(734, 431, 42, '2023-12-27 21:00:00'),
(735, 432, 37, '2023-12-27 21:00:00'),
(736, 433, 104, '2023-12-27 21:00:00'),
(737, 434, 94, '2023-12-27 21:00:00'),
(738, 435, 51, '2023-12-27 21:00:00'),
(739, 436, 31, '2023-12-27 21:00:00'),
(740, 437, 87, '2023-12-27 21:00:00'),
(741, 438, 85, '2023-12-27 21:00:00'),
(742, 439, 73, '2023-12-27 21:00:00'),
(743, 440, 89, '2023-12-27 21:00:00'),
(744, 441, 73, '2023-12-27 21:00:00'),
(745, 442, 6, '2023-12-27 21:00:00'),
(746, 443, 86, '2023-12-27 21:00:00'),
(747, 444, 59, '2023-12-27 21:00:00'),
(748, 445, 29, '2023-12-27 21:00:00'),
(749, 447, 104, '2023-12-27 21:00:00'),
(750, 448, 75, '2023-12-27 21:00:00'),
(751, 449, 97, '2023-12-27 21:00:00'),
(752, 450, 24, '2023-12-27 21:00:00'),
(753, 451, 23, '2023-12-27 21:00:00'),
(754, 452, 47, '2023-12-27 21:00:00'),
(755, 453, 12, '2023-12-27 21:00:00'),
(756, 454, 7, '2023-12-27 21:00:00'),
(757, 455, 78, '2023-12-27 21:00:00'),
(758, 456, 29, '2023-12-27 21:00:00'),
(759, 457, 84, '2023-12-27 21:00:00'),
(760, 458, 44, '2023-12-27 21:00:00'),
(761, 459, 47, '2023-12-27 21:00:00'),
(762, 460, 46, '2023-12-27 21:00:00'),
(763, 461, 80, '2023-12-27 21:00:00'),
(764, 462, 62, '2023-12-27 21:00:00'),
(765, 463, 2, '2023-12-27 21:00:00'),
(766, 464, 2, '2023-12-27 21:00:00'),
(767, 465, 52, '2023-12-27 21:00:00'),
(768, 466, 31, '2023-12-27 21:00:00'),
(769, 467, 30, '2023-12-27 21:00:00'),
(770, 468, 97, '2023-12-27 21:00:00'),
(771, 469, 25, '2023-12-27 21:00:00'),
(772, 470, 10, '2023-12-27 21:00:00'),
(773, 471, 44, '2023-12-27 21:00:00'),
(774, 472, 55, '2023-12-27 21:00:00'),
(775, 473, 35, '2023-12-27 21:00:00'),
(776, 474, 69, '2023-12-27 21:00:00'),
(777, 475, 34, '2023-12-27 21:00:00'),
(778, 476, 74, '2023-12-27 21:00:00'),
(779, 477, 58, '2023-12-27 21:00:00'),
(780, 478, 22, '2023-12-27 21:00:00'),
(781, 479, 85, '2023-12-27 21:00:00'),
(782, 480, 101, '2023-12-27 21:00:00'),
(783, 481, 106, '2023-12-27 21:00:00'),
(784, 482, 69, '2023-12-27 21:00:00'),
(785, 483, 69, '2023-12-27 21:00:00'),
(786, 484, 81, '2023-12-27 21:00:00'),
(787, 485, 85, '2023-12-27 21:00:00'),
(788, 486, 87, '2023-12-27 21:00:00'),
(789, 487, 90, '2023-12-27 21:00:00'),
(790, 488, 1, '2023-12-27 21:00:00'),
(791, 489, 2, '2023-12-27 21:00:00'),
(792, 490, 63, '2023-12-27 21:00:00'),
(793, 491, 47, '2023-12-27 21:00:00'),
(794, 492, 2, '2023-12-27 21:00:00'),
(795, 493, 82, '2023-12-27 21:00:00'),
(796, 494, 105, '2023-12-27 21:00:00'),
(797, 495, 62, '2023-12-27 21:00:00'),
(798, 496, 104, '2023-12-27 21:00:00'),
(799, 497, 41, '2023-12-27 21:00:00'),
(800, 498, 71, '2023-12-27 21:00:00'),
(801, 499, 48, '2023-12-27 21:00:00'),
(802, 500, 75, '2023-12-27 21:00:00');

-- --------------------------------------------------------

--
-- Структура таблицы `Tags`
--

CREATE TABLE `Tags` (
  `tag_id` int(11) NOT NULL,
  `name` varchar(255) COLLATE utf8mb4_unicode_ci NOT NULL
) ENGINE=InnoDB DEFAULT CHARSET=utf8mb4 COLLATE=utf8mb4_unicode_ci;

--
-- Дамп данных таблицы `Tags`
--

INSERT INTO `Tags` (`tag_id`, `name`) VALUES
(51, '123'),
(56, 'Alastor'),
(78, 'Alhaitham'),
(60, 'Arlecchino'),
(5, 'Bandage'),
(81, 'Barbatos'),
(84, 'Beelzebul'),
(35, 'Blade'),
(39, 'Blue Archive'),
(4, 'Boy'),
(7, 'Cards'),
(61, 'Chainsaw Man'),
(24, 'Chitanda Eru'),
(44, 'Cloud Retainer'),
(21, 'Cyno'),
(27, 'Dan Heng'),
(96, 'Danganronpa'),
(3, 'Dark'),
(63, 'Denji'),
(68, 'Douma'),
(69, 'Fami'),
(19, 'Fate/Grand Order'),
(102, 'Fiona'),
(86, 'Focalors'),
(71, 'Frieren'),
(72, 'Fu Xuan'),
(53, 'Furina'),
(15, 'Genshin Impact'),
(2, 'Girl'),
(8, 'Hatsune Miku'),
(55, 'Hazbin Hotel'),
(26, 'Honkai Star Rail'),
(88, 'Hu Tao'),
(89, 'Huohuo'),
(23, 'Hyouka'),
(87, 'Jing Yuan'),
(11, 'Jujutsu Kaisen'),
(92, 'Kaeya'),
(31, 'Kafka'),
(32, 'Kamisato Ayaka'),
(75, 'Kamisato Ayato'),
(77, 'Kaveh'),
(91, 'Kazuha'),
(67, 'Kimetsu no Yaiba'),
(33, 'Kirara'),
(97, 'Kirigiri Kyoko'),
(30, 'Kitsune Saiguu'),
(34, 'Klee'),
(98, 'Kujou Sara'),
(22, 'Layla'),
(20, 'Lostbelt'),
(37, 'Lynette'),
(36, 'Lyney'),
(99, 'Mahito'),
(6, 'Maid'),
(90, 'Maki Zenin'),
(62, 'Makima'),
(28, 'March 7th'),
(58, 'Megumi Fushiguro'),
(65, 'Mitaka Asa'),
(95, 'Mitsuri Kanroji'),
(100, 'Mona'),
(83, 'Morax'),
(85, 'Nahid'),
(29, 'Nahida'),
(64, 'Nayuta'),
(101, 'Neuvillette'),
(59, 'Nobara Kugisaki'),
(25, 'Oreki Houtarou'),
(1, 'Original art'),
(17, 'Raiden Ei'),
(73, 'Raiden Makoto'),
(16, 'Raiden Shogun'),
(52, 'Ri'),
(47, 'Rika Orimoto'),
(79, 'Rukkhadevata'),
(50, 'Ryomen Sukuna'),
(12, 'Satoru Gojo'),
(40, 'Serina'),
(41, 'Shimiko'),
(94, 'Shinobu Kocho'),
(14, 'Shoko Ieiri'),
(70, 'Sousou No Frieren'),
(48, 'Spy x Family'),
(38, 'Stelle'),
(13, 'Suguru Geto'),
(93, 'Tanjiro Kamado'),
(54, 'Tartaglia'),
(76, 'Tighnari'),
(103, 'Topaz'),
(80, 'Venti'),
(10, 'VESPERBELL'),
(9, 'VOCALOID'),
(74, 'Wanderer'),
(43, 'Wriothesley'),
(45, 'Xianyun'),
(18, 'Yae Miko'),
(49, 'Yor Forger'),
(66, 'Yoru'),
(42, 'Yoshimi'),
(57, 'Yuji Itadori'),
(46, 'Yuta Okkotsu'),
(82, 'Zhongli');

-- --------------------------------------------------------

--
-- Структура таблицы `Users`
--

CREATE TABLE `Users` (
  `user_id` int(11) NOT NULL,
  `username` varchar(255) COLLATE utf8mb4_unicode_ci NOT NULL,
  `email` varchar(255) COLLATE utf8mb4_unicode_ci NOT NULL,
  `password` varchar(255) COLLATE utf8mb4_unicode_ci NOT NULL,
  `age` int(11) DEFAULT NULL,
  `is_admin` tinyint(1) DEFAULT '0',
  `created_at` timestamp NULL DEFAULT CURRENT_TIMESTAMP,
  `updated_at` timestamp NULL DEFAULT CURRENT_TIMESTAMP ON UPDATE CURRENT_TIMESTAMP,
  `is_blocked` tinyint(1) DEFAULT '0',
  `block_reason` varchar(255) COLLATE utf8mb4_unicode_ci DEFAULT NULL,
  `blocked_until` datetime DEFAULT NULL,
  `block_level` int(11) DEFAULT '0'
) ENGINE=InnoDB DEFAULT CHARSET=utf8mb4 COLLATE=utf8mb4_unicode_ci;

--
-- Дамп данных таблицы `Users`
--

INSERT INTO `Users` (`user_id`, `username`, `email`, `password`, `age`, `is_admin`, `created_at`, `updated_at`, `is_blocked`, `block_reason`, `blocked_until`, `block_level`) VALUES
(1, 'adminlvl3', 'adminlvl3@gmail.com', '$2y$10$lamm6iax7d4DBefBFlAbsOksFfGUJNCfgz.GFfdEP0XxYXdTur/Y6', 22, 1, '2023-12-27 15:29:23', '2023-12-27 15:29:23', 0, NULL, NULL, 0),
(2, 'adminlvl2', 'adminlvl2@gmail.com', '$2y$10$x4AVLFmC3NxA0DEruGJ9z.3NDhh7FtFVmCvB2WRSTZYNxKNLDQYia', 20, 1, '2023-12-27 15:30:19', '2023-12-27 15:30:19', 0, NULL, NULL, 0),
(3, 'adminlvl1', 'adminlvl1@gmail.com', '$2y$10$SJACt2w2kcAtgUvTxakXpeZ7/.YL4aSa9Bj3NjN7WwUbJwCo98lLW', 21, 1, '2023-12-27 15:31:14', '2023-12-27 15:31:14', 0, NULL, NULL, 0),
(4, '￦ANKE', 'user1@gmail.com', '$2y$10$xduKcxOd8WcTtBKRoxlVo.YWbdj8mH57GJ0btBWspNSGUEI44Py8C', 19, 0, '2023-12-27 15:33:39', '2023-12-27 15:33:39', 0, NULL, NULL, 0),
(5, 'Kron', 'user2@gmail.com', '$2y$10$z9WstwcBKfqfESj1KTUQZuW/sCBTIdkYodqpu5R/hfUs.76d9/8cq', 23, 0, '2023-12-27 15:46:03', '2023-12-27 15:46:03', 0, NULL, NULL, 0),
(6, 'Mery', 'user3@gmail.com', '$2y$10$7Ft0ygZx.1kV2s9/COLOR.DUQQWdAcQAVjqyy7FvqagqZptwuQtAi', 23, 0, '2023-12-27 15:55:55', '2023-12-27 15:55:55', 0, NULL, NULL, 0),
(7, 'GenLover', 'user4@gmail.com', '$2y$10$utD6ldsN7inQP1UPBck7LeeDURE8sUFdEXkfUJSSunarxLeaMq/sy', 25, 0, '2023-12-27 16:06:32', '2023-12-27 16:06:32', 0, NULL, NULL, 0),
(8, 'Hinata', 'user5@gmail.com', '$2y$10$isK2Kdk6z6P3DPBNpZMxGeVPCL6GX5I4t9/FaHEJLqobAJlf.wepa', 21, 0, '2023-12-27 16:12:02', '2023-12-27 16:12:02', 0, NULL, NULL, 0),
(9, 'TrueArtist', 'user6@gmail.com', '$2y$10$55YbDUgTh0bVGLqPleYXQetrQWQlKgQbdKqi83qVeZjS4tDBkOJM.', 22, 0, '2023-12-27 16:30:27', '2023-12-27 16:30:27', 0, NULL, NULL, 0),
(10, 'Kaewacy', 'user7@gmail.com', '$2y$10$kf8k3xfRkz1o4KJP2v28f.1emzjXm8KGu.3EpXlb3NdgWI6Gx5zWa', 22, 0, '2023-12-27 17:10:13', '2023-12-27 17:10:13', 0, NULL, NULL, 0),
(11, 'Aranara', 'user8@gmail.com', '$2y$10$joYSWzX7Ymr6SmuK8fZbL.fMgNQ8de5sW4OsE/z2fZ/I9aFLDArZu', 23, 0, '2023-12-27 17:16:21', '2023-12-27 17:16:21', 0, NULL, NULL, 0),
(12, 'Oikawa', 'user9@gmail.com', '$2y$10$vMMY9xvqFJ1r0ECnjuYKTuT1KowZKJPPo17dMl2bXCPwm1JLEwSWm', 23, 0, '2023-12-27 17:18:57', '2023-12-27 17:18:57', 0, NULL, NULL, 0),
(13, 'GreaterLord', 'user10@gmail.com', '$2y$10$a/UbX0pCqDo2edRiqpX0NuQfu84OvSDqkdIFam3j6G4s7o3ZYUB0q', 32, 0, '2023-12-27 17:30:36', '2023-12-27 17:30:36', 0, NULL, NULL, 0),
(14, 'Kazuha', 'user11@gmail.com', '$2y$10$mZ9vD5jPFRWC86EwT2hmDutxT2pMh6QX4oRHmClZmACZEQ2REPNZu', 32, 0, '2023-12-27 17:39:55', '2023-12-27 17:39:55', 0, NULL, NULL, 0),
(15, 'Raiymand', 'user12@gmail.com', '$2y$10$DH4J2sbif84JA58lF8rAxeD5RQt4ghtN74TDJb55jSOhCIsbacPkG', 21, 0, '2023-12-27 17:46:47', '2023-12-27 17:46:47', 0, NULL, NULL, 0),
(16, 'Eléa', 'wcarlino0@delicious.com', '$2a$04$Nw28lZ7qsYAdf5n5v1ViCOfW3b5UDlR8aJpVE11GiH1IXMApVDl86', 18, 0, '2023-12-27 21:09:16', '2023-12-27 21:09:16', 0, NULL, NULL, 0),
(17, 'Cécilia', 'amatthieson1@example.com', '$2a$04$6lvT.4sERy5i5nNzq2kBRemOJtRhRMJbXrY6g.CZcIAwJGhzZ.Iga', 24, 0, '2023-12-27 21:09:16', '2023-12-27 21:09:16', 0, NULL, NULL, 0),
(18, 'Yú', 'cocleary2@bravesites.com', '$2a$04$ojuWJ93NtDrAc1hnDIcQ0O4zidHN1BtxH6pxx5vF82.Iaq7fVbfZW', 34, 0, '2023-12-27 21:09:16', '2023-12-27 21:09:16', 0, NULL, NULL, 0),
(19, 'Hélèna', 'vzienkiewicz3@abc.net.au', '$2a$04$VSXFRXNikMYR5ebCdUAQVe2gOzciwdk7ANBMzp.GZlKrxF/19b2GG', 24, 0, '2023-12-27 21:09:16', '2023-12-27 21:09:16', 0, NULL, NULL, 0),
(20, 'Angèle', 'plardiner4@xing.com', '$2a$04$lPtC1ULJtMdgaHAU4vg9geDvdKItSTSZYwUB.1mORreXm.w.qAUsi', 28, 0, '2023-12-27 21:09:16', '2023-12-27 21:09:16', 0, NULL, NULL, 0),
(21, 'Hélène', 'mbedder5@google.fr', '$2a$04$N/uodcfgab/UtEkHWW2VieMX5x1eGByRzicZmdeeDxxXHbZDu4avK', 33, 0, '2023-12-27 21:09:16', '2023-12-27 21:09:16', 0, NULL, NULL, 0),
(23, 'Dù', 'pspringfordre@live.com', '$2a$04$SthycgzYEUWI0DMB0jddCe8t49NssWq0j/60/y8eMHLf.ODimJ2Ke', 21, 0, '2023-12-27 21:09:53', '2023-12-27 21:09:53', 0, NULL, NULL, 0),
(24, 'Märta', 'lmullettrf@irs.gov', '$2a$04$RQove9xGZwDCDUf2pM4wvur14t7oiA2LQNHH3f6AnuU/9vjqu.tsq', 15, 0, '2023-12-27 21:09:53', '2023-12-27 21:09:53', 0, NULL, NULL, 0),
(25, 'Crééz', 'sratierg@economist.com', '$2a$04$KHCarPSqlwXRHps3Bc15BOpuGaztqn2fIlflHFpsJedgf1lPg6YLi', 29, 0, '2023-12-27 21:09:53', '2023-12-27 21:09:53', 0, NULL, NULL, 0),
(26, 'Liè', 'aroantreerh@ning.com', '$2a$04$h.07Ti/lG6WWcEvRBHXOQed.zwZvVRjfqn4iDbnUEB39hMgjJGGsu', 19, 0, '2023-12-27 21:09:53', '2023-12-27 21:09:53', 0, NULL, NULL, 0),
(27, 'Cinéma', 'mspellarri@sun.com', '$2a$04$rXRAEjUR9W88kBpRsOT0/u8DgCA9fJuTkBgkB9uld2lxTRv5Y94N2', 27, 0, '2023-12-27 21:09:53', '2023-12-27 21:09:53', 0, NULL, NULL, 0),
(28, 'Aí', 'bwitheridgerj@arstechnica.com', '$2a$04$IHXyMd8RqMi71IXOi6fcJOLapwUejjLKT6kP8dKIG3u29CmzCBgTa', 37, 0, '2023-12-27 21:09:53', '2023-12-27 21:09:53', 0, NULL, NULL, 0),
(30, 'Edmée', 'imilbourn0@mail.ru', '$2a$04$xa6qfYBRbYqv1zqTKDNerez12JS7SZ4YcDjadqOlXhZYlNv.aHlJO', 31, 0, '2023-12-27 21:11:17', '2023-12-27 21:11:17', 0, NULL, NULL, 0),
(33, '$2a$04$RCB6QgHuSEIlsCB2AjFHxexSaXj/.PO4HTBsGG2V.HwCPTR4LKRyq', 'zgairdner0@nasa.gov', '$2a$04$VPrAkx/TRkaVMnvYNSN/AeSMO5qP7laL2OotrKx7zoNDA3xkcPZ3e', 19, 0, '2023-12-27 21:12:03', '2023-12-27 21:12:03', 0, NULL, NULL, 0),
(34, '$2a$04$0RUNxFJfdU2MBkQG/wLcVel3pV7TcLE8Y6C9c8OOIzaAqpKRrHZny', 'sfache1@51.la', '$2a$04$loT0W56lXfl.CTcegBsjoeGLLicg2IVN2RL0DUjYd0iAHkIRAQO/G', 38, 0, '2023-12-27 21:12:03', '2023-12-27 21:12:03', 0, NULL, NULL, 0),
(35, '$2a$04$jcGGkkZ1hnVx4xbbS4R3o.PRvM.GoJxFD9xNG/jNM69kv93Ky8V4q', 'cjeune2@msu.edu', '$2a$04$1IaSpTtskZ1Vl0cC0Y5Qwup7jenxxA2tftKy1eWjGWHIsDhNdiQ7y', 22, 0, '2023-12-27 21:12:03', '2023-12-27 21:12:03', 0, NULL, NULL, 0),
(36, '$2a$04$f//VeK4/XT47DeDbHajHUezZgwI7w0hPI.fZVlceJcFeJTnrawJ8C', 'sbalcers3@seesaa.net', '$2a$04$S36AirO87nZeiIQwjfw0fec6k9wqBhX5qMCwBVeO1elbuarghGIaS', 34, 0, '2023-12-27 21:12:03', '2023-12-27 21:12:03', 0, NULL, NULL, 0),
(37, '$2a$04$WWbMQ0fi88j15Lr3GxTPbe6KKD.CqmOTSgNmGMRxMq4xSQkzy/V9G', 'bwass4@free.fr', '$2a$04$njfdHppWjOLt7doB2kAine4.mvLf6kqMJB1qacbBfpBysxRpuoDLy', 27, 0, '2023-12-27 21:12:03', '2023-12-27 21:12:03', 0, NULL, NULL, 0),
(38, '$2a$04$KFgTG/1.KlJjE3OFOc3mHeQrCXwgGtYdV83BbuQMxKVm80d1Wl6ee', 'abrasse5@altervista.org', '$2a$04$HOvVBkKxP.ucbMMc16Bmcuiqi45x3y7dpFFufeSHCunf8khwPqcim', 18, 0, '2023-12-27 21:12:03', '2023-12-27 21:12:03', 0, NULL, NULL, 0),
(39, '$2a$04$R5.ACfbdYqqQkcrWsUrz7.Jkj0m.lZV0cFzoxYcjYUE4eXxU32nPO', 'jtyhurst6@arstechnica.com', '$2a$04$3SB3zp.MxcwKNiZl7dTEH.j9hNNlYHCCFqBag0AU2mE7RLGlDZZsm', 39, 0, '2023-12-27 21:12:03', '2023-12-27 21:12:03', 0, NULL, NULL, 0),
(40, '$2a$04$EVAIeSCM.mEmZ0WryHXU0O.f82uaa1WtO8eX0JFWldZZlyfTc4MtW', 'nslayny7@yolasite.com', '$2a$04$dEamUFP.i7/UINE1pN/qD.oNQHub7yFzhUiEjwrQw7EIJSoMLr.Yu', 20, 0, '2023-12-27 21:12:03', '2023-12-27 21:12:03', 0, NULL, NULL, 0),
(41, '$2a$04$vRqPpt/bqlGlM07JE/PDN.330e6bKK.JzECOgivDZW/AFwARvaFl6', 'dlocard8@sakura.ne.jp', '$2a$04$4l0TFi4gXZbjUYD1yanQdePOjXDp2O5KwofEgxxhJ2vyKO1MoxRNO', 20, 0, '2023-12-27 21:12:03', '2023-12-27 21:12:03', 0, NULL, NULL, 0),
(42, '$2a$04$CdcycK8l0NGMaHJ.YZHknuYKNJypkPS2fgeKtsYlZQy0i8B96/mZ.', 'iquarmby9@mac.com', '$2a$04$JiUn0Ie.biS/clfaHkuFreiNkQahlX9uhnwOX/sFua.WolQFTXTaS', 20, 0, '2023-12-27 21:12:03', '2023-12-27 21:12:03', 0, NULL, NULL, 0),
(43, '$2a$04$lJGaA0JVV4I.ZazVGFEzD./EHz9DzRSQBtrHeroBoWn4dA2HZ5a.C', 'gbanischa@wordpress.com', '$2a$04$vRTryMy7LPm68fL5L7rH0.tbGpLSkWzUYZWdeSufgTUsa.ey3Caqy', 38, 0, '2023-12-27 21:12:03', '2023-12-27 21:12:03', 0, NULL, NULL, 0),
(44, '$2a$04$afKWMb8wriXDqCAMhnvIA.NTc4bY/mYYbFxsHR.lig2L5ZM.Zq.WC', 'sbiggamb@ycombinator.com', '$2a$04$YvHYOiTQvsE.1ExZFrmZnOuTX/.gIGDaV0T4WUt58.RqypxixtjEu', 28, 0, '2023-12-27 21:12:03', '2023-12-27 21:12:03', 0, NULL, NULL, 0),
(45, '$2a$04$Obx1oYqHrTXNALjgYK5oU.3VzePJdpihI.nYa7jZJaguh.JMY58n6', 'speekec@xing.com', '$2a$04$IeWdY8XH7X9OnCgv8WiSQ./xJl0eD1.tnaaI42/LUZQr0ea8UiU1S', 22, 0, '2023-12-27 21:12:03', '2023-12-27 21:12:03', 0, NULL, NULL, 0),
(46, '$2a$04$MO63lVNzuvLOTGNjsEOWqODFOgxjBqqLq.6LDmsgsW0HvigqQo8Ou', 'gjosephd@wunderground.com', '$2a$04$pf5yffxBzBJep.pqa/Yjquf.8cDkW0mzHOGW1DSpXYf3ixAlo3XB6', 28, 0, '2023-12-27 21:12:04', '2023-12-27 21:12:04', 0, NULL, NULL, 0),
(47, '$2a$04$cDOmnxREDvpiTZrV.vLQ.eB7uI8JSu1VYEyRaLTu.R38Vc/YN4NrW', 'rleatherbarrowe@phpbb.com', '$2a$04$KN.WU11DArUzKQSpBbsdeuP2CNeFUyRVbMeJGNmTmKAYBFQUugD0m', 30, 0, '2023-12-27 21:12:04', '2023-12-27 21:12:04', 0, NULL, NULL, 0),
(48, '$2a$04$jfq4XovPjw.l5jnDxsR/F...ttbXHljVugXDGB4ytdBQE3NFSiZBu', 'tstubbesf@sitemeter.com', '$2a$04$A/8I8990mtk.llhD.AQaOO4fa9YBPKL2b0vdAN1yIiK.KF72QhxZ2', 33, 0, '2023-12-27 21:12:04', '2023-12-27 21:12:04', 0, NULL, NULL, 0),
(49, '$2a$04$KXp6adb.Cb1PhrRIJ9wkBOcwGk0hsEHPNHueCtpCep6EO9CrTnVJW', 'rkitchenmang@shinystat.com', '$2a$04$VngdqCPXED1PtqfxtKEyKOgl/RkXaSkDyZDuR2bstIgsa5fmjbcuO', 37, 0, '2023-12-27 21:12:04', '2023-12-27 21:12:04', 0, NULL, NULL, 0),
(50, '$2a$04$MyVyg7GWIMPUy2rdhaxvqeRNWTa2wnFF9FAzqzYQN0lQDJjO1dl1q', 'bcockinh@canalblog.com', '$2a$04$KceFGSZhyZ/Rto4aJzpe3u5iIfY2E43kequB5IxjQyuOu3He0zyUa', 32, 0, '2023-12-27 21:12:04', '2023-12-27 21:12:04', 0, NULL, NULL, 0),
(51, '$2a$04$oe0oMdNWlLMkxDU0jRA5mecUiylnZfCu0xFXVTFIpg5zg7mR8dDOa', 'ciacobuccii@themeforest.net', '$2a$04$m8bZLBSJwOmIHLo/i779BuizLeDvIzDkI9EPZDxslws9fAWGrtA.i', 40, 0, '2023-12-27 21:12:04', '2023-12-27 21:12:04', 0, NULL, NULL, 0),
(52, '$2a$04$uTJJrGVqR1r0h/oxkF6NuufeEK.p0nHHCXsRptKUiY2J2RQVu.0AC', 'tbatthewj@smugmug.com', '$2a$04$6uwnLPIpeTkdcDUXY35pAugGW2b2JgSOzxTJc5Rfr97TFyXFBV9ke', 23, 0, '2023-12-27 21:12:04', '2023-12-27 21:12:04', 0, NULL, NULL, 0),
(53, '$2a$04$TkikeuqwYdtamp8yr4J4GukDWAY4tCcNCTxMPOUf/CFViY2i8tdTe', 'psweedk@163.com', '$2a$04$z8K/dtkLxkgoCdBs21eLneToxGawuCAQVR4J26gNG78X6bazF2M7W', 20, 0, '2023-12-27 21:12:04', '2023-12-27 21:12:04', 0, NULL, NULL, 0),
(54, '$2a$04$b6MerJBILl.Dj0IU7sZm6e7toDJDAGy3SZVe6Ncs81ymU5pvrA/fi', 'mstagl@youtube.com', '$2a$04$zbjpJFY4B2yJULyUPvkboe7loGn70vzb46RteFnBFBFdsXp8az.re', 20, 0, '2023-12-27 21:12:04', '2023-12-27 21:12:04', 0, NULL, NULL, 0),
(55, '$2a$04$3jFzRfDlNyuvJlJ6arRsKOh4IcN.DtUa7z0HxF3.cNHLGccePU7a6', 'rkilleleym@pbs.org', '$2a$04$L2SHItp7mqHxfZ9pZkoDr..NdbjiC8V/oatO/AxSPXS5kM6Yuwjpm', 18, 0, '2023-12-27 21:12:04', '2023-12-27 21:12:04', 0, NULL, NULL, 0),
(56, '$2a$04$OajNoa9qsnnPHXhIjPEot.puwrl7yk7aXziH/mIHDjU/KPwnEdFc.', 'sbenedidickn@dyndns.org', '$2a$04$2ARBxTr/IqwmRhkttN5iWejO/q1nql2P9jzHr1pEHUfhSEiK1Y4sW', 33, 0, '2023-12-27 21:12:04', '2023-12-27 21:12:04', 0, NULL, NULL, 0),
(57, '$2a$04$R93egCCpjHOWKqFlYgUq.eHq7KS2FT8rfzjLs89x2fXXdidM65UMO', 'fgostageo@nydailynews.com', '$2a$04$Pj6z6RZolAeZaVvIsWS6Mu/cMY1R9DprXAihkvAACU/pgzNo/rIHG', 21, 0, '2023-12-27 21:12:04', '2023-12-27 21:12:04', 0, NULL, NULL, 0),
(58, '$2a$04$OCj9RJHvGfFpn2ERNhmRzepiom2nwfMDSRDQA8qE7X46An7fL7di6', 'bdelgadillop@de.vu', '$2a$04$9Lf.NMVWfTQ.L4xkrvwYteuEj2TXJC6FtzwkcE3wDuILcb5pr5liy', 37, 0, '2023-12-27 21:12:04', '2023-12-27 21:12:04', 0, NULL, NULL, 0),
(59, '$2a$04$Go/4F2Kh6ayGibFrzfNwFu7Z8ZZ6ekHfYC6NUy4y8TBBQo.aQWUCm', 'pbreartonq@google.pl', '$2a$04$iix5rAMV99WU3WEoaHqPs.PwBrs74kjf.mYE8vPTqJL34gaVAKCGm', 24, 0, '2023-12-27 21:12:04', '2023-12-27 21:12:04', 0, NULL, NULL, 0),
(60, '$2a$04$vUo/4xbBwO8XEPVsezgyiOtri0IKQOjDhggqmWiliVAkE8exsehAe', 'cdeabillr@cmu.edu', '$2a$04$sDX4BqRJ98Lea9pSmo3Bi.M3EnssyvaBFn.K97n59IXD1t//daOmm', 31, 0, '2023-12-27 21:12:04', '2023-12-27 21:12:04', 0, NULL, NULL, 0),
(61, '$2a$04$MRXBWK7aEaUhJQ/1RZy64eIInBWFNwh0EljvY2H3LBy0dYhx1rNFa', 'dstoffers@com.com', '$2a$04$Ljmn8UU14H0f4cGIA5f3beGSRz8G3FbK77oKkARZTK1HHPKjJXnd2', 22, 0, '2023-12-27 21:12:04', '2023-12-27 21:12:04', 0, NULL, NULL, 0),
(62, '$2a$04$q6Aojd6a1ojJFvNEmr8qhu6QTxtJD1GwaW35t4niNEmxywdQbMEC6', 'mglasheent@tuttocitta.it', '$2a$04$u5m8tr4ihQ/ucOWWJL.dCuNQTSBXe9.4QL2mJ/d2.cSSA4Qf55ia6', 34, 0, '2023-12-27 21:12:04', '2023-12-27 21:12:04', 0, NULL, NULL, 0),
(63, '$2a$04$AeSvjVfiDY8p8to72uINqOf1150jxOLHXSkbw.ckZtI782CLXhRLG', 'cmatusu@google.ru', '$2a$04$/E0fi77DvMvc1NcAk/HmQOK31JwOUSV3Ak5AyA55TQVBZcHVPqewW', 21, 0, '2023-12-27 21:12:04', '2023-12-27 21:12:04', 0, NULL, NULL, 0),
(64, '$2a$04$uPIdDiycHRmEqbHslr.mB.YWrEPTOoFi1SCedqGV2cj4Na3hKF.0G', 'cmillhousev@posterous.com', '$2a$04$Adx/I2LFGgt2orTT7FRKsuTAjbDvltvsgHwfz6NlPlIoKtZGwTWdC', 23, 0, '2023-12-27 21:12:04', '2023-12-27 21:12:04', 0, NULL, NULL, 0),
(65, '$2a$04$7BMV5J6ZiavPQDlPyCAxZ.vLF3vmOrYdatatO2I5e6NQbl3Q9SCPu', 'twinchurchw@scientificamerican.com', '$2a$04$YiAUJTESfh1QNF4536rQ8e1ynTJWYymuB3tphIiBLpYdz7SR2rGE2', 23, 0, '2023-12-27 21:12:04', '2023-12-27 21:12:04', 0, NULL, NULL, 0),
(66, '$2a$04$a/NyOfsx2U.AqsjEa2DsQOK4ptpRIIGn4RrscGs.VueZeIeKib2ha', 'hadcockx@si.edu', '$2a$04$VvTmetnnMJah7PcPjgM98eG2S/Y4QAwEqo8igDhcdSgLvQHAQm2Pm', 33, 0, '2023-12-27 21:12:04', '2023-12-27 21:12:04', 0, NULL, NULL, 0),
(67, '$2a$04$ZJwqMeDhsXupywLP.BdlsO60JG4rsq8EsqO7aQ1CLR46gr5q.jeua', 'wferreiray@theatlantic.com', '$2a$04$epGT9.PdGO2s6/jz9NLzt.nmQWIED7b1kXf30//sd6w2n1esFT/Ue', 36, 0, '2023-12-27 21:12:04', '2023-12-27 21:12:04', 0, NULL, NULL, 0),
(68, '$2a$04$WMCShu8C.RXNeQK.VzqgaOHrDW0To0EkBlcuEWAq12SQxwT2JaMsy', 'swolfez@blogger.com', '$2a$04$cqrOGH5sB.JRrF1ahqj.MuETzaYkJlp8trNG61MH65ugw/puFRvve', 21, 0, '2023-12-27 21:12:04', '2023-12-27 21:12:04', 0, NULL, NULL, 0),
(69, '$2a$04$fVoxpAnWZ04rrqPRYzrlI.8ko7pMryB7Ogj0kceQS85xb6xxtiNtu', 'nlukasen10@multiply.com', '$2a$04$K4GvchzJ/rqsVvqqIsVRnOH//Ys2xmdm2ctaGjJkOejMiME6a6qCe', 27, 0, '2023-12-27 21:12:04', '2023-12-27 21:12:04', 0, NULL, NULL, 0),
(70, '$2a$04$JDkCiIkx9OzYMt6Vj8W3cuihf8cm./lU9z91NxAd2gakEwPP4Ygg6', 'mdoerffer11@sbwire.com', '$2a$04$gbyB.2.I3psJVbp0XAQLTeeGdUQwQhfCcem1Gn.qFg9RbGrRWoATG', 24, 0, '2023-12-27 21:12:04', '2023-12-27 21:12:04', 0, NULL, NULL, 0),
(71, '$2a$04$wpbbAPEB6XP3n5zJMUeQU.CN1.1IcpknIEM2hYrR.5W06nttyzo1u', 'ntilson12@ft.com', '$2a$04$/ncvOEHZXsOp4jdyKOmM/eL3H05.93V8GjHaTgrpHEC3hPWz215Om', 16, 0, '2023-12-27 21:12:04', '2023-12-27 21:12:04', 0, NULL, NULL, 0),
(72, '$2a$04$I8GKv45BK/N04e6xCkoa9OG70FEjdhBoYODFrEYBtaXSJ5S8PjDTy', 'jship13@tinypic.com', '$2a$04$EmQ89L2RwvzCtIZIF2cA.uq9kFzzuvfcPKYzRQOyZTzsMR9BaChyu', 17, 0, '2023-12-27 21:12:04', '2023-12-27 21:12:04', 0, NULL, NULL, 0),
(73, '$2a$04$wzwwPa3aBnTHMy4TAVu2EuF9Q4uVc1mNAKhdKUsxqBY5bB3unN91e', 'mesome14@sfgate.com', '$2a$04$YGArdoEEF5sI/bNDPh9EPuRuE5VRJRxbXw8ddH2zo7oFL2RRa4UQW', 39, 0, '2023-12-27 21:12:04', '2023-12-27 21:12:04', 0, NULL, NULL, 0),
(74, '$2a$04$.FHPdHxzA/uF091Ey1bRI.zHQfFmeUUecYPMO2k0uoAiLE7lstWCO', 'nkubelka15@globo.com', '$2a$04$9.9Wmjh5evo837n57vW7NuZcEu8UQLhu15TRlcFqzu3YrJN/fBNoi', 40, 0, '2023-12-27 21:12:04', '2023-12-27 21:12:04', 0, NULL, NULL, 0),
(75, '$2a$04$EcNO6pcgN5r3lwVe2wais.UY78TTOiOK3ugY3ciaI62hTCvXr70ku', 'jvongladbach16@jimdo.com', '$2a$04$VcPVB69UcPbaE31neIcg/ObVqPVWMwkZrNqylUiRnheDkt8cWpNsG', 24, 0, '2023-12-27 21:12:04', '2023-12-27 21:12:04', 0, NULL, NULL, 0),
(76, '$2a$04$wEKHHGwDWAzNOgtdnfhLc.qee6d5wd7HSY815eRLB8peWO8hG2Sey', 'jmacfayden17@fastcompany.com', '$2a$04$fWVVm4bTS/qgKokyGxiiGuGw2UlXltG2yq5T6fsfInHI36BIfQmLG', 39, 0, '2023-12-27 21:12:04', '2023-12-27 21:12:04', 0, NULL, NULL, 0),
(77, '$2a$04$ojBqMAHm2AP454BnKE2rmu6Gbm3HSWYcQHI4yYKHFa87xvIZ/ghLC', 'mleadstone18@technorati.com', '$2a$04$imYngmSV5l8.knccebbrdegnJOviIU1xWMbbwF8yC17q7ehHJ/kXS', 29, 0, '2023-12-27 21:12:04', '2023-12-27 21:12:04', 0, NULL, NULL, 0),
(78, '$2a$04$fA.iA5TzOAnE9wkXqAArKeggdxYgPgKaNi56g26V0I5mP7LdzLeRO', 'jfairlaw19@flickr.com', '$2a$04$yHPivsnkk.nhe6ZWpmPktOAVikFlgvV/3Ozve4wKUCEghyYrMqXwC', 26, 0, '2023-12-27 21:12:04', '2023-12-27 21:12:04', 0, NULL, NULL, 0),
(79, '$2a$04$wucnG7k9v3V0htK9TUC6ZuVJbDxBaDZbKS.0kp8ACg2WDXXz9a9.q', 'wtrevillion1a@canalblog.com', '$2a$04$EGtToJpeg3lg9MCLdksKkef1RK05GMlVjoDMBU2AmLxVviw6pUdxG', 32, 0, '2023-12-27 21:12:04', '2023-12-27 21:12:04', 0, NULL, NULL, 0),
(80, '$2a$04$KUAGhLIkrt9CFByXG/EEiu3lWpwz628pKpweo2CdQV8ESM5vn1h0a', 'djamrowicz1b@dion.ne.jp', '$2a$04$54Ru1O/sXs5ZF4sUHGPX5OsWEAHaLsFFZCNPIa0Aw7MAyl3J9B7ly', 17, 0, '2023-12-27 21:12:04', '2023-12-27 21:12:04', 0, NULL, NULL, 0),
(81, '$2a$04$yv2RAYQhL6mmUnUW2zmQ..QWInzkITDdp973cr8EUkITSo/BY8lKK', 'ahousiaux1c@163.com', '$2a$04$e5IGEyjSKglRXUcXxtAsXOxVCpMsA2f7pjtJXRidFTrNAuyTss05.', 35, 0, '2023-12-27 21:12:04', '2023-12-27 21:12:04', 0, NULL, NULL, 0),
(82, '$2a$04$95jo1QkfX2hlUmoOFpaCueV2y7mcu0V1U0ZZ9907gH99WKgFtx3US', 'lsneesby1d@feedburner.com', '$2a$04$k4LEHLtjFZ5Kin/72D2rdukUxEKj5FHiCqqj/P5Tl3NAFjy1uT1n2', 29, 0, '2023-12-27 21:12:04', '2023-12-27 21:12:04', 0, NULL, NULL, 0),
(83, '$2a$04$shJgpRvUMcZsNkyqpVOtb.yYjAt1JCeujMn0pRY.pk8GljKGHjJcW', 'mmeaker1e@cornell.edu', '$2a$04$EYl.DkWhRDGMT2vcLyhu7ujXSihnQb7ics3xRrUsdzzCBNJUHw1Qy', 39, 0, '2023-12-27 21:12:04', '2023-12-27 21:12:04', 0, NULL, NULL, 0),
(84, '$2a$04$qXYCj4O7.pVp92F3w7pKL.MkiGkhWBbIgh3PXGxyV/ttvQunIRjDC', 'athorne1f@timesonline.co.uk', '$2a$04$qgfDB3O5F5UiauowAiyAfOCEeSurUH9ZZ/uJ3XP0ZuTLNn07QS1OC', 35, 0, '2023-12-27 21:12:04', '2023-12-27 21:12:04', 0, NULL, NULL, 0),
(85, '$2a$04$ww3BQNiXzfDVMDwTimQZ7etyWBrj82a4QPX29S0KAiLKjDzXdIIQK', 'pmatthai1g@shop-pro.jp', '$2a$04$nx.YERCjyJguOWAOVBnr.uLTF4Cmqqlws4KDn9szACtnkX53UDTHi', 17, 0, '2023-12-27 21:12:04', '2023-12-27 21:12:04', 0, NULL, NULL, 0),
(86, '$2a$04$DNO/TN3BvZpvnTSfLelu1OFb9iQwi.ImWTrDp56Gu7VrgHdcT0Wc6', 'ovanderbrug1h@admin.ch', '$2a$04$YHDALO1QoyL1zaEdUzmIOOupjkvCJbXUUnGeacIiqV4yj6BlF7Mhq', 25, 0, '2023-12-27 21:12:04', '2023-12-27 21:12:04', 0, NULL, NULL, 0),
(87, '$2a$04$3uVxbUFhZom1GfVIwmnOMOr/gpj0ugFMK540x5mUQoBSL1PX6KjUm', 'steresse1i@ftc.gov', '$2a$04$2S22UhaubjLRCqLcGJ.RguRiEsqnb5LUNy.eQISeHMHANS8S/WV8.', 22, 0, '2023-12-27 21:12:04', '2023-12-27 21:12:04', 0, NULL, NULL, 0),
(88, '$2a$04$C3cBgPN8czJ/o1oYgHXnuODpk81y0odseCuT3pFeQuI/UYpHU/CTa', 'ccurragh1j@desdev.cn', '$2a$04$0J4PBNXCxm9rpP3/XFUqKe9zrQuxPPVDzr1CQo50KQwNFDLCvNN/.', 20, 0, '2023-12-27 21:12:04', '2023-12-27 21:12:04', 0, NULL, NULL, 0),
(89, '$2a$04$kfmFWUCVsSZm.c1Lhc5m2.8N3zuRQiOtmT4fjJOI1jyMYvtkJkf7.', 'pchatelain1k@nih.gov', '$2a$04$BKNDjMhrzZ/z1Y.b5et2UuI2FvUyeATlg3CHBuXS/HQaizTcL6I5y', 20, 0, '2023-12-27 21:12:04', '2023-12-27 21:12:04', 0, NULL, NULL, 0),
(90, '$2a$04$zt5olOHtFxCibt4GTpwSm.NQ89JrO1iDz3y0YwyvJzJnQzp8oQqT6', 'reastbury1l@clickbank.net', '$2a$04$bFSLZlGXE32VJSjVS24kU.Fzm2gOMJTc0wlHozZxPvIukjojokVDm', 37, 0, '2023-12-27 21:12:04', '2023-12-27 21:12:04', 0, NULL, NULL, 0),
(91, '$2a$04$fkyUBHDilE43XnO03/YvQ.eCid/Y.i/dYGGYvpNljVWfCUW7Rh7yC', 'tlennarde1m@msn.com', '$2a$04$ths0LqxqM7l9wK1zHc.jX.y2r9.M8dHWJglH7wGoJ0ZerLwESg.zu', 20, 0, '2023-12-27 21:12:04', '2023-12-27 21:12:04', 0, NULL, NULL, 0),
(92, '$2a$04$VvcEx.YGVVaWwY9vJ7i/j.vR8pTk4HAkUdMlEhJ7XE9qMMKvpRcaK', 'rdouthwaite1n@amazon.de', '$2a$04$X0ZhZynffV.2kn93RldF.exAT88HWFX1D7TuM/Y3WPPrGyL/jb6sW', 30, 0, '2023-12-27 21:12:04', '2023-12-27 21:12:04', 0, NULL, NULL, 0),
(93, '$2a$04$svHqLWOR2g/BvLZ1kE/utucGXNU/DnRqeMZFsdHX960VSgxCVhQzG', 'xwaycot1o@instagram.com', '$2a$04$DiZv3zokvoBywTrTVAKE.uYvYqVbPgbtyca0lk7wHdOAOjAhdoTM2', 37, 0, '2023-12-27 21:12:04', '2023-12-27 21:12:04', 0, NULL, NULL, 0),
(94, '$2a$04$evB7w.qEldxpL9Ra3x1HuuSrrss4a/vEOHJiAFkSRXpoe.e7okwrS', 'xslowley1p@chronoengine.com', '$2a$04$aJ.kr4T8nG3nI75WvI680ec9N9Hn98jZ/NvTXjRVCAuW9lqv3SdzC', 32, 0, '2023-12-27 21:12:04', '2023-12-27 21:12:04', 0, NULL, NULL, 0),
(95, '$2a$04$/GxM1xlJE6jXfnyeCufFyO41BgS5H9CQ4jRMs5NnuF81GcnRxy/Ru', 'kspalding1q@wikispaces.com', '$2a$04$sSl01ypwyrS7G0lqAggFb.MXx4kzz4OjgoiajaFDfhR4UQt5.yIHO', 29, 0, '2023-12-27 21:12:04', '2023-12-27 21:12:04', 0, NULL, NULL, 0),
(96, '$2a$04$Wj5vb0PdT2OCeI.BQdVbzeoRlYacfKKQP8gT.TGTngT0m3r3S5kBK', 'sbretelle1r@cbslocal.com', '$2a$04$jws06MOgVwQcfUuG.NPf2.4MdP4miec18iwgEQiL0x50UVw8rqdle', 39, 0, '2023-12-27 21:12:04', '2023-12-27 21:12:04', 0, NULL, NULL, 0),
(97, '$2a$04$gFI5TRKDxsO5YxnSWQTzOu.5OHuHaEg5dxyWXN4HZpjefq.PXBrxi', 'zyukhtin1s@va.gov', '$2a$04$y2BAnwMc3i/bCEPPVNtVtuS9ZuO7Nx8rlDFnsu5TWthEsaX0VVOPm', 20, 0, '2023-12-27 21:12:04', '2023-12-27 21:12:04', 0, NULL, NULL, 0),
(98, '$2a$04$dSzoDpaE.lsUMJK7o5vU8e9eshCW4K.0lt4kw/S6KNDETG7vJvZs2', 'mohern1t@geocities.jp', '$2a$04$L3fA5L9U7hONbKcbbD3RJuTj5pQfo4FRXUxF8jKnbIpA.NfXTVoLO', 26, 0, '2023-12-27 21:12:04', '2023-12-27 21:12:04', 0, NULL, NULL, 0),
(99, '$2a$04$f7XL5z4OLvqB9M3tIBF18.eCNXZdUELQ.8aYazoy9yztHz0tHTYUm', 'wcoggill1u@mac.com', '$2a$04$TEZx88w.H.81JrKp6J5JMu3kkuHRrAlvQExPnHPDwYmoXVXzfRUg6', 39, 0, '2023-12-27 21:12:04', '2023-12-27 21:12:04', 0, NULL, NULL, 0),
(100, '$2a$04$M04exlOW4e9W02BXdGHAvepo2h4J.vr.23i10qoFGzT43BZEY/pmK', 'jpapaccio1v@lulu.com', '$2a$04$UzaxzAmor1Nqn12/Cme4a.lC5MqnZ4x3FYDf5uf/K6OmEQDef9LY2', 20, 0, '2023-12-27 21:12:04', '2023-12-27 21:12:04', 0, NULL, NULL, 0),
(101, '$2a$04$e76SkFHE6XhAc8kzhn6U8.hhUB6liorFL/mc9ANDUzuk26kpfNHSm', 'ksciacovelli1w@tuttocitta.it', '$2a$04$N3aRtJGVS9viDhBdWmGSBeXdmw4.3fB2e6q4yeSPrFbZmLxANg/q6', 36, 0, '2023-12-27 21:12:04', '2023-12-27 21:12:04', 0, NULL, NULL, 0),
(102, '$2a$04$RkZYT3tWIXv4EnvSicsvR.w.tbtnUtz8yp7r6H.7rW6vRBEqkPIbm', 'msalvador1x@chronoengine.com', '$2a$04$21.zR.Vy3eax7KZVfYeh3u.kw0XmTAPzUEHPudRiFqf84dpCQeTQW', 25, 0, '2023-12-27 21:12:04', '2023-12-27 21:12:04', 0, NULL, NULL, 0),
(103, '$2a$04$ZYyYoYKFKvusbjRRL3xyTuP9cxvyOEsLKbARO6W6ASTeDLtht2OG6', 'cbeaven1y@dyndns.org', '$2a$04$BOwYPl4EpiwuLotDTid5MeQ6d0n4iQBktx/7eH05iQ89ANzMbb83O', 36, 0, '2023-12-27 21:12:04', '2023-12-27 21:12:04', 0, NULL, NULL, 0),
(104, '$2a$04$Ky0L2hWHDtNxL5.do/GZg.wGRiIaoSFdVCxRSZgWo1HLMNqYSHbDy', 'rmcquorkel1z@google.fr', '$2a$04$OiZafK5mWPe7gjgQO.aW7.jOPhMMyBK2w716JhP966Z/4Ek1KC4AW', 15, 0, '2023-12-27 21:12:04', '2023-12-27 21:12:04', 0, NULL, NULL, 0),
(105, '$2a$04$MKw.12PrbM8FF0caH7uUPOB3pvjSCQzIiTKX4gH2Eo/ALGQbl2xWy', 'tsains20@dell.com', '$2a$04$PkrFb8yyq10wWTxfG9O9oe4/PwHZXetrBbNTdTVCNvGNHS9XhmP86', 37, 0, '2023-12-27 21:12:04', '2023-12-27 21:12:04', 0, NULL, NULL, 0),
(106, '$2a$04$OuKAM9wyOF7CyfeGfsPHrea.nAriZCs6XU4mk3enDN3JjUnUQZso.', 'csunderland21@cafepress.com', '$2a$04$uxF8.9hEBTEDlEVWvbxzK.iOUM4Nkg.ifAJCpdtL8YGdsCvPJtt0C', 26, 0, '2023-12-27 21:12:04', '2023-12-27 21:12:04', 0, NULL, NULL, 0),
(107, '$2a$04$yZXvx5LGIptHDI6tMmKPjuw1dKj0QiR7yTPTbtmQh8BRyjkFPkPVS', 'wriepl22@shutterfly.com', '$2a$04$7DMkmnIdmRIQ1BdGQQkScu3kwwYBturlFjKmAxi.N7d8wTYLte7Au', 19, 0, '2023-12-27 21:12:04', '2023-12-27 21:12:04', 0, NULL, NULL, 0),
(108, '$2a$04$0T9ZQ/QVHCjedl88uErBP.S9eHhwjwIpnNLItPZnWfzwxfuFiO6BG', 'gconibear23@mlb.com', '$2a$04$U/M2PQFIMPVxcmH9n6kiUeQP2GJSl5ztCuBtb7h7bxDMxATPDPy2.', 35, 0, '2023-12-27 21:12:04', '2023-12-27 21:12:04', 0, NULL, NULL, 0),
(109, '$2a$04$rwlxAtNp51CtuDBrXY.ote/msksoTQU1OSUTL/lfIrm0sseFMJniW', 'kmccrossan24@zdnet.com', '$2a$04$.qqJ5S5YoKflfcO.K43XcOVkPIQjCyYL0dzisOx73GRE.aKvpIWZC', 39, 0, '2023-12-27 21:12:04', '2023-12-27 21:12:04', 0, NULL, NULL, 0),
(110, '$2a$04$O7Ak.sUlWtNJPTCcgaZVYeAIRpgkPPI8rUHFpwbr7.nTq5JPjv2HG', 'mguy25@marketwatch.com', '$2a$04$326rf9leHKWzYibP5GGtLOR34c6M4X2AnIw./Bw8jTITG.AdJG5q2', 30, 0, '2023-12-27 21:12:04', '2023-12-27 21:12:04', 0, NULL, NULL, 0),
(111, '$2a$04$C6pbzZmfCwkIdaJfFMLGeuy7f0ISZY4ksaGrfVJoRB5h0p8vEDnri', 'tgilmartin26@europa.eu', '$2a$04$oBsPg1Ny.OS1JjK.x9o7CubX90ll1wmhA/O1NsX0YFvc2JNumaWSW', 21, 0, '2023-12-27 21:12:04', '2023-12-27 21:12:04', 0, NULL, NULL, 0),
(112, '$2a$04$OjvMP3Ejj8j8jzoKPyA3b.msosjxCENUxOPyXoXjpvoENymZ4xGo2', 'bticksall27@pen.io', '$2a$04$HXu0AokB/SsE6p4j5R9eW.5hAnREHKrRf9YhI7AwhS2rrtenHOzhO', 21, 0, '2023-12-27 21:12:04', '2023-12-27 21:12:04', 0, NULL, NULL, 0),
(113, '$2a$04$7StD91dhuVIjCli2rPyj6.8S/Khc4f1WIxpaDZaeJ0PmkQ577Dq1W', 'scoda28@mediafire.com', '$2a$04$yCsQ5F/c8DB3R4LCPK5QYezZ.8e5jObmTQdGoqC1ItQTid3C2IPje', 24, 0, '2023-12-27 21:12:04', '2023-12-27 21:12:04', 0, NULL, NULL, 0),
(114, '$2a$04$kx5kOD4YhP7LcBFnZ34iVeiCyTiQ7UdhKTDwjBfEHGT7Fp3X44kKK', 'dbroom29@quantcast.com', '$2a$04$j717lrVgfRocifMUodjLWOTNA6I/HP6YPBmeqKqQeQ7Uekt3vnNUe', 22, 0, '2023-12-27 21:12:04', '2023-12-27 21:12:04', 0, NULL, NULL, 0),
(115, '$2a$04$rzq7cZeyhxjpA.o8YHXmUegGD3ud2ObLXsztFyZefvjHgS7EkT7Vy', 'bwalters2a@ovh.net', '$2a$04$zL0nn4Sji3J/v6rjq2tjreoufw/91CqHi0Zqzht9.WFBOMoS2wAJ6', 29, 0, '2023-12-27 21:12:04', '2023-12-27 21:12:04', 0, NULL, NULL, 0),
(116, '$2a$04$IfcZJNvQZarfa/b1hedn/OKIMhoudHReuCl5cIXR2453qaqsFGgB6', 'mbricket2b@opera.com', '$2a$04$pvwFse4BuyxSSoUesWByBOGYz.OkanWbKvygOEY97YaS0hhhG3WGq', 30, 0, '2023-12-27 21:12:04', '2023-12-27 21:12:04', 0, NULL, NULL, 0),
(117, '$2a$04$/fJjZOHfMBWdUnm3VM4fBuNNNpmutuPtY3GuKUem1nYtJzN.pNyR.', 'wpott2c@theglobeandmail.com', '$2a$04$cA8jKYjo03cLmqxG4DF9LutjyGz/BrSsEwJ0xHQ.a8FMinhlsUvWO', 25, 0, '2023-12-27 21:12:04', '2023-12-27 21:12:04', 0, NULL, NULL, 0),
(118, '$2a$04$UPa0S6WV286t42vO/AqcKe7rQ4yn8JoIYoTjZNN8kOIFtLGyLGnT6', 'wgue2d@nhs.uk', '$2a$04$3e7h0F4xnqpMNQJuEBTBn.k8m/4UfbYCbSzII2n7ljvNtxVpHxteS', 39, 0, '2023-12-27 21:12:04', '2023-12-27 21:12:04', 0, NULL, NULL, 0),
(119, '$2a$04$EcqInoBZlaHRkH6oN/826eUwkzyQQS68q9JPzejDsBOdzvoDulyqO', 'wmckerlie2e@qq.com', '$2a$04$ST.FbSjUJDL4DhicArzmkue7hqWBtsOSKZpb1kz4SZve/9dBwuBVu', 39, 0, '2023-12-27 21:12:04', '2023-12-27 21:12:04', 0, NULL, NULL, 0),
(120, '$2a$04$oiYFrYIHnF3bbg3Rfes9A..wNoQloFhJjaFL1awBGAkrxBnibfJya', 'bneat2f@eventbrite.com', '$2a$04$ENCuKpVXBRg18Qu7SFguoOGdkmvKzFUyQNeV8krRosyZX.C9sUmWG', 26, 0, '2023-12-27 21:12:04', '2023-12-27 21:12:04', 0, NULL, NULL, 0),
(121, '$2a$04$YpQTCBivsbGBFWZy2ZGH7.XUsQZ.vtjrGJlrrJKKNOifErxO2MIFu', 'nsevern2g@geocities.com', '$2a$04$tgOQ95U6wHLCYQIEle4qgeo5BMgIWGxraFb3ekG/vIiJMNiZ0RL5u', 16, 0, '2023-12-27 21:12:04', '2023-12-27 21:12:04', 0, NULL, NULL, 0),
(122, '$2a$04$ptECM/V5XA6cNKgzKlKT0eP48dswGsJi5pPRDz8giTHCZKVPQBo/6', 'lreadings2h@cam.ac.uk', '$2a$04$aRO6ey53MVdmjebZpU7Q2Orv.TmlMFCT/592jFTHfBV/t3Y8LAQPO', 20, 0, '2023-12-27 21:12:04', '2023-12-27 21:12:04', 0, NULL, NULL, 0),
(123, '$2a$04$k3w8e/uAKBecPAzznOn1mOSvvsShfph8rPd6A6SH.XuH752tWdneW', 'iglavias2i@nps.gov', '$2a$04$/YyGTTDUuQUN0Em3h.e7kOL8URE2BgDkuH19RD00A19WZqmmXCEwi', 16, 0, '2023-12-27 21:12:04', '2023-12-27 21:12:04', 0, NULL, NULL, 0),
(124, '$2a$04$nJZEMHbT42J2n6WOWvH7ieDc.dvk25jpcKH6uSO5I2L8k0O9Iz5ca', 'cmullarkey2j@opensource.org', '$2a$04$w.m8DXmQEnbIPZMKtxa2zuPI.rZEDSW/teYu.eowlBZ85wBoXeBNm', 18, 0, '2023-12-27 21:12:04', '2023-12-27 21:12:04', 0, NULL, NULL, 0),
(125, '$2a$04$HwQUDSajRDs0LoIHT3.SBO3z4fdOjDki9tY1tUCCyYhl2GAfQ53a2', 'ffreddi2k@usa.gov', '$2a$04$TUylzb8xOz7FVntTK/UoT.ouuqts.iCVlL90Tq5V23fuHvJ5qdl.a', 28, 0, '2023-12-27 21:12:04', '2023-12-27 21:12:04', 0, NULL, NULL, 0),
(126, '$2a$04$F2E763QiRSg4U43se7I6Q.OWP8scys2LvKXwzwFThcMK8xFvzBWTa', 'jnote2l@booking.com', '$2a$04$gIiNZ/ZvgNFrIwx1WB1IYObwG9n6jJMBlQzLVRLvMib/JVgtLVgGq', 22, 0, '2023-12-27 21:12:04', '2023-12-27 21:12:04', 0, NULL, NULL, 0),
(127, '$2a$04$WIJlj7R6MZ6T9QZtuf7jcu9U.8iaDIWd6lM0aMYwsZ6w6wkUlA7/G', 'mrenvoise2m@nbcnews.com', '$2a$04$hvfQOwbhMGr/gbu44smnLemJ2vaKxdHN9haIzFhR5TSalbufgvGOq', 24, 0, '2023-12-27 21:12:04', '2023-12-27 21:12:04', 0, NULL, NULL, 0),
(128, '$2a$04$28SsI4lbo3H14840fBR2cOHLYoyLSNCAgrboxTWHxm7Mj2SP31V2e', 'fuccelli2n@edublogs.org', '$2a$04$WikQANG2ae/va10vUb8LRu01I2cqmFuTIib.EYwqYUi1Hyd//1Umi', 25, 0, '2023-12-27 21:12:04', '2023-12-27 21:12:04', 0, NULL, NULL, 0),
(129, '$2a$04$TSvFqwZ8FCd2nlH1tFJ3s.xBOEoBRbuXMJQN.1jR6zOYjncR44S7O', 'wpatria2o@nydailynews.com', '$2a$04$br2GFzfA2hcwjnECRQ5sY.2uR4MFjtWaueeN3.tPndPx0.zBm3hVy', 32, 0, '2023-12-27 21:12:04', '2023-12-27 21:12:04', 0, NULL, NULL, 0),
(130, '$2a$04$5yiLbx/1y2aRNCvRnkwYgOEXtEqlgzfIDHPkHkWYUHY8OFd.yD9Hi', 'amurtagh2p@gmpg.org', '$2a$04$RMBa/k6Ba8G8Zyr7Rkz1fusAWH9YtAin5gFF9jKtcsW9zKl.lXtvC', 35, 0, '2023-12-27 21:12:04', '2023-12-27 21:12:04', 0, NULL, NULL, 0),
(131, '$2a$04$x4dAEXv9OFYStZstVZFaIey4gAWnImQ7lSFAe3Dx/.pf274eXSJpq', 'pghidoli2q@blogger.com', '$2a$04$5cyLfGAywta04/hbnZMENOzyDe66wbGSdrkfHe4OkwZNoFkpu6eoi', 29, 0, '2023-12-27 21:12:04', '2023-12-27 21:12:04', 0, NULL, NULL, 0),
(132, '$2a$04$YQbFBgn2SmuFM1oiR9CQq.1SeqmAAcqCb6uebDARKss4i7i0bdF76', 'crennels2r@usda.gov', '$2a$04$QvJX4REPfU6DimAoOgIiF.CZ2Ok6rQQaJP3bVoBm9D0o1OuR7prCK', 34, 0, '2023-12-27 21:12:04', '2023-12-27 21:12:04', 0, NULL, NULL, 0),
(133, '$2a$04$QMV2v9ftWqN8/bOsPMVv7u5wlLwIaPQ8K1gMpQjfHd.eU0F1EXTYm', 'rwithrington0@dell.com', '$2a$04$ErfiTPvUZ80n8bN4ezYbAudlgaJ3CyuZZgpMvSjMy2RzBx1Recj4W', 19, 0, '2023-12-27 21:12:39', '2023-12-27 21:12:39', 0, NULL, NULL, 0),
(134, '$2a$04$DG45q22vuiXV9HtA98F9JuORKPEPJWcpnDleDX6fZOtbVOuIYks8W', 'scolombier1@biglobe.ne.jp', '$2a$04$BWMwkcaD0A3l3VU3kcnRa.tieZp.LZ7KwnKHs9VEL3LUvJe9xDGhe', 15, 0, '2023-12-27 21:12:39', '2023-12-27 21:12:39', 0, NULL, NULL, 0),
(135, '$2a$04$sLd2oBWz1Cf9v6qqFyb05expNupKcHomZVz/HR.P0aSWS0y8zAi6u', 'arandleson2@google.com.au', '$2a$04$88PR6JT8Yc.M8BMMr14.5OytL8k/ZcKYBnh27dqkB/lvHrjbp3pQe', 32, 0, '2023-12-27 21:12:39', '2023-12-27 21:12:39', 0, NULL, NULL, 0),
(136, '$2a$04$p.O4k1jhBuRy3wI07bfXQeFAtDvB.eZFu/2u4RzgC5IAmFMhVmT/u', 'emille3@ifeng.com', '$2a$04$TLogH9o1vkyIWKlvmV74deYILXkBc7lRqy420TQ053TqmsjlRdGNu', 27, 0, '2023-12-27 21:12:39', '2023-12-27 21:12:39', 0, NULL, NULL, 0),
(137, '$2a$04$qI6c4kjj.q6Q5uCat3XZPuF2zucicUP9F8ozLBwxIz3EfbzRpqDNa', 'afishpond4@issuu.com', '$2a$04$XEMW/.EuNFUSnHjh5R8OgutwZRLzJbthT/uLQNQlaWyQVochQSAyi', 38, 0, '2023-12-27 21:12:39', '2023-12-27 21:12:39', 0, NULL, NULL, 0),
(138, '$2a$04$hSDg93SDZPD5P4s/SE7SC.DYduni7eAz5IJLT0Ml4kMS5LfMcx2hS', 'gdanelet5@ftc.gov', '$2a$04$lMBcUqNItbjkz6i9oP2dSOoWo9CQSr2cAzL0T7lAnkNBAu6CtUHCy', 23, 0, '2023-12-27 21:12:39', '2023-12-27 21:12:39', 0, NULL, NULL, 0),
(139, '$2a$04$TSFWqvjtElxoRQ2Sw32YreWyA.9q/LBCbgJdjeplyiOGlXNO08a96', 'lhadigate6@samsung.com', '$2a$04$IepV8N5NbiW2UJFLYkluoOnL6pyTjmNMP85RoEC2p4k.KnoFHGOhW', 39, 0, '2023-12-27 21:12:39', '2023-12-27 21:12:39', 0, NULL, NULL, 0),
(140, '$2a$04$xa3Fv6yhTQSOXsdNech/BOQFdzBh6Y9OfDdI1lM2VNCfODOXUCJs.', 'tgalsworthy7@sohu.com', '$2a$04$coGf1Nc.Ehjlpfv3LOAhL.wKvlpLzoTnw5UTnirowg1M85oiXYbTC', 29, 0, '2023-12-27 21:12:39', '2023-12-27 21:12:39', 0, NULL, NULL, 0),
(141, '$2a$04$QIvAV5OXnJQ1M5Wfn1qmV.TIDhkASfuiYPxaXkVYZr80trnpQ7G6.', 'kmccathy8@washingtonpost.com', '$2a$04$qZrR0dh8YcRNwONrwEDEkuzwE9DJGOV5GDy6a1/D9kf6cV2O4/NBm', 23, 0, '2023-12-27 21:12:40', '2023-12-27 21:12:40', 0, NULL, NULL, 0),
(142, '$2a$04$aPpZK5ad6gYPfSs1DQ5w9OKTLQ.0ZZENEYhv/ORg0CL2m2kWllnt.', 'meberts9@unc.edu', '$2a$04$NWt4km3VurOd7OV4POn9BuaITXNJ9w0vzzgZOXBJEdfWijKv3Sxca', 19, 0, '2023-12-27 21:12:40', '2023-12-27 21:12:40', 0, NULL, NULL, 0),
(143, '$2a$04$Z2Grb/KvE.7JHiWbMKYfnuwMYGr.XezduxGt9awUpNAuUgyyex00i', 'pwhittenburya@domainmarket.com', '$2a$04$pBgDOGTo7uvfmXyjGE.F5ugRwGWdX7mIb.ADYqsipyF6Bye4siezW', 26, 0, '2023-12-27 21:12:40', '2023-12-27 21:12:40', 0, NULL, NULL, 0),
(144, '$2a$04$haZY9uo4NlhRPZ9bZoXc7ed/yt8W3jT/LAAxyOrWraunYRdb8zhFG', 'dleithb@chron.com', '$2a$04$qabJvdciB75y/qkmM80V.u3YLIrlBnMklAPRCQFVUkG/A4eXwdB.i', 30, 0, '2023-12-27 21:12:40', '2023-12-27 21:12:40', 0, NULL, NULL, 0),
(145, '$2a$04$b7/qvdIQJV0uP9W.NpokVO804.BgMGF3nlXTEw9tpLp.qjaWnpv5W', 'llicasc@shinystat.com', '$2a$04$F/YR5c4nLuB3JgZBEdamDePpknrWpruxtZcnC0aAwf9p9I867wnki', 15, 0, '2023-12-27 21:12:40', '2023-12-27 21:12:40', 0, NULL, NULL, 0),
(146, '$2a$04$ie/jZyWQ/q.MCyaOsZ7EOOkgpCX3kVcwBfV8mC4EJ/x/oqDFd2av2', 'tbowcherd@apache.org', '$2a$04$tuL.lbu8uokI8Xk0XMHQIOumQM6y3uw.Cg4ySA4Cy3OMa/E0AgiRG', 27, 0, '2023-12-27 21:12:40', '2023-12-27 21:12:40', 0, NULL, NULL, 0),
(147, '$2a$04$.zhiyGd0RbCNlNdK0V5R0.gefVf5QNzX6EGwXF0XQ/Brf5sI7eRLe', 'eweavere@icq.com', '$2a$04$gAaqPRv8R9GucR.wh/204uVDB7gpTvdz91jOU/FlKg.RbjWV9kFF2', 33, 0, '2023-12-27 21:12:40', '2023-12-27 21:12:40', 0, NULL, NULL, 0),
(148, '$2a$04$Z5kmH/FNo4aIGfcGa7FoXeDyfVK4hiyBr5kY6SkXLaDxn3H2Hh69C', 'ddyersonf@dion.ne.jp', '$2a$04$AcB7U1p2XZOlOMUUlH5k9.mABmblzWRwE9.Pz6stQSq17X/Xmr5.u', 28, 0, '2023-12-27 21:12:40', '2023-12-27 21:12:40', 0, NULL, NULL, 0),
(149, '$2a$04$MolirjSLxi7fAYl6/8RatOK8wRDsA6GsPPyH1vZzL0heTEkDHwQCG', 'vpowlingg@multiply.com', '$2a$04$aySUXjgqtQiA/dK13b5g5.K1MLRGTuETuaMgrjUJrIdFu75J.Hkvm', 25, 0, '2023-12-27 21:12:40', '2023-12-27 21:12:40', 0, NULL, NULL, 0),
(150, '$2a$04$kZLDJdqmMzH/VFV09i0aCeknAfyGqa9Fh/v6Wyp5UK10p07dg0QAK', 'sheaselgraveh@slashdot.org', '$2a$04$Yq4T2VTJls/ylza9T8I.5e6.gYnJENzTBEi.NY9uuALqOUQviz9qu', 39, 0, '2023-12-27 21:12:40', '2023-12-27 21:12:40', 0, NULL, NULL, 0),
(151, '$2a$04$FFEBpmNwCjuW9dzmXzrn9udfVTXn215/qTSwoGq9FPkXlwenUzefu', 'jfairbanksi@angelfire.com', '$2a$04$XTRp9wNcXVVz6y7oErVkq.seqWhwi/xvoesklINvXSMAWYf1It.7S', 15, 0, '2023-12-27 21:12:40', '2023-12-27 21:12:40', 0, NULL, NULL, 0),
(152, '$2a$04$.2lStSZQ5qeY1yIfQ4f0ousxLHxBEMKQezcJMGR9bmpuEZPKY5xNG', 'scranagej@yolasite.com', '$2a$04$hkVeRnVd/5VZE047tEefTufuRq/VEBCdIv6ckOH74Vpghc1CmnFp2', 22, 0, '2023-12-27 21:12:40', '2023-12-27 21:12:40', 0, NULL, NULL, 0),
(153, '$2a$04$Tp9tsIj50llyiHmDhCy5PeCCvb8DXw5TxqcpuoF.bI3Yl2gOySETe', 'rshirilk@seesaa.net', '$2a$04$U36P/c4Gw4j6Dr3zXVGDAO.ClSXaz8zx3isQ.20oqK2w48BMVg8sq', 21, 0, '2023-12-27 21:12:40', '2023-12-27 21:12:40', 0, NULL, NULL, 0),
(154, '$2a$04$6tDnqdCLxfuBzicb9gSHJOv5C5iObMf59hhn4ZervU..00G6K3qGS', 'zswedelandl@multiply.com', '$2a$04$n33EIhv8qTx6ZyO.TZHDQ.6zRJlH56XeF/mMhJ7t/F.wVy4UROroq', 15, 0, '2023-12-27 21:12:40', '2023-12-27 21:12:40', 0, NULL, NULL, 0),
(155, '$2a$04$WHL9Ut5t0l4YE/JK7gNVw.JLHmdfekSYOTwdHu8lSQGhKxldvWgmS', 'areesm@china.com.cn', '$2a$04$bnABSnsIYzMsdY/vzG9h2.IuoeMI9z2TNorzJCkwvXDWZWAh8eeRG', 18, 0, '2023-12-27 21:12:40', '2023-12-27 21:12:40', 0, NULL, NULL, 0),
(156, '$2a$04$gdA/R4cWZNt9TYGJUjhhs.vyRzIVQp2fQQ/UsCZRqsxf8dzjBLI/e', 'vtearen@1und1.de', '$2a$04$N0kwq3jfMwaygYP8chaEUOHn/VPBKn9JTffHEJN2CpcroHlw8f3qe', 33, 0, '2023-12-27 21:12:40', '2023-12-27 21:12:40', 0, NULL, NULL, 0),
(157, '$2a$04$Bxr.OzdQhrIhIi/MQKia3.OFnnGBicHK7jjZ7cnQ8Ktng/Fk8BD2S', 'sstockso@howstuffworks.com', '$2a$04$CajYrAV0KJKiT4PV2SZI.eRZWoy8qJjc78HfUsVIszYXay4EPYg5K', 24, 0, '2023-12-27 21:12:40', '2023-12-27 21:12:40', 0, NULL, NULL, 0),
(158, '$2a$04$69f3qQjssgHiLW/TJBmEKOz2PGzbr0VgasDqhV9HSY4tn84SEubcy', 'ianneyp@google.co.uk', '$2a$04$5H6Wzy4aztUdnon50xwuIOttPHvKMrYufdVfL7ScyMjweu0hCbws.', 30, 0, '2023-12-27 21:12:40', '2023-12-27 21:12:40', 0, NULL, NULL, 0),
(159, '$2a$04$/so4qi9QwvvM0uFrHvTN6.XVpgN5I5mO9aZ7jn0Lq0Vc9mvhDfjrC', 'lbamlettq@topsy.com', '$2a$04$ajC139YnGAPOo35OnUhZeOSwv8Zf2Lp4DG.FITWNef9PGVVQcgBJ6', 27, 0, '2023-12-27 21:12:40', '2023-12-27 21:12:40', 0, NULL, NULL, 0),
(160, '$2a$04$NPt3UgUOj5pn5v0riKOdROkAFdvj3I9ynV36PsvOv5MpShwRLvRdu', 'ghugginsr@google.fr', '$2a$04$7/8xKE2pHOV4HANF5Okj4ebQrPJDswXzZqoI7Ddx3Fqovym0oary6', 23, 0, '2023-12-27 21:12:40', '2023-12-27 21:12:40', 0, NULL, NULL, 0),
(161, '$2a$04$Fc6we/gS9gKhn6XOuDB70.9VQ7HKxtzGOIEA/hqbDsrAVXqBPzo.O', 'kginnells@mashable.com', '$2a$04$kjAvJp.frDzbAhGtohSu1uItK5sjDBRNgc1FYSx.3LfcHuT2GrFA2', 34, 0, '2023-12-27 21:12:40', '2023-12-27 21:12:40', 0, NULL, NULL, 0),
(162, '$2a$04$1s4126dWnZT9x6JlMf./U.X9fKlzRidSed21X7/ja5Hu1TqiJ81TK', 'noppyt@hubpages.com', '$2a$04$jVor8FuY2vUChhOdeIUkleBvWo7H4W6lt4kNalQNg/aUmCuooASey', 36, 0, '2023-12-27 21:12:40', '2023-12-27 21:12:40', 0, NULL, NULL, 0),
(163, '$2a$04$8gQjVSXGHByJO9qW3bbgoeRT.Te6p6Y3D2DhukH0E8d2PAa8uEKNm', 'klevinu@yolasite.com', '$2a$04$SsRymAx.GiQgxyqDg1qjD.nisf1zuxxOtKba9QOkPoU6TLshnPLFa', 26, 0, '2023-12-27 21:12:40', '2023-12-27 21:12:40', 0, NULL, NULL, 0),
(164, '$2a$04$RQ3.bUZtvvrbMOJKLDdW/eK08XeBpifBp1b9SpwDVd2PTyhPqTduu', 'glangranv@fda.gov', '$2a$04$hs/iio5aKNtq6kytY8oZ/OWA383eCXFDpT2Zgtdq2fkfjKFvDy7UG', 31, 0, '2023-12-27 21:12:40', '2023-12-27 21:12:40', 0, NULL, NULL, 0),
(165, '$2a$04$WWGmQLxBwXCtg1GXUlLTPuZbHfRlk2OGk6WRlqTf7CLD0FwRu2v3a', 'cbeateyw@acquirethisname.com', '$2a$04$YeillH84wsLre6clKQiOO.O9d9vLTmUkCVmmv6MreWqx.nc33KQYO', 39, 0, '2023-12-27 21:12:40', '2023-12-27 21:12:40', 0, NULL, NULL, 0),
(166, '$2a$04$urWPo5SU4F6l3l200L2m1.KlnuG0eMgLcEbVKzTgbSCSCd5vUhSYK', 'rwernyx@t.co', '$2a$04$VnpB9Y54cE9Zdq2NHBFM5OWZ3sDHaWZzHChMxZKFKXVHN0Ihu9SQK', 16, 0, '2023-12-27 21:12:40', '2023-12-27 21:12:40', 0, NULL, NULL, 0),
(167, '$2a$04$9ED3zJ2xnOcoFSdj0g9jw.LOXKoLME3Q6U49HZdXev9mseKlEoKoW', 'galsoppy@flickr.com', '$2a$04$3lc8F6q3x0EPuXcWFS5ijezhHw7kILOYVdYBabYokdVLX1XgHfTFS', 15, 0, '2023-12-27 21:12:40', '2023-12-27 21:12:40', 0, NULL, NULL, 0),
(168, '$2a$04$SSMe.LZw32LW/698I3CYn.ikT7J0EeZSFqWzsGxRedSVYf3hG/6DK', 'emccaghanz@japanpost.jp', '$2a$04$RbSbtf.MQWTBA5/N6ZIsy.oIgFIvvNzLXfpH7YCyTxP/KveRnp2iC', 38, 0, '2023-12-27 21:12:40', '2023-12-27 21:12:40', 0, NULL, NULL, 0),
(169, '$2a$04$6Tc7ENq6NOrVY1JTeksd2eaxqqBFUo2j2I1/leVRnC.3P53aSz3dy', 'aberresford10@latimes.com', '$2a$04$LYKX94vgsx7atj/FFJ7e4.RS9IbeJ8TOMfem5trdMWaPC94eqIo72', 38, 0, '2023-12-27 21:12:40', '2023-12-27 21:12:40', 0, NULL, NULL, 0),
(170, '$2a$04$aZLvc5LuJzoskOB.8DxtyOFNbiNAEF3og98YRsAvWrYC0KJ356oMy', 'ddoswell11@wired.com', '$2a$04$cgLBgVcJ28K9.BLmJZkpCOoluI66niwkvynwtGtoUfQp92iOuS1xO', 36, 0, '2023-12-27 21:12:40', '2023-12-27 21:12:40', 0, NULL, NULL, 0),
(171, '$2a$04$DBJlHyGSHuhh5D7A1TUa4OdrgoON0xCD.36U2OBRwY6XLLneI7Jia', 'eevreux12@unesco.org', '$2a$04$nqfAKJGy5XpTOCTDgeLv7uBvme4znvv0vb8P0YQDrAJg18ZVf6TJi', 22, 0, '2023-12-27 21:12:40', '2023-12-27 21:12:40', 0, NULL, NULL, 0),
(172, '$2a$04$zrgCqe6Oo.l4qOwHzop1C.KF0Fq6mEJJJjb4YNY85LfVAY04wTEJm', 'ltupper13@guardian.co.uk', '$2a$04$9vk3mxyZO5RroGNM3o4N0epLG.wyIyLKMId5avHvfXrDrHrYkwp4C', 19, 0, '2023-12-27 21:12:40', '2023-12-27 21:12:40', 0, NULL, NULL, 0),
(173, '$2a$04$koiN13F.hI9LPKRJmdPXYuTYWcXYP.yu/W3IG0ohsMZbIVSZEe1rm', 'iconibear14@people.com.cn', '$2a$04$/juXrV1Gs39kvqFumJbpHuvK39ZrbOPvpuv3qUEnOSjhWrWvdKF6i', 34, 0, '2023-12-27 21:12:40', '2023-12-27 21:12:40', 0, NULL, NULL, 0),
(174, '$2a$04$G9ww2sPs3ttgwTVfngyjRO/hoG46X5Cr5MAuzsW.kv.10MZk4m.qy', 'dtinline15@tiny.cc', '$2a$04$5JBzGSPcGnhWJa6/Y1ml8eby.yAfpItyCy3n1GzEt2QFtXY3PSdRq', 17, 0, '2023-12-27 21:12:40', '2023-12-27 21:12:40', 0, NULL, NULL, 0),
(175, '$2a$04$Zg0SzxreWeH.9ASo0tDAF.Gv4Nrj5BPegOg3El1SUN5C8QmJDfuCm', 'khilbourne16@senate.gov', '$2a$04$0OGtZMfAlqRLBoHS0KqfhO.DnwdKy5V/VP/qcTVx3g8niG4CvAUrm', 21, 0, '2023-12-27 21:12:40', '2023-12-27 21:12:40', 0, NULL, NULL, 0),
(176, '$2a$04$HkjpLkLjnXDf9AsKjoyNruT2lFaq.de/lxKFoAq4OYcXUdZzDYC2O', 'rladbury17@phoca.cz', '$2a$04$kxin6gR7woyDrRdskL5wieMEYOW8FKrC93NdESm4AznXkfCvDXtMq', 38, 0, '2023-12-27 21:12:40', '2023-12-27 21:12:40', 0, NULL, NULL, 0),
(177, '$2a$04$3IKNojUzUvH58rOHqeE12utJgt3KGVY2Iih9mIo8yUS9plYBZdaZW', 'hmirfield18@yelp.com', '$2a$04$TXg49JLaOzV2PWmaoTpy2u5N6ccCqLLWxBmdlqqm5ZCpf.qWXX45.', 16, 0, '2023-12-27 21:12:40', '2023-12-27 21:12:40', 0, NULL, NULL, 0),
(178, '$2a$04$RwZjxwRzHLqgjqe2szRlsef20mMs9kaWhF3nvI6mpmQrz8vUA.P7a', 'mslater19@ocn.ne.jp', '$2a$04$ZO0Wpthm/wmUNTIYtyce8e2xpFCXK.TojcQYu3.hztfIoBkfcWon2', 40, 0, '2023-12-27 21:12:40', '2023-12-27 21:12:40', 0, NULL, NULL, 0),
(179, '$2a$04$R.Se0XNQMjyZhtu4LJ6Mke4eb6Gd4SJLCCXk3VgzQSZUxJQCtvDjy', 'ameeland1a@facebook.com', '$2a$04$m1baWcvTA30YI/.BBb.01uy1IWttrOJRfb04mUBpFOHOnUmLAfD1u', 21, 0, '2023-12-27 21:12:40', '2023-12-27 21:12:40', 0, NULL, NULL, 0),
(180, '$2a$04$9uaCLYabvWa8aFDDQXiH5uyj917wdVYXQeqokVWwByny5OAAda1Km', 'cbattams1b@homestead.com', '$2a$04$kKaiZVftAfGbDi9YIT8gEew6m7Sn2yEPTxZBmz.bkTTMLsrSvWc7S', 18, 0, '2023-12-27 21:12:40', '2023-12-27 21:12:40', 0, NULL, NULL, 0),
(181, '$2a$04$sUsvd99t1hN85fm6uo5Ef.M5iQ5NRyL9eVw5U4EuiSDVdyHhlidz2', 'escourgie1c@plala.or.jp', '$2a$04$25sQQ.SYSatGXuBgAVNmYe4/NWH5vqfEfabqL0P7bw63Zzfr2vcD6', 36, 0, '2023-12-27 21:12:40', '2023-12-27 21:12:40', 0, NULL, NULL, 0),
(182, '$2a$04$DcHxpWX1cd8ysd6y.xQS7.4vkUuLznR1TK99faxYWhm/Q2j2znhsa', 'bjeroch1d@amazon.com', '$2a$04$DfHjsS8u.CPpYCOUbIr71u6H3ZuBf39.JhYFXk04NHKEqZIPXYjXO', 35, 0, '2023-12-27 21:12:40', '2023-12-27 21:12:40', 0, NULL, NULL, 0),
(183, '$2a$04$8ZwTuYJkTrWE1y61AHICUeWbLAh6WR/rkHH/LCri71GJGZx.3NAK.', 'abulger1e@barnesandnoble.com', '$2a$04$tiT24REKpJ8/9xdZL2CDdO1KYq9C5ahSqDAhlgJ.bSCHrt1p7qGy2', 22, 0, '2023-12-27 21:12:40', '2023-12-27 21:12:40', 0, NULL, NULL, 0),
(184, '$2a$04$XhBthUn/h0gY3Xs2K6pQtOOMoeOailxj.3vRLkG5acwQ3NFFAd1FG', 'etidd1f@rambler.ru', '$2a$04$YlB.FQmetmuyXuyCdGHW..xWJtWsyewxzqTN88w0BexS1.aZTWDVK', 19, 0, '2023-12-27 21:12:40', '2023-12-27 21:12:40', 0, NULL, NULL, 0),
(185, '$2a$04$p5H41a2nGVbSDONAztKUjebjhz8FKUhb4GmUum//PFYtsbyjWttLa', 'hsparkes1g@tinyurl.com', '$2a$04$ck3bVaS/R7GcyowWvUCCe.4INaWHTOS8HWUfv0MzLsY.70G7iz47m', 32, 0, '2023-12-27 21:12:40', '2023-12-27 21:12:40', 0, NULL, NULL, 0),
(186, '$2a$04$Xg.nZveg.ytDvXxat6/BdeBd63GWyVHBYcHu.Lfk/AzK9C41O/SQy', 'rhoodless1h@comcast.net', '$2a$04$aZZYuCY0xaOKG48xk9iYc.3u4/OoYi5TP31hfOO5Q4v53xfhrReWq', 18, 0, '2023-12-27 21:12:40', '2023-12-27 21:12:40', 0, NULL, NULL, 0),
(187, '$2a$04$CJR352kwCc/hmUXwHDYPBOLqtl0EY/SqvyfewwGpG1ZVVHhTTx2Se', 'odomoney1i@sohu.com', '$2a$04$hzXW2ixaqgg0.SpfhvRxLem6DzYrVZNsD/Ug65c/LLwnHkLuSL13y', 22, 0, '2023-12-27 21:12:40', '2023-12-27 21:12:40', 0, NULL, NULL, 0),
(188, '$2a$04$e3xz0v9v1DlzIVB.DeWmke7BCeKF98f3a1tumZHaYRmb9P.NIPw3u', 'cnorvill1j@desdev.cn', '$2a$04$K6UbRe5qrkPkMB9tBh7v0ernoXKTTGXwRsj43BnZI7Jq.d355rm4O', 27, 0, '2023-12-27 21:12:40', '2023-12-27 21:12:40', 0, NULL, NULL, 0),
(189, '$2a$04$eRsfMNF1ieYNS1Z.3S/9qO/aMn03DHKayVi4lLUcg0R8glmXnmt/i', 'rpleace1k@wufoo.com', '$2a$04$RpVBSJDcq75mdJbU2jxQSeBjv8AY92T4L7tbPmYwJV5vbGlNlpY9a', 31, 0, '2023-12-27 21:12:40', '2023-12-27 21:12:40', 0, NULL, NULL, 0),
(190, '$2a$04$p6FtqHZg81qE.9RKbPpkjOZ8BfYYODUPfmKFAOeQXzHBpmW0kW0b2', 'nstukings1l@harvard.edu', '$2a$04$3rRRNcTeZA7jm80rds4Rk.DQuKy9XhxCWQwOy5wghc/pY5pijGxnm', 34, 0, '2023-12-27 21:12:40', '2023-12-27 21:12:40', 0, NULL, NULL, 0),
(191, '$2a$04$lyyEP8pb4NCxKMw01PrVg.AdTYCFV2fiXoO0s9mLmwp8BsYF9qdJa', 'rmellodey1m@de.vu', '$2a$04$05qRwPydV.akjFwVOT6aie2cZXuFSiFstZ7xnbj1vxS08sfcFgNMa', 18, 0, '2023-12-27 21:12:40', '2023-12-27 21:12:40', 0, NULL, NULL, 0),
(192, '$2a$04$J0s1m8PTP7yTxxgfEqfWweeKTfLQthQunZjBVofN3B/9Iun41vCZC', 'tbunstone1n@com.com', '$2a$04$D3dOKhkX6Uy8W93JhlG6S.4OkDwMkKoKRqCYsoS5IvaBGRN1C5jh6', 19, 0, '2023-12-27 21:12:40', '2023-12-27 21:12:40', 0, NULL, NULL, 0),
(193, '$2a$04$IVxX/0AJMSiTHYegiDpGr.CJk6tC7KW4267iJjt7ODHrJkyCGgh.i', 'vgillbe1o@merriam-webster.com', '$2a$04$5flEwAAvBdhNY3wCynP.n.HH0PWwzVk8e2twjzqSB4Jb19ifA3mCW', 19, 0, '2023-12-27 21:12:40', '2023-12-27 21:12:40', 0, NULL, NULL, 0),
(194, '$2a$04$q4cTcRhbikYra3Fy/e4wJuM.AAKO0XfYZECXl6xQv236U2BTM89jG', 'fwoodcraft1p@tumblr.com', '$2a$04$H4w3E6ByE4dwx6tE07Iw7.F4J.8uwHhf2BBG5orezq2iqvIt9Pmj.', 29, 0, '2023-12-27 21:12:40', '2023-12-27 21:12:40', 0, NULL, NULL, 0),
(195, '$2a$04$HTEo77kJgaGhklDTKjSOfeF4LTHxi8Ta2cfdl0ge/Dz5EFOiBkkDu', 'bjoppich1q@devhub.com', '$2a$04$qqHmcdkURRhIJn3OHstu0.P6z72Di7LpOBi1u0sZaENHMcdR/uKOa', 21, 0, '2023-12-27 21:12:40', '2023-12-27 21:12:40', 0, NULL, NULL, 0),
(196, '$2a$04$4HttR8M.sIAzvMIKLKI8geNJli36NTo3EVGfIooAJ0kh8O1cSV2wm', 'cminchell1r@tripadvisor.com', '$2a$04$n69vE2VlnmslbzJH7N.F2uayD.6o8IBlh0pvhJU22KT76B2fDmbnq', 26, 0, '2023-12-27 21:12:40', '2023-12-27 21:12:40', 0, NULL, NULL, 0),
(197, '$2a$04$owiHEBKNCDngyJq797oLPehtZq8qmnt1hWpBSBwbbScplVCemC6Su', 'lidenden1s@blogger.com', '$2a$04$UWJSAV/SZt5hBTgHhhTRd.jPC2w8tt6PCtbEZW1c/fPfQwysim4zK', 38, 0, '2023-12-27 21:12:40', '2023-12-27 21:12:40', 0, NULL, NULL, 0),
(198, '$2a$04$kIbZDwuumgYLOSRa2BB2ROrQeBbn14DkdEcej6VaPpr0l4G9cLLAu', 'ktrevan1t@t.co', '$2a$04$ZNVY0Mr/fSgpGX5Mt3aPRuYOTCZvxN/.YA94tfx/mH8Oeq2jW1cP.', 23, 0, '2023-12-27 21:12:40', '2023-12-27 21:12:40', 0, NULL, NULL, 0),
(199, '$2a$04$jai61M7lY7/5HZgiJd6zDu3T0y9T7H1YQL6yl//COBxwoQr.j5mK2', 'hgrelak1u@free.fr', '$2a$04$JG/LmGzYfMuxzDh5UNXnnO.1FLFaPQaGZ5zuAFLhQ1YGI0UQZZdTK', 32, 0, '2023-12-27 21:12:40', '2023-12-27 21:12:40', 0, NULL, NULL, 0),
(200, '$2a$04$jutzrgvPpzNOtozBiHceVe2ThL0tTwexMmbHvDY5rTzXjL/wDvh4G', 'wlandor1v@fotki.com', '$2a$04$9GvbGZh8Hyv4jRWbu7sgcOqBq/L5lWsrtB.J/zGQzpuKnPaKtRUO6', 24, 0, '2023-12-27 21:12:40', '2023-12-27 21:12:40', 0, NULL, NULL, 0),
(201, '$2a$04$brpPYo6TGL.FGLWGNPYSo.7MJbpV8uLDAaQoUrbHrT6Q48nWvdqTW', 'rhardern1w@paypal.com', '$2a$04$V9D4ulFN3XZoMF8PHif7qeft6DFGiRNKwYv6WPI5Oa5.8K86yfON2', 36, 0, '2023-12-27 21:12:40', '2023-12-27 21:12:40', 0, NULL, NULL, 0),
(202, '$2a$04$Ml10LMXBbXECgO6.VhlqNe9Vs0RcGlUayglBstBxdhNI0e0HLhTE2', 'lvancassel1x@mapy.cz', '$2a$04$qfm3DCHmBjK.jVnSX2ks9eBPkBtUx9WH3j6Bm9csBWpV3Tvy9JzvW', 20, 0, '2023-12-27 21:12:40', '2023-12-27 21:12:40', 0, NULL, NULL, 0),
(203, '$2a$04$eKmwJzBIFDRo56z0Hdjhgu8b9YI3Ylc9Fduvs3L4K6/oAKp.xC7U2', 'aelman1y@slideshare.net', '$2a$04$xHfcSCt6lP9dxZNEhVx9XuYslwtVzoCZ4IaQHXwpocD3biCrFuDBK', 33, 0, '2023-12-27 21:12:40', '2023-12-27 21:12:40', 0, NULL, NULL, 0),
(204, '$2a$04$2Rb1D8OA4JyNGgfeK8Ph3uuXEkoWyq7HpXWaEYzcEsCOZNrfYFFWy', 'mbucke1z@edublogs.org', '$2a$04$qNo.1P6D2EUOyBXWPwn5GebWGIHJ7QJNZZK0npDIGxr2FzhVsyR/C', 22, 0, '2023-12-27 21:12:40', '2023-12-27 21:12:40', 0, NULL, NULL, 0),
(205, '$2a$04$z1CTmg0ZzjDF12qavLH1zuBEQo2TM5cv/PW.RNy0d9Lm1GIk35chC', 'ccoate20@mapquest.com', '$2a$04$sGvJrjERrwonQ5rkQhU1WOQzyD0pzH1Qfo0gqK7DmPTNUlpocFfwe', 36, 0, '2023-12-27 21:12:40', '2023-12-27 21:12:40', 0, NULL, NULL, 0),
(206, '$2a$04$vx45ypl1vbyRQGVEubtdFuAREjvrjaBrRb4L/4DThG3Q396OaqS0K', 'rpelchat21@pinterest.com', '$2a$04$iqVIVopdH5A4Zagdv2Nnm.OEdOru6dpUuW.1flvJx.rDbJ01D4LYO', 22, 0, '2023-12-27 21:12:40', '2023-12-27 21:12:40', 0, NULL, NULL, 0),
(207, '$2a$04$kG6HumVA7vR3I2UztQ.zr.Oyjg166bcB4taRWQfFIsiMaj7pX.7i6', 'swarrilow22@about.me', '$2a$04$ZTsL59Mr2mPOz884afTmQuS4opYtYFzsIPywBEaWHFA4.IrU5ru5a', 31, 0, '2023-12-27 21:12:40', '2023-12-27 21:12:40', 0, NULL, NULL, 0),
(208, '$2a$04$D1TsBDKl9ZpNvYxr.RJPJuDZv6TMRZKAQczcPEF5TK4SFrAbDhtDO', 'ltinghill23@army.mil', '$2a$04$NNLm8v8Guj/zNKY.d/kte.MT8DWgExnHXpQ0Uytlnux8yNt1j0h8e', 22, 0, '2023-12-27 21:12:40', '2023-12-27 21:12:40', 0, NULL, NULL, 0),
(209, '$2a$04$F6G02Kz44RFU5rb2BCgqZOrpdgER6jLBCDroPuyPpG.wGJeplaDNa', 'bpelz24@dion.ne.jp', '$2a$04$DiXjFOLMI6vUw2POQqu.beXggf.kiDPX1WHddRC3/3htXLy20OIj.', 23, 0, '2023-12-27 21:12:40', '2023-12-27 21:12:40', 0, NULL, NULL, 0),
(210, '$2a$04$oelVkwKA76FSnDDJzoc5L.LGrQE5XOCJjqwThe9.NGFPQnrXXvy4m', 'ogoodnow25@ning.com', '$2a$04$r6vSUsdanU28YvuBXnVqO.FtioKnGxQxyZ8Ex.p4CNcv9/BYgyGgq', 40, 0, '2023-12-27 21:12:40', '2023-12-27 21:12:40', 0, NULL, NULL, 0),
(211, '$2a$04$T3BKQEhiSPV5guh7s3kcIuGgQX666qyo8.XPnqwKhz9BTFii50l5m', 'zlapthorn26@clickbank.net', '$2a$04$vK283c.pLafsraBfDfw09OxwnDbxPhv6LS1qvamf1nbJw3x11JnRa', 32, 0, '2023-12-27 21:12:40', '2023-12-27 21:12:40', 0, NULL, NULL, 0),
(212, '$2a$04$0oez9xmwWDuUHtq3X.W0SemL0y5yekpDEIXeg5cyrsrNgZfDbBon2', 'lrattray27@virginia.edu', '$2a$04$mWIebWnwB0yYxXR9g5BSW.UJ3Uqd9a2e48z5o7hPufEy0RZYz5zUq', 34, 0, '2023-12-27 21:12:40', '2023-12-27 21:12:40', 0, NULL, NULL, 0),
(213, '$2a$04$YmcVSeaMixaKurxLbJ0yR.V8TXnPowc2rVFpG5oPm56n8qah1n7Bq', 'rscurrah28@google.de', '$2a$04$OUdbP6jGeNtOzKByXjsxy.7Ss5XVbyRgFspCd9U4pbEFG3NUysOR6', 37, 0, '2023-12-27 21:12:40', '2023-12-27 21:12:40', 0, NULL, NULL, 0),
(214, '$2a$04$flW3Sb21ImQuuR2/m/O7FeojG/KjqfyQGieXtlRbVzkPJcihsWcFe', 'kcuthill29@google.com', '$2a$04$EkxcMv3ib4IldGUr1HAFDeIrfC16F0GnPRMZmcyZymWvNAOolWO/2', 27, 0, '2023-12-27 21:12:40', '2023-12-27 21:12:40', 0, NULL, NULL, 0),
(215, '$2a$04$dXDmAsrhNuqfkgy7y0Os7OIoVMpfR/bbfeWCl36IW1vu09aKPDLma', 'lcoumbe2a@i2i.jp', '$2a$04$ubyz0rvrjcoLMMMsnzxDnO82ABUbaKkQDhHrQ3TN9tHS1JA54vl5S', 18, 0, '2023-12-27 21:12:40', '2023-12-27 21:12:40', 0, NULL, NULL, 0),
(216, '$2a$04$/M6Z/W6btZubeFaQKW90TuAMI6z5SCKe0lIJOyK6Lu.XJjYUyWSku', 'ccouche2b@vinaora.com', '$2a$04$H/PiCQDX42iETNbLPzWb6ufAh85xCdE0vRY6OKCY2Sl8y5bjJ9i3y', 17, 0, '2023-12-27 21:12:40', '2023-12-27 21:12:40', 0, NULL, NULL, 0),
(217, '$2a$04$tmqMCQVzrtDRNu8S9PJLiewyWnhWHURNZz6xlsb3Od3JENMd4bFIy', 'csalvidge2c@weather.com', '$2a$04$FxIuazeIj6XVYxigWoIO5.dpVFjCdeuuZuPKAlGT7HiyzKCIj7pkG', 22, 0, '2023-12-27 21:12:40', '2023-12-27 21:12:40', 0, NULL, NULL, 0),
(218, '$2a$04$MdRh3Ed5L4AnbrJP9rb7JOXLs1RoojAksvmsmGniWixtQGsa3ElGO', 'crandals2d@bigcartel.com', '$2a$04$8YUPJq3SfA.uUhoRwMGEUOGCEZFYUbChLX.c1vWEfQpsEEkqv/5a6', 29, 0, '2023-12-27 21:12:40', '2023-12-27 21:12:40', 0, NULL, NULL, 0),
(219, '$2a$04$.FsWSkZIOFnbDOGLuw/VtOik5CQOQyuM/O9X4j.IN5EltxNk9LhoO', 'igreggor2e@nyu.edu', '$2a$04$IPEGkiq3L3zBsldu1nyFPuff6LHNhdSY3oaI9M0SYSEYEFQz1KUx.', 32, 0, '2023-12-27 21:12:40', '2023-12-27 21:12:40', 0, NULL, NULL, 0),
(220, '$2a$04$YxzsckH4Q7D8y.mx/rOyaOZstg89Fe6mBU6ygYv.pNqWBzAOWe3P2', 'jmival2f@123-reg.co.uk', '$2a$04$Da7HgGU472cIp7ACoORXXe5MtMo9ePYJgBgkYqO6HXdLoiwi.Qlc6', 23, 0, '2023-12-27 21:12:40', '2023-12-27 21:12:40', 0, NULL, NULL, 0),
(221, '$2a$04$SW9oV0TENiFirUmB2gWsU.I.NXAANhKoDHORVvaaUoujo64FaXA0q', 'btilsley2g@seattletimes.com', '$2a$04$s57UPp1hxHtXUoc2QLYKxuq7m4WJHJZRriMH.0NM7qXDdaJA2fhpS', 20, 0, '2023-12-27 21:12:40', '2023-12-27 21:12:40', 0, NULL, NULL, 0),
(222, '$2a$04$RoMbxsitT/jYenT/ugnYuOvOx6OOXiHEJBT149ugKhR4G6OfD81ZO', 'sedmott2h@pcworld.com', '$2a$04$gngMMtmpSQG/oyJG/6gftu4FZXXzOgKoP578rCg75IEH3xqcxE8YS', 15, 0, '2023-12-27 21:12:40', '2023-12-27 21:12:40', 0, NULL, NULL, 0),
(223, '$2a$04$RrxeldqXu5Vwy7XUvFZJTOs/vNP/npHZthe5lU7KsgenFKGhNvjb2', 'rreuter2i@state.gov', '$2a$04$UT52ftsNFjSAPG.yudf5IeW7ZEujremSZ7ISS/U5QkHpnjovo1LLO', 24, 0, '2023-12-27 21:12:40', '2023-12-27 21:12:40', 0, NULL, NULL, 0),
(224, '$2a$04$g6F9K46nJrkO8VOYuMdML.cWOYgFJvxVlA4wJEj0zGMjGKgtKuglm', 'bpatise2j@newyorker.com', '$2a$04$yCnbWOHBD./eiXK9kwM1hOgkxQRh95PMCAAvRdEy1tm4lG4Tfn0Au', 15, 0, '2023-12-27 21:12:40', '2023-12-27 21:12:40', 0, NULL, NULL, 0),
(225, '$2a$04$2ceNlxa6PUuYmsl.Tzi7OeHblZ32kvecxaZiRTNjv3orPsl4BHnoS', 'gpinkard2k@wisc.edu', '$2a$04$pyNThi6K/pUm/VJArpijle/Alojg8XuY5Un6X44t3Tq4w2uqIVxha', 15, 0, '2023-12-27 21:12:40', '2023-12-27 21:12:40', 0, NULL, NULL, 0),
(226, '$2a$04$zz3eQyBs46rNetKK1xBtFO7TwxnLmi9v6HjC1UBQF/d5R1989AxDK', 'ehinrichs2l@diigo.com', '$2a$04$gMx5cAGOCW/mbQ1BrPX6pOXwQzvf5DtINqCXQ/7iI/datnTox3Piy', 37, 0, '2023-12-27 21:12:40', '2023-12-27 21:12:40', 0, NULL, NULL, 0),
(227, '$2a$04$GpC5RQNdEqppEH0VJJPy8eiXQAJcQOMMEZMPZE/tPVJWXu0RBQFDm', 'linglish2m@unicef.org', '$2a$04$2829rHMN4plFx2rxtBDAMemEj9vqAW50VDun05JcV4khTrnLrj00a', 27, 0, '2023-12-27 21:12:40', '2023-12-27 21:12:40', 0, NULL, NULL, 0),
(228, '$2a$04$wKQU8jqqq/gjBtbXIN1M9ex/fGpRMKBEcrBZ2G.Fp2vue9ZNScb8.', 'mabramson2n@fotki.com', '$2a$04$bLgzlUwbjmJpmusksWGRMe.jz.lmITFwBN9th0XeqJXmKdaFp3Uke', 34, 0, '2023-12-27 21:12:40', '2023-12-27 21:12:40', 0, NULL, NULL, 0);
INSERT INTO `Users` (`user_id`, `username`, `email`, `password`, `age`, `is_admin`, `created_at`, `updated_at`, `is_blocked`, `block_reason`, `blocked_until`, `block_level`) VALUES
(229, '$2a$04$Ypdtbak9UqbQDT8fk0564.kx/s2AXOpPxIidvl/rcL.eWW3nfLkV2', 'pbluett2o@hud.gov', '$2a$04$baNzhB242bd.dBUKN0.ftub6ufvKt8IFTUXOXhuqtYT5WU/3n4fqW', 29, 0, '2023-12-27 21:12:40', '2023-12-27 21:12:40', 0, NULL, NULL, 0),
(230, '$2a$04$qrBWILOP6QazXXi3bbE..eevYwLwemeaArnRDrl8Lzg03WK8OZVqG', 'rgelardi2p@paypal.com', '$2a$04$Czt4SDXO/BY1IL1VkqaHsuvL/KEPIEUeoEi1VuA7reE/W4YOb071S', 18, 0, '2023-12-27 21:12:40', '2023-12-27 21:12:40', 0, NULL, NULL, 0),
(231, '$2a$04$rr/kJo4OaqjUQfdKRtivo.9OHxKTJLBmAwKsDMN6e8iLdB/OsNihS', 'nrashleigh2q@tripod.com', '$2a$04$RrdU87wNsMgUYwfsFABMtOoNd/I1w8ag4CNMIxsOhUtPQRej0n9jO', 37, 0, '2023-12-27 21:12:40', '2023-12-27 21:12:40', 0, NULL, NULL, 0),
(232, '$2a$04$hvb3vUjsBROriH6F8cUQE.FnJYpuvHism1/.5/9QB8bJrTqiswyPy', 'serrett2r@usgs.gov', '$2a$04$v2X5dCsYrbOCMbKqLrYDpuf7CFbPd61YfPeMgrsSR6myydpe2K8Za', 34, 0, '2023-12-27 21:12:40', '2023-12-27 21:12:40', 0, NULL, NULL, 0),
(233, '$2a$04$oJCpIFn7MCIDOfCF6o8YjuQ7pRLmRSnHPyZnat36sRz.oFc5uZ/da', 'hchastelain2s@seesaa.net', '$2a$04$g2U19q6DiblXgdYiXXqGU.oxQLGLRYZ5K5PiFUtkFeIH9PWizuoDq', 26, 0, '2023-12-27 21:12:40', '2023-12-27 21:12:40', 0, NULL, NULL, 0),
(234, '$2a$04$O0rvh3rxkfnTFm4aUu2MqeLI5LqdEVwJSCrB1ulrldmaExssqMHxa', 'fbiggans2t@patch.com', '$2a$04$XbGIpRi3..AXpU3TZoFz2emSavJnpCtzrYk7o4ipM74KlLD9J0JR6', 38, 0, '2023-12-27 21:12:40', '2023-12-27 21:12:40', 0, NULL, NULL, 0),
(235, '$2a$04$4tXUs8GoNnS6RbKDkVes9Oy6fwLGebqkl9ITyJlfqWJsUx6tz7lEW', 'iflippini2u@wiley.com', '$2a$04$ZPHAyWUwC.XIHg43Q0sNR.hMnA4m9NyWwK150Epg3cUO6TOGDO7Z6', 26, 0, '2023-12-27 21:12:40', '2023-12-27 21:12:40', 0, NULL, NULL, 0),
(236, '$2a$04$4RbU7zYeH8oRuDwUeG5Q5.hGORQYu0G62IiC7hGcCrClcGQSRD18q', 'ecoldrick2v@meetup.com', '$2a$04$iPkYQzao.VpEvwkURnqwvO1WrZCiQihR7wfCdBdEVbBGahHum9L7u', 22, 0, '2023-12-27 21:12:40', '2023-12-27 21:12:40', 0, NULL, NULL, 0),
(237, '$2a$04$eIdWAdnmeVOP9QsN05d0Ee6p.UGnBNLFcYCZWdm/qSwq2WC/RnWky', 'eposner2w@e-recht24.de', '$2a$04$h7mhwrdF//3UgpuiMmIg4eMHNr6MLu9/V63wLvdwW/qAHqs6Naz5S', 40, 0, '2023-12-27 21:12:40', '2023-12-27 21:12:40', 0, NULL, NULL, 0),
(238, '$2a$04$L6iSfBTT0Jg6z384lqi39.eAfehv1UfxY/uA.0Qpz2bDZNfNKRjcq', 'jladon2x@stumbleupon.com', '$2a$04$DJcaGYIdUaBQDYM8K3/Wg.sYT9p.g03wsYANNzDmDurO1U6atIvCm', 36, 0, '2023-12-27 21:12:41', '2023-12-27 21:12:41', 0, NULL, NULL, 0),
(239, '$2a$04$IvEUzVCYClZkqXARY2wE2O1Mo6O5ebiPDFd91rD9UbhaiPqKwvtz2', 'rosman2y@cnn.com', '$2a$04$33CYz9H8k8yxOn64lKZfSObYwOnR4fGTfXdshCZKU/Pnu8vpA9WJ6', 16, 0, '2023-12-27 21:12:41', '2023-12-27 21:12:41', 0, NULL, NULL, 0),
(240, '$2a$04$EJOhf/dQ38kM3f18fYaUHeEb37IiB2hrTOJWMFFa5c4onKXKG9iDq', 'ksteedman2z@bbb.org', '$2a$04$mz8OZYtCwky7U/q5Gl790OHF86zjLVLPugI8Zv5Gy7emEGabc0o3u', 35, 0, '2023-12-27 21:12:41', '2023-12-27 21:12:41', 0, NULL, NULL, 0),
(241, '$2a$04$6jELpLQFQuNbsJXD.jNNQea0XXtgAldaYYq6nFnGXklrfCLPWDMz6', 'kseczyk30@un.org', '$2a$04$HVoZ7nCI32DG2cw2M/t.DegocVrQZFmtqLIKbR1kkHL4B8eDS8Yam', 22, 0, '2023-12-27 21:12:41', '2023-12-27 21:12:41', 0, NULL, NULL, 0),
(242, '$2a$04$U05nn7G4dfgbW4h3yX7Xee32bFrIS5vdMDVbSa7zOxyc.Cu8j.opu', 'btrazzi31@sfgate.com', '$2a$04$53LghtgO16EEaBHD8koPf.tA9eegqsO7.a98J2oiCL/CSITqU8mjS', 17, 0, '2023-12-27 21:12:41', '2023-12-27 21:12:41', 0, NULL, NULL, 0),
(243, '$2a$04$K8KUA.uAAyRDabvdCYt4KeuFHJ8CAOdpMc0FPV9VyWpSeSOuA91hW', 'gjobb32@omniture.com', '$2a$04$difHOayGuoWMpN0Xek4VduQy4K5Bp0MOCT7F3QkpGISPcnN.G4Ns2', 35, 0, '2023-12-27 21:12:41', '2023-12-27 21:12:41', 0, NULL, NULL, 0),
(244, '$2a$04$5IlC7kbs4Reo9AhaiEDiCew/6g2x9VBK6oxBeqCVBBoWFmgCpiqDq', 'nlewing33@moonfruit.com', '$2a$04$HYL/LstHTzzgupGusqY3Ru5tstInfaJzojzXJKxWrQ28fvAMMHca6', 25, 0, '2023-12-27 21:12:41', '2023-12-27 21:12:41', 0, NULL, NULL, 0),
(245, '$2a$04$fEKJbMHne6GGz3ujLsdYK.LxpX2dbBWWabyaih/V6Mk63OWmwL.T6', 'dpeppin34@seattletimes.com', '$2a$04$gjdNYbL6rpVd4u/xQCP9xOJw0jQ/NSM5cGK.8VnQI1g31QVeoYB0K', 27, 0, '2023-12-27 21:12:41', '2023-12-27 21:12:41', 0, NULL, NULL, 0),
(246, '$2a$04$5CfKFSCEZuoA2I11bytkHezBSNqcQAjaMv.r9eMyKFTIHcoLGUBf.', 'fspedroni35@huffingtonpost.com', '$2a$04$9WV4hFfM0SOtyd4z1KB7POyXfKA13dBgYN.wWeBn02jFVqkU.ZMEq', 37, 0, '2023-12-27 21:12:41', '2023-12-27 21:12:41', 0, NULL, NULL, 0),
(247, '$2a$04$ssM5lV/pASwOq3/hYHzUk.wQrTutZf1nObPUkFP/IJmgyr/JsFxae', 'rmossman36@samsung.com', '$2a$04$qINPcxHmmXXJhY72hO.GXuik.osmu7TplsoKQl9QG7rVOdgW8HRK.', 17, 0, '2023-12-27 21:12:41', '2023-12-27 21:12:41', 0, NULL, NULL, 0),
(248, '$2a$04$rftaf79uo1ZUFy5RzBB4z...NpIz44.k0btKsG/3PcFJYpv95frb.', 'jtimmes37@slate.com', '$2a$04$tagGKHZ8FM/dYvnjxCpGse4UsAFnU.1/C/9TOysbaYlDbP8RLr1.S', 18, 0, '2023-12-27 21:12:41', '2023-12-27 21:12:41', 0, NULL, NULL, 0),
(249, '$2a$04$ZQ1stZqh05Z7cqiKkiEAqejWbx2Wmbugsivbic4WG9lzlbzdgNuV6', 'mventham38@mozilla.com', '$2a$04$ge3dwj08UNO.Xxgubpwduey6jBFq4pHdD/iy6LmFtLMATxZTtjs/S', 15, 0, '2023-12-27 21:12:41', '2023-12-27 21:12:41', 0, NULL, NULL, 0),
(250, '$2a$04$A7vhrcE60VR.u6NZxFmMtuxcM6DUjEsgIUf7srqc.UNmEXHKgqLna', 'ccleevely39@google.com.au', '$2a$04$aWHlQAaLNVY2SILpPASK1ejhKWO8qs6EIPoOYN15KOpHQhBnhk/Yi', 30, 0, '2023-12-27 21:12:41', '2023-12-27 21:12:41', 0, NULL, NULL, 0),
(251, '$2a$04$7Q5nMolYF5Y.HGT6813hgOBoDr2dfRCQmDAqpxMedVen/vEpNFv.W', 'lmccrohon3a@unblog.fr', '$2a$04$HqPiD0bnXT6EgQ4MeM1/5OC4/0fdeNJIyHwrFvXwAtQebGsvCvv4u', 18, 0, '2023-12-27 21:12:41', '2023-12-27 21:12:41', 0, NULL, NULL, 0),
(252, '$2a$04$NneufYmYtZIoqenSm.EvPOYxbgnYS.M4qsK7jJxUUd4sCDJVBuZAO', 'skirby3b@blogs.com', '$2a$04$xJgFdOx9lhezrgYtKYYZ6eIzsKsSHn80p2ILUOlghRdBXl3QAgrDW', 30, 0, '2023-12-27 21:12:41', '2023-12-27 21:12:41', 0, NULL, NULL, 0),
(253, '$2a$04$U6DZop7XypjtTVJSph74nezBRq9sboDAswmU8/yRdxskzegU7Zkpe', 'cclarkin3c@xinhuanet.com', '$2a$04$UwFyx.xkwbmlk03UersxAuoDPRRTMN5EQJPseAi92ZkuINhxnQdYi', 16, 0, '2023-12-27 21:12:41', '2023-12-27 21:12:41', 0, NULL, NULL, 0),
(254, '$2a$04$kEd7/xpnzyJbsQGLtwEPxOIgyKPCyFVktb8SHUNpo8eDl/rbnl626', 'hriddel3d@sun.com', '$2a$04$yK/DA/.HQtJt7NV9YztBlOF6dptXjjf5x.FdGvuIltINMRPWiJbb6', 16, 0, '2023-12-27 21:12:41', '2023-12-27 21:12:41', 0, NULL, NULL, 0),
(255, '$2a$04$5IYCWT8XbWTLQRNqCf9t9e.3mDoLQAaDetJ/yzvqU7WVAbml77lay', 'fparadis3e@canalblog.com', '$2a$04$tYelr2rOz3oOUMf4MXEXoeCkcp5Jalo1L.gdz9kC.B3NGVlsttY/K', 40, 0, '2023-12-27 21:12:41', '2023-12-27 21:12:41', 0, NULL, NULL, 0),
(256, '$2a$04$L55bQSnY.nHXEEBK.7OqnOuQQ6Knq5BCALZWCM0gKghHF1lVIeNf2', 'nrediers3f@go.com', '$2a$04$rFn/ZYYS6ZuW2VRfxzQvO.tXKddbM1n0kJXfYqbvL7YZiNaO2firC', 37, 0, '2023-12-27 21:12:41', '2023-12-27 21:12:41', 0, NULL, NULL, 0),
(257, '$2a$04$FFO7i2n09UfGA6S84JYZIeJBpyOd0jV30CxiiirPmkm3YxYxoZfMu', 'fwarne3g@un.org', '$2a$04$0TJ3zJ30hqbSfxAJ7/6w1eCQbkus8nDzqFenjXMXAK21qhi/skyCC', 34, 0, '2023-12-27 21:12:41', '2023-12-27 21:12:41', 0, NULL, NULL, 0),
(258, '$2a$04$u9O2O.rFiy19ih4Qs6S9JeCuQEXau/gS7fOKMMk/PDSb.pPky/fwO', 'wcreswell3h@fc2.com', '$2a$04$rk0fQDIog3qnVOGS1S7V6.U5eOm8Hc/kQnQBMf7Jum3YbnqryZaui', 32, 0, '2023-12-27 21:12:41', '2023-12-27 21:12:41', 0, NULL, NULL, 0),
(259, '$2a$04$aXDnyZJAgpczpwOF8fpug.SNDG0Ub4shgCHp5Sgg978ONq4tFsPFa', 'cbrennen3i@marketwatch.com', '$2a$04$KdF3ooPaCDW7Jpr0SQwr9u1uQsELlcngZFMFwlmxZxD0T9OgE8ASK', 31, 0, '2023-12-27 21:12:41', '2023-12-27 21:12:41', 0, NULL, NULL, 0),
(260, '$2a$04$XJ.igql7/rj5r29xbLxC9.QJtabcQVk7tdlcXo1T5IGic7jnP4Jsq', 'rbiddy3j@weibo.com', '$2a$04$cWVk1y/vwFzR6JKopTfxked8Rfnkq5gPR8h6M.KupbAud4CbY.0Fa', 27, 0, '2023-12-27 21:12:41', '2023-12-27 21:12:41', 0, NULL, NULL, 0),
(261, '$2a$04$4ZxlVr76EY7JAg2LiKg3N.Ws76F6/GHRak0ROe/xEA00t2piTww/m', 'chobbema3k@delicious.com', '$2a$04$LBhh36wZCIVbEXfil1d42O49yay3etWCBTu720O8c1PweJ/FS62ta', 36, 0, '2023-12-27 21:12:41', '2023-12-27 21:12:41', 0, NULL, NULL, 0),
(262, '$2a$04$9oMi1fJRO7aoSsy4vqYe8OXl1GCmQCEzMf1EzoqF7WfSxQemlU8A.', 'chawke3l@wix.com', '$2a$04$NaWrRvZUjPfhVxaUWUp3CegvRvrLjKM3EV0a7Iz01jyFIZL3n7CSa', 15, 0, '2023-12-27 21:12:41', '2023-12-27 21:12:41', 0, NULL, NULL, 0),
(263, '$2a$04$Nio.1msqeYEG2lpNlM6daO.T2AI1PMSjiaG.9maJ7mlXtfnTbZqQ6', 'plithgow3m@prweb.com', '$2a$04$eAF0CiAAlCZMOQ8SzH1wiOQ0VabvfvhPnxPsx9xAXQmtjqISyf3Qu', 39, 0, '2023-12-27 21:12:41', '2023-12-27 21:12:41', 0, NULL, NULL, 0),
(264, '$2a$04$g2qypl79vqK1QXUrf0kcSOYs.pgCpWzwC/j8B/0DxJgwPRFgC5lHO', 'hkleisle3n@blinklist.com', '$2a$04$fMxmieOFg.npm1n5QxAtgutnKTRqb6tsQ6sz8orABvhUl0qWAsX8q', 33, 0, '2023-12-27 21:12:41', '2023-12-27 21:12:41', 0, NULL, NULL, 0),
(265, '$2a$04$86D2yF.bAk82p16w7SKntOgSGnFa6IZrXjv/UXMU24iD6J9oimeSO', 'dvasilchikov3o@businessweek.com', '$2a$04$4GLb7rcSSeNUrZx/aEElk.XPHKoccRuYAZs.HorMsnM1XT.MKwiRK', 22, 0, '2023-12-27 21:12:41', '2023-12-27 21:12:41', 0, NULL, NULL, 0),
(266, '$2a$04$CxYfz/awDz5aWWe9cp/FZOfKEK3jP.TTcR2sAKChN2gPNxFCRbCcO', 'ioreagan3p@earthlink.net', '$2a$04$eWKoi3TTQ5gR4ONH0u/u5.ZDVaDcRAYZOwif8YlAWNGHIWYWfcQzy', 37, 0, '2023-12-27 21:12:41', '2023-12-27 21:12:41', 0, NULL, NULL, 0),
(267, '$2a$04$Fl4OrULCwbnWfQuq7zciBOoAFUaJysoskAjmXaRzo1FfcxJwc..iG', 'osotheron3q@wsj.com', '$2a$04$CjR/ER7u2LUbFN/sbCKg2uiOmfIDYtO5Mo4QjwK20aMA1k7GhWzGG', 17, 0, '2023-12-27 21:12:41', '2023-12-27 21:12:41', 0, NULL, NULL, 0),
(268, '$2a$04$cYCYERQZLPiobgqJi/f.JesngnjPrdY1NPuMf2sA3QxdrKZCx3W7S', 'emoffett3r@sphinn.com', '$2a$04$qSnXi/XcZKYLWXzbf6MzD./4t9/xlfAT8YxqrubgKbol0RRpxexk2', 24, 0, '2023-12-27 21:12:41', '2023-12-27 21:12:41', 0, NULL, NULL, 0),
(269, '$2a$04$9jHmHp1Gz/rt6BOW9ACGkOvs1qX6ecTsBpBjNF48ARJuzRPDuvejy', 'lrivalant3s@cbc.ca', '$2a$04$LHwgnTP00ZQLI8w4inSvt.i8W1zIqkE6wKjjBfUidxCEx99cRCmR.', 32, 0, '2023-12-27 21:12:41', '2023-12-27 21:12:41', 0, NULL, NULL, 0),
(270, '$2a$04$iCrVnf0t0CRqouKIPzDV/OtTUFqoRssZGQyfQfDTnKkKWMX.kvhia', 'esantostefano3t@dmoz.org', '$2a$04$LrAywQ7dzsZXUfKAVtEHBOWfAjvc6XOqiVZOfo5hS7o7RSFBaWaku', 18, 0, '2023-12-27 21:12:41', '2023-12-27 21:12:41', 0, NULL, NULL, 0),
(271, '$2a$04$JadibWM/YvfqwGVHQS2gauvXF3YeQn3UZwLDPKsEUFr/5XRKf92dy', 'dnottle3u@webs.com', '$2a$04$8OCJN6MYZtQ7Me1ygKDHE.ENyYuvMfdq/wuWmxyQNnIiZr/TNi/PW', 29, 0, '2023-12-27 21:12:41', '2023-12-27 21:12:41', 0, NULL, NULL, 0),
(272, '$2a$04$6lmxtn.GU5cC2VmJdfiJWe940kit0vPYCbB8i.vFzw/rGFooWpcSW', 'mhounsom3v@cnet.com', '$2a$04$TZP3nGe0pQzex5RjXb6ifOXBaSilpAYFcHqy29UevJPVgWWtFcJFC', 35, 0, '2023-12-27 21:12:41', '2023-12-27 21:12:41', 0, NULL, NULL, 0),
(273, '$2a$04$TK37xShSAS8FY70rPXF7p.u/9OoQHuixIsSZ2adSeEiWBW4ReTzhe', 'mslader3w@hc360.com', '$2a$04$JR44rhsUy2rXzSpUVjD.AOJd3j3Uqj3KdN8wBwVcO/vIYUXOSABsG', 35, 0, '2023-12-27 21:12:41', '2023-12-27 21:12:41', 0, NULL, NULL, 0),
(274, '$2a$04$yTEWKBFRuL.4GkVUH.siC.XV30yejFky3XoWWWHbQjpwe3u21aMVa', 'mscanlin3x@businessinsider.com', '$2a$04$2/DXZMnJH5mRjt7M9U/LfOdXSvXcQiHeC1JJ6HTmTJlRppEfFFIMu', 26, 0, '2023-12-27 21:12:41', '2023-12-27 21:12:41', 0, NULL, NULL, 0),
(275, '$2a$04$wKiTNW./FwFBdue8AzqSg.P/lB0aO1Xb8QJ5H./MWXKFcFusTk/1K', 'eplan3y@shutterfly.com', '$2a$04$fbgljw7cBLpS5qdHg2oU0OapuP0h7R.20ZK3xEkMzgtp2NIO4HDKK', 38, 0, '2023-12-27 21:12:41', '2023-12-27 21:12:41', 0, NULL, NULL, 0),
(276, '$2a$04$wZX1WXIiJ/Y1HX/0YnRSjem7GmpkcxPDpKJTyrd/t4oJdn0sGvFme', 'echeston3z@marriott.com', '$2a$04$xhvnd8Gvan27xK9wbB3jD.CTTCxE2BzHoOsYHrKIR.4lUWCv4.EBq', 27, 0, '2023-12-27 21:12:41', '2023-12-27 21:12:41', 0, NULL, NULL, 0),
(277, '$2a$04$q8jFgbJgVaNz1GLZKMJBkOnK0ICpmD0YE3sT5lFLEVVStjXtciUGm', 'ojurca40@yahoo.co.jp', '$2a$04$qRpv29dBax3msZ.pw9jhr.PhcMzOJSwgCE4o.iKRrkDL/jFu9MajG', 37, 0, '2023-12-27 21:12:41', '2023-12-27 21:12:41', 0, NULL, NULL, 0),
(278, '$2a$04$p.otz2wM.I2.x9tbiFKpMOWaF4Kp7GOyas1D856ZMPUhaiYHLvDey', 'ccockrill41@cam.ac.uk', '$2a$04$hINnesprbL4CQMl26kvjku6lbMb.4GN0oz0u5Cd0Aj3fg9/UBSWga', 16, 0, '2023-12-27 21:12:41', '2023-12-27 21:12:41', 0, NULL, NULL, 0),
(279, '$2a$04$hSP0hbNS67RtAAbBYAwscO6vuzYiXSpK6fiOVbohQGm/gEcPDxmIO', 'lbeavors42@stumbleupon.com', '$2a$04$7Zyqq0oSzJjWwULF.lMeSukxcQlcAlg4rigBekaHb.0WXFcUaxyGy', 16, 0, '2023-12-27 21:12:41', '2023-12-27 21:12:41', 0, NULL, NULL, 0),
(280, '$2a$04$CeuVV532IT2fLFMHidvBOuoFOU8G0emEuhEdiKoKho7GNrmQ/Grbe', 'ggooday43@drupal.org', '$2a$04$MU2.peIaT9Q9M7RafBW0/uX2XG0zXTjSuF8fqrZKcHIUXpYE0Fzb6', 22, 0, '2023-12-27 21:12:41', '2023-12-27 21:12:41', 0, NULL, NULL, 0),
(281, '$2a$04$DUuIekmvHITkfBlOHCVV6esFmRqEnoNDUvPiXXZOyVQtJBXEWUC6K', 'wakram44@foxnews.com', '$2a$04$izKzj1MY2ZhlWrMfCbvXhOi9e0E/VjgHQLAahunDwnJip138FRPAi', 33, 0, '2023-12-27 21:12:41', '2023-12-27 21:12:41', 0, NULL, NULL, 0),
(282, '$2a$04$94Nu/6H8vHAp4mBqTaq5jOK5r/SWJVXQEkxnptnzh3m3fLUEbiaO2', 'astiddard45@usnews.com', '$2a$04$HYSEjiH7fedfkDnm50YnmeNaa5h06PXmH6YFWuaC5nBx7fL1r/aMy', 36, 0, '2023-12-27 21:12:41', '2023-12-27 21:12:41', 0, NULL, NULL, 0),
(283, '$2a$04$drmsRuMYgZxRTAzS/qpVXOcDuXgiVi7E4bHoRNjgTHXFd0mnLTMHC', 'areeds46@thetimes.co.uk', '$2a$04$LE7s1zV3d1oIvibcQMktWulUjoYRz3M.2S4ZKBauVpLDbayPkh60q', 38, 0, '2023-12-27 21:12:41', '2023-12-27 21:12:41', 0, NULL, NULL, 0),
(284, '$2a$04$OR0NSoCf0MiePIQkyReMxe9aQ.AhXWQVym/uz5H17rS01uOxX/hYm', 'tbarcke47@pen.io', '$2a$04$x2xdkzxyGiHCfq74rOWIv.Xsd5wJNH5AGQGCD9Is23mADYGkwENmy', 35, 0, '2023-12-27 21:12:41', '2023-12-27 21:12:41', 0, NULL, NULL, 0),
(285, '$2a$04$dhllgqPaWefIDwXbBgBCme8BTEjdrAVjFavjOKTmHPsKY2hGYwVRu', 'ddibdin48@disqus.com', '$2a$04$LLYI/uLEpeRT455AsdYCcuEnu2Dxkv0w8iCbQGRPNZFplyGe6r3Se', 33, 0, '2023-12-27 21:12:41', '2023-12-27 21:12:41', 0, NULL, NULL, 0),
(286, '$2a$04$o7H.TwlL/ezy2mxk3A5LReIaEZlrJuhRdN4SPAJeivKP5GHQ0b9iy', 'cpittel49@ask.com', '$2a$04$LwN0X1lJCuiiZYTf9qsc6eOyL/SXbW3POJIW29lsJhNYkIqmoaPzi', 19, 0, '2023-12-27 21:12:41', '2023-12-27 21:12:41', 0, NULL, NULL, 0),
(287, '$2a$04$gyp9JoqmsB4Ootzv0NrAeelPSBldTbF6PdhrmcTKTEnwVTKRgnv4S', 'gglowacha4a@themeforest.net', '$2a$04$h7zo7j2ZFHvy4/rtaTd7Be5.tyc1ySse9IM1lO.U31BHVVcWZ8Qx6', 18, 0, '2023-12-27 21:12:41', '2023-12-27 21:12:41', 0, NULL, NULL, 0),
(288, '$2a$04$2mw2CyZtwkOtkN545HovV.FdHZhFatzRZKQfUpBc9L6vv8Eh/c2g.', 'sbradtke4b@google.pl', '$2a$04$tiLtirExuCxjbeagvS8EGeAivzQ3C1m4WzGhSfBFcFaahwXz8sDSy', 26, 0, '2023-12-27 21:12:41', '2023-12-27 21:12:41', 0, NULL, NULL, 0),
(289, '$2a$04$eLioBo6FAVczuYYDqnJ5h.8/icAvHca9S7VNATRrI0SlFrv9kyMoG', 'lcanario4c@jalbum.net', '$2a$04$0oQXaTurptyaHnO0JKNW/uHK1L7wPblk/f8jdzRuiugUuyaPTTMye', 21, 0, '2023-12-27 21:12:41', '2023-12-27 21:12:41', 0, NULL, NULL, 0),
(290, '$2a$04$8OB1rhmmpLkERcdzypQEC.dUSVqOdxgwxpPhu0l3dtZkIWpVi9isK', 'bpluck4d@arstechnica.com', '$2a$04$1ANwB4W11hOcLuCiE.fMWu1PGom/Y7fW3I1KxkHbeigQwDf5zFAFS', 28, 0, '2023-12-27 21:12:41', '2023-12-27 21:12:41', 0, NULL, NULL, 0),
(291, '$2a$04$B6l2tmlXwvROwXAJxLcO7ejdKw0nHqnUbqGuLgopN9IequN2139cm', 'ekruszelnicki4e@phoca.cz', '$2a$04$IhlYMWNLIY1Q9wQCoK/UFObV2FWQQL7SnOvyvPXY9RciK2mlAb.DO', 35, 0, '2023-12-27 21:12:41', '2023-12-27 21:12:41', 0, NULL, NULL, 0),
(292, '$2a$04$HTSYpnE0TA1C8ox1yGbYzuqNpXhHJKn176vtDRtlwSSM7ZvmUtTaO', 'knanetti4f@php.net', '$2a$04$c9icUAOpaZtUwqJTvNGn2.3J0H0U61l7URjT9L2H0RQYlHSU2h.Hm', 38, 0, '2023-12-27 21:12:41', '2023-12-27 21:12:41', 0, NULL, NULL, 0),
(293, '$2a$04$5x/C0S9K0o0Shy8dDBAac.jY3YVPTCkUdfVoVaC2M3EJXeqnQB3uK', 'ngarden4g@csmonitor.com', '$2a$04$pq1WQU8LGHSzKben0meDqOaXibKC0RDo2WFuPJR24WKepcbiREuD2', 23, 0, '2023-12-27 21:12:41', '2023-12-27 21:12:41', 0, NULL, NULL, 0),
(294, '$2a$04$Iez85y2cYdL6FOqncmv.4OYGImg9GZeDV889YE6uOEE2JYAH8Nwny', 'mbrezlaw4h@desdev.cn', '$2a$04$QnINi1bTlHt2Nl21A4cXbeXDMJrkjYWuV0.BID.3dphbr5e0W5VUq', 19, 0, '2023-12-27 21:12:41', '2023-12-27 21:12:41', 0, NULL, NULL, 0),
(295, '$2a$04$oJ4ZWZYuJ8G7fG7FcKq59eEyF1UpZPjV1b8UyqbdLq6D/X2wKlRha', 'jfrostdick4i@ihg.com', '$2a$04$MjQWy8MEhPlltgEaY1HvMOS4nYpzVSPXErGZHCEYw.nGaeNmlSWdC', 30, 0, '2023-12-27 21:12:41', '2023-12-27 21:12:41', 0, NULL, NULL, 0),
(296, '$2a$04$lON9QPgd.g/ZjHtiK4dTAOfoN5M4YvpgFg8GmCxQJCHonGkCsNyey', 'mbeak4j@plala.or.jp', '$2a$04$u3T9LcqiRlBKuoLwX2fi3eMQOBuvvMvOEyTn7TA.cXWZDq4pViszS', 33, 0, '2023-12-27 21:12:41', '2023-12-27 21:12:41', 0, NULL, NULL, 0),
(297, '$2a$04$LviI96FUmeFXYvJY9t5xcO.Q29iZ2IAaUKL3V1YO3xK1ovaRfBSA2', 'tgregolotti4k@gravatar.com', '$2a$04$FajzyrznpNbxwaTRDjc2nOOytaYfLC4XsnFWEQSNhitR3v0mgMRvi', 23, 0, '2023-12-27 21:12:41', '2023-12-27 21:12:41', 0, NULL, NULL, 0),
(298, '$2a$04$dnqGziJy4x4P0vCpoUoc7O6RWrsL6Ixyx7znsNxsJU11kSMK9y3ie', 'nsainsberry4l@bigcartel.com', '$2a$04$uWHE21IIqqZNPkugcAfyIu7h9/VqhKsteiSLS5gQKFUGyVFouuFVK', 37, 0, '2023-12-27 21:12:41', '2023-12-27 21:12:41', 0, NULL, NULL, 0),
(299, '$2a$04$ws8ecLgVQZShPhgMR4yNd.TkpHN3k.zgQKwHvWeKy1ZKTb.dMBs6K', 'kmayo4m@nytimes.com', '$2a$04$FVESg8kzIJDiwc03wej32uxfkNSOVczbaRJCF/gYae0xEgsI9Zv9K', 23, 0, '2023-12-27 21:12:41', '2023-12-27 21:12:41', 0, NULL, NULL, 0),
(300, '$2a$04$ccyiXkARTTdaPDFqs5N05OB/xub.aDbYE3/Ko1HLwOFcSgDM87lz2', 'spett4n@youtu.be', '$2a$04$q3DifgWK2rXYkKRo12xGqelspU/zfiIVj3XXI/oE5/1PYyEkSTgLy', 38, 0, '2023-12-27 21:12:41', '2023-12-27 21:12:41', 0, NULL, NULL, 0),
(301, '$2a$04$9mUVf2uXfp1sKfuETpxJgOs1nM7s1iR/zSZz2c665R5F3u5pNID5S', 'fanthes4o@marriott.com', '$2a$04$bBXncn8qTivSVU6J03CYsebEMz8/OSTKuMBPpbRNg/grNigvGI8uu', 34, 0, '2023-12-27 21:12:41', '2023-12-27 21:12:41', 0, NULL, NULL, 0),
(302, '$2a$04$L3rxncCSsHFA34RdcBLB2.vR5Ty3GFDflwQKi7H0Wito4H9qaqnF2', 'pcreer4p@vistaprint.com', '$2a$04$jrIPPFUZ8xEGNihPTuOSOOke/cOkBxmr/7.JnVBka9uBx.2nT5GRm', 33, 0, '2023-12-27 21:12:41', '2023-12-27 21:12:41', 0, NULL, NULL, 0),
(303, '$2a$04$KOCIMazLG5GFjJ1XVneeMei.WH0sRjbiIckX0jytzzlkFCbU5AIly', 'oshelley4q@stanford.edu', '$2a$04$AR/zNd75VwrpYL2MGT6voecM0GUseRnOJJS3F4bVz/x19aLXUEtPG', 35, 0, '2023-12-27 21:12:41', '2023-12-27 21:12:41', 0, NULL, NULL, 0),
(304, '$2a$04$IBgemaexA3UsNNZU5usSeOtpLYPh/6S7HGY4r.SDwU9TtKBZWtKPK', 'bdarnody4r@netlog.com', '$2a$04$zYsfUDvuQ7xhkwZiSV.jou1jAwWo.Y6QtFZD55UG9X84w4hZus3gy', 17, 0, '2023-12-27 21:12:41', '2023-12-27 21:12:41', 0, NULL, NULL, 0),
(305, '$2a$04$85qt1pJX5JZNBSxI85eRbe9QKNbSONL1ff1QqPmD8buuTODDzIIF2', 'hpedrol4s@gizmodo.com', '$2a$04$rl56bpvbZx9z2fPH7ArKL.1kgv7Ego1HpZAKx1y2QRh7SwX8oHTxO', 15, 0, '2023-12-27 21:12:41', '2023-12-27 21:12:41', 0, NULL, NULL, 0),
(306, '$2a$04$oUY6IrVzVLldB241eqRVUeWgtLydRuCL.W1iHATxZM886qe1rjEy.', 'csnipe4t@usatoday.com', '$2a$04$Mik99LbDtG/3uYUzkXCOneu5py/ItuJov4ztOR4a30ivgJi/FPltK', 38, 0, '2023-12-27 21:12:41', '2023-12-27 21:12:41', 0, NULL, NULL, 0),
(307, '$2a$04$sxgq7.skxc.V9oOjZ95uROYHCIZtAvuN2YwningI5SrmstL2zbQR2', 'kfairlem4u@netvibes.com', '$2a$04$rnu1tNlfsH6iytzxTHCl1.rCz2peghLmg4VJrGS9FuhdKtLEn10ni', 38, 0, '2023-12-27 21:12:41', '2023-12-27 21:12:41', 0, NULL, NULL, 0),
(308, '$2a$04$8Zi0Ptuq4a0.rcmepXViUund/sKowDHXlHhjCax//rPl.GeS7liCy', 'keynaud4v@salon.com', '$2a$04$W6L7B5FSAhQrMBtw9FsTSehRFangbEJSP/6rNPcimcBHQINLF6Am2', 25, 0, '2023-12-27 21:12:41', '2023-12-27 21:12:41', 0, NULL, NULL, 0),
(309, '$2a$04$uv7mgL0.yvlbjolfSlyV7u143bnndiY/XmDYENxbNUbhcb2kak8w6', 'hgerhartz4w@baidu.com', '$2a$04$vzoBx9u7iYklm21gjg3aJupKgU6iwajb8zbyE705ejUjGkl.lCbU6', 37, 0, '2023-12-27 21:12:41', '2023-12-27 21:12:41', 0, NULL, NULL, 0),
(310, '$2a$04$ubcWgfpnlA48rskvEY3bIe8sxg/DBBgJYzIbrDz1BSQo5rTO/Mer.', 'eyellep4x@china.com.cn', '$2a$04$1/cwKVdg6zCHJ5H6bjK6c.kq4sFIgt9wCS9UQJ9d9I7NNzBl8DjO.', 26, 0, '2023-12-27 21:12:41', '2023-12-27 21:12:41', 0, NULL, NULL, 0),
(311, '$2a$04$kqDFK9fVrFHwevxgFShdF.7sRdwW/80/cie71ZAWoeJ.7pyYuNGB6', 'mwakes4y@mit.edu', '$2a$04$JDy1PlAhz1tCAjVnpp9h3OryyxiJWp1Ovp3SYAhFjpQqK9c.1sM1m', 36, 0, '2023-12-27 21:12:41', '2023-12-27 21:12:41', 0, NULL, NULL, 0),
(312, '$2a$04$MROeBwHMG0RQVv.fHR2N/ecBYcV8ssutC5Mi1hj6Kr2bcII7n.3Z2', 'mmenham4z@hatena.ne.jp', '$2a$04$LcoHZ4QBbJ/S7/M6KYSR1OeaCF50QMQWHScc3n2QYXWRyBBd4jvBC', 23, 0, '2023-12-27 21:12:41', '2023-12-27 21:12:41', 0, NULL, NULL, 0),
(313, '$2a$04$V1eiQCNWQ9.JZ/bOj9wbiupWwJN9cPfp3wunkFLjpSek5Q2..7GAK', 'nbrownfield50@businessweek.com', '$2a$04$znVT2j9EsOwOFg3QlaFvm.1RcbYYF/gCfLP.e/aqQHRMaBNpgy4ym', 28, 0, '2023-12-27 21:12:41', '2023-12-27 21:12:41', 0, NULL, NULL, 0),
(314, '$2a$04$kJZ/K9m7pfEBaSJV3GiUyestawCAZFUSfCKoyUZs1AGJgn6Z34L8y', 'tsandels51@deliciousdays.com', '$2a$04$0HqY750gDfzqdxrGCSda3uVl5ebezzPOY6A3dj/siCggeQiFQvXSy', 40, 0, '2023-12-27 21:12:41', '2023-12-27 21:12:41', 0, NULL, NULL, 0),
(315, '$2a$04$yobZRI/iCbOkN1XZCi3f4ugToJPs8boSsQoqJKm5Yvsov4iapklmG', 'cgetcliff52@umn.edu', '$2a$04$wklJNmpnIZZeHSrTwN3QuOrVBy5Jf6J4Oa8VkxPl6P8NReGyegaIO', 28, 0, '2023-12-27 21:12:41', '2023-12-27 21:12:41', 0, NULL, NULL, 0),
(316, '$2a$04$skYXiUgD8jhZkDDqA1fqZOgFgT.tkHR0W67h3FfOoB0mRwXhOzkeq', 'elansley53@state.tx.us', '$2a$04$hdnllJ1tGp1/5FYBcdRAje94zVD.BGVM9zA5Qdt8wAFAmB1dW2Xkq', 17, 0, '2023-12-27 21:12:41', '2023-12-27 21:12:41', 0, NULL, NULL, 0),
(317, '$2a$04$C9/yjmiOw5FKMjku8Gm.Z.j/AzxGXjKhZRiMoEMfVfbMkn0Q3EShe', 'rhonnicott54@hexun.com', '$2a$04$EPqJq2YEd7BojS/HZ0sYB.VjJvETzkOXN49PBokRXv7bpazIaYu2C', 28, 0, '2023-12-27 21:12:41', '2023-12-27 21:12:41', 0, NULL, NULL, 0),
(318, '$2a$04$BjhaPIiUktcQ.uaVffBIyer87yh9yukvs7oQSkZH12CbCV55S71gy', 'jbreitling55@shutterfly.com', '$2a$04$d8/9gy.wBIaWKcSBcHK70.c.8FZ5aNi5WhWGDi/ynwE.NKsk7tSXu', 29, 0, '2023-12-27 21:12:41', '2023-12-27 21:12:41', 0, NULL, NULL, 0),
(319, '$2a$04$Q7gd4ZeYc88AA/455k99BudFbp/UUG5cVfXn4jqr5.j3tc9FKBkjS', 'bstefanovic56@gravatar.com', '$2a$04$aldQgeOWh5tSl.nmwXy4KeHq45hgvsSu8mKfQRactPCisrWT2WRL2', 19, 0, '2023-12-27 21:12:41', '2023-12-27 21:12:41', 0, NULL, NULL, 0),
(320, '$2a$04$7LKOn1PM24qgfoJalvO/summ0gm4115BEU.OsjxTemZBSWGdmfdli', 'sdymoke57@csmonitor.com', '$2a$04$xewyxjHru4pouewmUsPpz.4g/eUHJIk0HHrzSnYtU/ByQN9eFrRJu', 20, 0, '2023-12-27 21:12:41', '2023-12-27 21:12:41', 0, NULL, NULL, 0),
(321, '$2a$04$keEmKbrWcbFwfJFJlP6uUuoQWB0jB0CDO4MKUjw9OY22rMb8X8/F2', 'kllewellin58@prweb.com', '$2a$04$JvLobLpR5I7gB2OfiyJ0BOg/CMvRFzX3bw9Xr69SjKmn0WijhLrfO', 24, 0, '2023-12-27 21:12:41', '2023-12-27 21:12:41', 0, NULL, NULL, 0),
(322, '$2a$04$S9x2Obi2rQAOCZFMvj6WUe.I9Ayf5L.K65KRkGJHKY5ZvSSQVwAoi', 'abarnett59@plala.or.jp', '$2a$04$ootg8iGhDTov97wv.NSaievV2vv6/utP00vky6x3Lln/jjscBPV56', 19, 0, '2023-12-27 21:12:41', '2023-12-27 21:12:41', 0, NULL, NULL, 0),
(323, '$2a$04$igZzIayp2WJHncI8RV707eKLwKmaujZ4xWTmDP.aYnig7p6yekLmG', 'lendricci5a@google.de', '$2a$04$l/pQtXzRbMnQme5Fpsq4HebUn0v2CsVVlXXaUFtMBsYHnthZ8p0ze', 15, 0, '2023-12-27 21:12:41', '2023-12-27 21:12:41', 0, NULL, NULL, 0),
(324, '$2a$04$sfR7mtRD/GzC5066Y7vWVuDcpyC3ENg/JnIOwdUBue/iRiF8Cm7gK', 'gnassi5b@springer.com', '$2a$04$twiJe4x6.qKoj6MAVnFOhuj05a6WWpe8ME2FCGEtFbE.IkiickEwi', 17, 0, '2023-12-27 21:12:42', '2023-12-27 21:12:42', 0, NULL, NULL, 0),
(325, '$2a$04$GVe/0ypK5ePkmpdPLKx1jeLVu89SKKyIc1gsBrk6Kwi63IFC7K.v2', 'ahugo5c@constantcontact.com', '$2a$04$auz6Kz/9vPENnsrtSJ51je78THBrrG/z5vL7d.YQajXqUs6dXclu.', 15, 0, '2023-12-27 21:12:42', '2023-12-27 21:12:42', 0, NULL, NULL, 0),
(326, '$2a$04$kqSgyToCZOD4ZnbUsm9AmOmlfsazJaIof4NK/8l.RAI54896./QYO', 'pdevries5d@mit.edu', '$2a$04$GfJy0aWRiBByFR91eWOky.F6yCvGLcSYQJWhJdsvSF/kj09DiLTvW', 35, 0, '2023-12-27 21:12:42', '2023-12-27 21:12:42', 0, NULL, NULL, 0),
(327, '$2a$04$xbPrR3i.eXlYIBzCGspdv.OoewJFOdwX/HVh8VCYr9zPSWhsWMAe.', 'loffener5e@last.fm', '$2a$04$wWKmrh/urj4MHdwGn9B5QOq53qVjOJGEBLv9LPEZ.J1/JxkYabmiC', 29, 0, '2023-12-27 21:12:42', '2023-12-27 21:12:42', 0, NULL, NULL, 0),
(328, '$2a$04$Ho8n3rndmM8Oj1/gAG55XuCj2CBz9gyxk6dHXrZaYoYZHAESzU6XG', 'ewalbrun5f@bloglines.com', '$2a$04$w5PxwoP7QpJRoyDs2vbQYOnYQQedTmvaOzx/pQ6bjBXpLFgA5xf5O', 21, 0, '2023-12-27 21:12:42', '2023-12-27 21:12:42', 0, NULL, NULL, 0),
(329, '$2a$04$E3rSLf4OWhfr0v0IqmoJG.SblO1.s81I7IqIKOAxTgDzt8ym3hJcy', 'rwrightson5g@chicagotribune.com', '$2a$04$sl0ToFO3u45BAVBQ5dFdh.Ux8a2RuUaqkUb.2CQsddivmfu6I5gLa', 36, 0, '2023-12-27 21:12:42', '2023-12-27 21:12:42', 0, NULL, NULL, 0),
(330, '$2a$04$XEVIWd/XexQDmqjq7Lg/bOd59PFBol/sxTFQClPa2xTcP./DpGyzi', 'kmerman5h@walmart.com', '$2a$04$m8g5Rx14q2tDy/we00hFI.52Rbxx4uILAQ1Ah74XjA/3QwBNPVi7i', 31, 0, '2023-12-27 21:12:42', '2023-12-27 21:12:42', 0, NULL, NULL, 0),
(331, '$2a$04$C5lcRF0BySZ0sK81EbMOOOjiPj6QZk.jTDMcIxsdWwQGTmDp/hsbu', 'tknighton5i@narod.ru', '$2a$04$rUPC0ADYeIOp16Q7TGUp6u5ROtQ1tzw02awp3hESbXkX/19rVrXNW', 34, 0, '2023-12-27 21:12:42', '2023-12-27 21:12:42', 0, NULL, NULL, 0),
(332, '$2a$04$DogUKa2swacPieSE7iuOeOA7Cxkq0L.6hg099gw15M5YAgRVDaGje', 'zbrims5j@google.ru', '$2a$04$TgJyXi5suCLCQyq5H5as/.g20ksokqXmQgyVZrM8DZqf9H1uwXo4e', 18, 0, '2023-12-27 21:12:42', '2023-12-27 21:12:42', 0, NULL, NULL, 0),
(333, '$2a$04$LobUVY9U9aYqpA/Z7s9LZewCVkEaP1yKA576r5jvg2JL11iVn46ui', 'bouldred5k@ehow.com', '$2a$04$OkH/.cQMlgW/wJegCrH1.eEmOEbojSM0m3ZQ/vg9i4cJcb.wdXg22', 27, 0, '2023-12-27 21:12:42', '2023-12-27 21:12:42', 0, NULL, NULL, 0),
(334, '$2a$04$ugvxB40QmN6cVjkaiwmcG.v0NSZEw0GfeD7XfKOx22ggpgrWWVDA.', 'gapfelmann5l@ed.gov', '$2a$04$8v2qMTZAnFHfJPONz9WDxec3zJtvPE0ELR9eaEd8yLarvnbWdocNa', 16, 0, '2023-12-27 21:12:42', '2023-12-27 21:12:42', 0, NULL, NULL, 0),
(335, '$2a$04$/O4ifYrMcyrJ3825DetyD.152brhqbJJKA2F5v1zvTQyoOtQtjMDW', 'smcilmorie5m@statcounter.com', '$2a$04$Y0HgjTTWCGWixhRgZVCw3eQvlaxhHH4ZZzww2zXOsGCO4D7ChReJK', 32, 0, '2023-12-27 21:12:42', '2023-12-27 21:12:42', 0, NULL, NULL, 0),
(336, '$2a$04$cev7qr3AlSgTwaiD8ySzr.qz1EnIjoWZvZRxvL.syn0FtzU.DCuvS', 'cklossek5n@merriam-webster.com', '$2a$04$lRqdg7fBLnfLFtwhzRSHz.FAOvGMH/IRZAR2FyhUHrIauYB4YvnPu', 20, 0, '2023-12-27 21:12:42', '2023-12-27 21:12:42', 0, NULL, NULL, 0),
(337, '$2a$04$cfChk3pr21mwFKtipjnaGe1k9PElg/C8NVlnqkACFjzlW.cv7hSWu', 'abayldon5o@nifty.com', '$2a$04$VlFy9Z3kx99Ua1bNfV1pjuWfIgkD4d2ui5YNZ/pcEjHsdxOfEBwSC', 15, 0, '2023-12-27 21:12:42', '2023-12-27 21:12:42', 0, NULL, NULL, 0),
(338, '$2a$04$EVsGlLOJl.UAQwjTgVzvl.Cemw7Zn6VmtS8R2Yi.jZ29cHwqYPrYy', 'hrebeiro5p@ow.ly', '$2a$04$q8kAIwkwF9MRVeqpaQlP.eAysXU2CHI65STWkc/SpYohbukePBSwW', 38, 0, '2023-12-27 21:12:42', '2023-12-27 21:12:42', 0, NULL, NULL, 0),
(339, '$2a$04$5oLsHOVnbY.SRVN68Up2sum2/g8E2//XMI4hH/8KXG428hTynhRzC', 'mmaclaverty5q@ox.ac.uk', '$2a$04$x/VaMrTzCeAfev5FT2wohe5yLNV26qk5dyS6YKL6lKMIbEP6N3U7W', 18, 0, '2023-12-27 21:12:42', '2023-12-27 21:12:42', 0, NULL, NULL, 0),
(340, '$2a$04$C9ID80adNgJ32JeUKNKSWOUZcbXvoy0hfv6hue2VVZNtZVrdicB/G', 'gmathiassen5r@about.com', '$2a$04$ys6nKibdOTrBy3Ds6GjKWuWFw5H0MMQgxaloerLTffRzu0y6V.3cW', 22, 0, '2023-12-27 21:12:42', '2023-12-27 21:12:42', 0, NULL, NULL, 0),
(341, '$2a$04$.VGvJCZGRdxFdOeFMeN87OOT00NYSxcEpLXGUl6wgi3rf2PUhVpiO', 'emartello5s@google.nl', '$2a$04$dLukpSJBTOqsTMeO/F7AEORoEF.VPRoLRlCQ9jFgIkvyFxcT6gpNy', 29, 0, '2023-12-27 21:12:42', '2023-12-27 21:12:42', 0, NULL, NULL, 0),
(342, '$2a$04$8myxDQyfW1HYhT0V5bUXR.Hr5Bjdpl9T9qAJB5i.HcLDE/lQPmQ7C', 'msimmonds5t@hp.com', '$2a$04$UYwOwB5bp1yrEh8nVbMwYu/79ZdhxYoJlhz0R0dm3yT6bSk6b.6Hi', 37, 0, '2023-12-27 21:12:42', '2023-12-27 21:12:42', 0, NULL, NULL, 0),
(343, '$2a$04$vOoV7zHws5o2A//5ZF0Ns.dI5xYnRgZLR3mnYwBAGtKwUVuMTNqqK', 'bcarr5u@naver.com', '$2a$04$nwx.j0BojGXR0ygGC33k7.HUQwdevAKmrxc1dSyZCltmK07DQtBqy', 34, 0, '2023-12-27 21:12:42', '2023-12-27 21:12:42', 0, NULL, NULL, 0),
(344, '$2a$04$5FjphTp0zAzeHHWzJF1w5.yCfl9lShqq9bqnpv6Z83WFATUpD/sye', 'ebinning5v@bloomberg.com', '$2a$04$3xEPIyxLZDuPZqv3aWf92exbJqhGHwC0A3tPsgPK.D5qArkA2z3nC', 15, 0, '2023-12-27 21:12:42', '2023-12-27 21:12:42', 0, NULL, NULL, 0),
(345, '$2a$04$XNXHQFwItUDCTn/tBTWAM.3ZdvLoJkaXGOCkoccod5rl6cbNBL3uG', 'wjeeves5w@hexun.com', '$2a$04$m/flvYrbfF54JflCR6/HyeNnUYpn7Sey.DdUyS71uWyDkhkHBghxW', 21, 0, '2023-12-27 21:12:42', '2023-12-27 21:12:42', 0, NULL, NULL, 0),
(346, '$2a$04$t.x7jNrGBh3JsgBWIZiS2u.7hWX1EXR/2Qo46jgabzeKT0w7iP2Yu', 'wbarltrop5x@guardian.co.uk', '$2a$04$7xVE5qW8NGkfsPwtaAFlbu74thGe9CNCC7zj6eGHuc0bjANgd0DUe', 28, 0, '2023-12-27 21:12:42', '2023-12-27 21:12:42', 0, NULL, NULL, 0),
(347, '$2a$04$JMpbwgUH7q.GMVOUOICKqewoes5NzjmG0BoP9wRiMPxBSAo/yuRoq', 'csilbert5y@epa.gov', '$2a$04$OB0QKPlBMv3r6rc2A3Lwd.MXUY3DQaFTmoXWrlSERX.OYHwVsA0kW', 23, 0, '2023-12-27 21:12:42', '2023-12-27 21:12:42', 0, NULL, NULL, 0),
(348, '$2a$04$mvJlsVGuyUeIKf9ie6/dXeh2Q16aBVW/7TNfoYsDKJOJ5kws10xIK', 'ltrevear5z@netvibes.com', '$2a$04$K.LFVHUtonQRnF1Dp6FB2uK3AxwrxPDb4BiaEpY5rC5xEDHcZzzT.', 20, 0, '2023-12-27 21:12:42', '2023-12-27 21:12:42', 0, NULL, NULL, 0),
(349, '$2a$04$QFZOIVEAbTGqR5NSEuZTw.GoDEnplFAWQMDG5pSnM1Ww4oEX2M4ju', 'bbonhan60@diigo.com', '$2a$04$Z4QTq.PGt2xo2CYHqza78uD8AefaIvFdNyB3Ck5UfbDU53nUoSUQ.', 25, 0, '2023-12-27 21:12:42', '2023-12-27 21:12:42', 0, NULL, NULL, 0),
(350, '$2a$04$GREawQIH8NHof7wgeEq63eGCgG3bPV5OQ2MRAtEAB1puO208UgYR6', 'iovitz61@dailymail.co.uk', '$2a$04$TXE8tRZ5u91EKMVr5W.a.OZ204Is7l6zCf2ZtOQPU6Z49XWOk4ewW', 29, 0, '2023-12-27 21:12:42', '2023-12-27 21:12:42', 0, NULL, NULL, 0),
(351, '$2a$04$8I4lFyHNyTL5TictvtI1WeqRIfxqO6tyBx/UtVWf8CMKIb5T4mqEO', 'gobrien62@twitpic.com', '$2a$04$XtdY/OnZPyLLzjHOajUnluhWumUwx0jVkw7tqdfHS.2Xj.Qhg/r62', 16, 0, '2023-12-27 21:12:42', '2023-12-27 21:12:42', 0, NULL, NULL, 0),
(352, '$2a$04$8sU1w2uZSMv2Gd4EvQqTtedMaz3KfCr/nDL0UtXgYQ046A1DhxTP.', 'hbuntine63@si.edu', '$2a$04$lF5PhZuxTRvkf2y4AMawr.FYfyL8OYTkBlRTiGQkcl1hkLTolb6fW', 36, 0, '2023-12-27 21:12:42', '2023-12-27 21:12:42', 0, NULL, NULL, 0),
(353, '$2a$04$LVBsn.hrJaY3.xrtnGLzPO/oFZJx.JGs9X.qN5vGtOGydQvbNggGa', 'hdaniaud64@cnn.com', '$2a$04$K2UD6GafEe251UUxj3IcoeYPV0.Z/q3LRRUl0FuB17.pQwTyX/.Em', 33, 0, '2023-12-27 21:12:42', '2023-12-27 21:12:42', 0, NULL, NULL, 0),
(354, '$2a$04$Kd9qAviV9eE2HRvfwkLZqeaIydQZZ.mvfTvWDT3Q9WEwWRJbIurPu', 'snucci65@ox.ac.uk', '$2a$04$so7qGMc9OCA/s04dVroWdug3k/sTMDYA5in7z4nZM7bsIGZyX7KZe', 26, 0, '2023-12-27 21:12:42', '2023-12-27 21:12:42', 0, NULL, NULL, 0),
(355, '$2a$04$KJ/V9QHrSbx4LUvs8Nlab.g.hOm2iC4lZEmqLZjhyzkxep1964pZi', 'wsimeoli66@uiuc.edu', '$2a$04$dNT7VA1cq.yfbh2E0m2ASu1qYUZb8g7DAQPp5lLXxyUGRjit3ooGS', 15, 0, '2023-12-27 21:12:42', '2023-12-27 21:12:42', 0, NULL, NULL, 0),
(356, '$2a$04$wzPZ5FLC3PJklp4JzO9r9enLI5de9Oe9I/5JgXGy4m82ZUxYhqmjK', 'sdudgeon67@odnoklassniki.ru', '$2a$04$m88X5kKGS1drBFgdA.dnreMGPaz0GcRSBtK.phi6fhSOHnhf04o1y', 19, 0, '2023-12-27 21:12:42', '2023-12-27 21:12:42', 0, NULL, NULL, 0),
(357, '$2a$04$0wVtEHQhpfuttrgb3E2qV.9B55MirUTieE1AqPH0mC3scAJpLSbKy', 'dpinney68@ow.ly', '$2a$04$QiYn8jI8c3BSO.umejaJaOSYScP8GRss.rBcmu.GNKQ.mGnItUB1C', 27, 0, '2023-12-27 21:12:42', '2023-12-27 21:12:42', 0, NULL, NULL, 0),
(358, '$2a$04$9bIqnNC4vvNdsmEJeKwW1utFBZZsA2gY4tmei.B8NgJtsVhZXERb2', 'vrochell69@phpbb.com', '$2a$04$srcqetr1fgCwfzS5BBUrs.ip/O1/bIoWsRFt7sqgWGydHD69JuhoW', 31, 0, '2023-12-27 21:12:42', '2023-12-27 21:12:42', 0, NULL, NULL, 0),
(359, '$2a$04$IomdkdMLE5RZFnL76dyYIOjPrqR450LiWqE9K70lStLUiDKtbm5Da', 'jdarrigone6a@about.me', '$2a$04$Ha3NcBk4kHKPLq9j47rNZ.grWRZPdY4.qZqVLwYZqMEyq2WHU3akG', 16, 0, '2023-12-27 21:12:42', '2023-12-27 21:12:42', 0, NULL, NULL, 0),
(360, '$2a$04$0XcQ6lqL.2h1UkkN99DPWOYzDwV0usdL.9JB77xrtBRtvGn8lcBjK', 'cbarbosa6b@ning.com', '$2a$04$bUrOMTy4RDLN9rQ9TRu/B.YudQrFdVR/CFg38AWvyMRpFjsWlMl9W', 32, 0, '2023-12-27 21:12:42', '2023-12-27 21:12:42', 0, NULL, NULL, 0),
(361, '$2a$04$njME5fhIvx0xQTrDxsNgTuzZar1ks8.9vMncS8bW37N.HcdYDsXHa', 'adibatista6c@engadget.com', '$2a$04$QPEZmZl6B5lshy1jlFn/WeumScM4gghXlxiCYuCfBiZtE1UFiKrd2', 29, 0, '2023-12-27 21:12:42', '2023-12-27 21:12:42', 0, NULL, NULL, 0),
(362, '$2a$04$yIFkQ5TG96ZpfJ4hHbrfG.4t9xU8K2jBLdqxhOzCtvHWjRYuq3okC', 'sguite6d@mtv.com', '$2a$04$SO2JqdeMWPdxpNra29G7V.xU3Q11OUSR9v/FP4hofOQN/cDe84Fuu', 29, 0, '2023-12-27 21:12:42', '2023-12-27 21:12:42', 0, NULL, NULL, 0),
(363, '$2a$04$ZJJYf5UJgFefx.WuxlETG.Dh2lB2RK5JZDDW1r54VA/zuH2b17nkm', 'tkeatch6e@dot.gov', '$2a$04$q4LxQ1F.DOfCf8kH7apqpevka89poPRyHr2uyVck0UV7Pc88Z4Z3.', 18, 0, '2023-12-27 21:12:42', '2023-12-27 21:12:42', 0, NULL, NULL, 0),
(364, '$2a$04$BEI.AvKBdkXhn2EOziGSOexY0ztABgDWR3b32WcolXDaxRkmdHvaK', 'ootimony6f@telegraph.co.uk', '$2a$04$Kw4M1ZLbb.NQul3auorH9OKVPYEGhSHl97AxEO6HYDhXl8cI.May2', 17, 0, '2023-12-27 21:12:42', '2023-12-27 21:12:42', 0, NULL, NULL, 0),
(365, '$2a$04$z0Os/Kice29BhkVfS2urXeC5Bw7OP8DlLh3/981zffB9Jswf9ygpS', 'asturdy6g@usnews.com', '$2a$04$9wyoG/T8Y5.g22y4z5sL7uN4DE9NaoQ2kKuLevfGmCBXxn/Gk3ypW', 26, 0, '2023-12-27 21:12:42', '2023-12-27 21:12:42', 0, NULL, NULL, 0),
(366, '$2a$04$qYrEnSMsIC1yI1o7XImVxeGHy31tiEBiGbrgM9c7fBxXWyIqIEUZG', 'hsturch6h@samsung.com', '$2a$04$mFPz9ILk/nxPQKIh7bwgjuyzoGC4mflcw3xcJGgkZLfg4.RGMXVCm', 18, 0, '2023-12-27 21:12:42', '2023-12-27 21:12:42', 0, NULL, NULL, 0),
(367, '$2a$04$N16P7J8v.JR6Q44VqgomJe6QmJXwKdzRL0GRmBGlDPcKylvQYmX7i', 'ahouseago6i@booking.com', '$2a$04$zGLKzuvcacLrQwO9zFB.SufhNo0ugZGJHBk6dNmcJ1m/uclRIRh92', 38, 0, '2023-12-27 21:12:42', '2023-12-27 21:12:42', 0, NULL, NULL, 0),
(368, '$2a$04$/bd1ZjBr.P.N2Rexw0a4muZApg4pgHw4mUBMwO1Rf4EXh.4.kmrfm', 'lwogden6j@webs.com', '$2a$04$g7QtcMZ1/QavfCr09.7d5eTS0de3boVwWxjLts5L5fSBFsdRi3bt.', 18, 0, '2023-12-27 21:12:42', '2023-12-27 21:12:42', 0, NULL, NULL, 0),
(369, '$2a$04$Qf1Td6nRLMRuj3jT4m5CdO1hGtmHuYWIZGoKYvo0DC6WOZmxm90DS', 'chollingby6k@samsung.com', '$2a$04$w/8ffqOAl23D3doEPTq3S.4OQLCc1W7IrnHNpFJqBZIWLI0dHBNIC', 37, 0, '2023-12-27 21:12:42', '2023-12-27 21:12:42', 0, NULL, NULL, 0),
(370, '$2a$04$8QYLkJj7GZDDlbcMUO2SkOJ37mKRoVoHd3tkULFeDO8t5IcaJaKmC', 'bricci6l@omniture.com', '$2a$04$kTuGRxV/GNwGZRAneziWRePYur.asoJqHX4oMOoqcGBiChJ2YdnBW', 27, 0, '2023-12-27 21:12:42', '2023-12-27 21:12:42', 0, NULL, NULL, 0),
(371, '$2a$04$sKlndn4J9JiZwXKh/ODNI.Yoj8jCGLOu70DmrdyLtfZZrOxj9aj6i', 'fgallahue6m@diigo.com', '$2a$04$3.HNWvtbbYYYQPpujkxJ3e8hBh13Q2llXLqjDBh0o3wVdAOGEYy7y', 17, 0, '2023-12-27 21:12:42', '2023-12-27 21:12:42', 0, NULL, NULL, 0),
(372, '$2a$04$Gi1m3AWbdKT3P8gVk2yf8.ofY/ctwacKwYCevtt9wEXlBgtV3pCZ.', 'jhumbey6n@wikipedia.org', '$2a$04$qfbRmGAe2Vg1e1x5/IX5oe//BMyQyIDyTUF/72npLYePa09QiIn/O', 17, 0, '2023-12-27 21:12:42', '2023-12-27 21:12:42', 0, NULL, NULL, 0),
(373, '$2a$04$8PR0b9MrN8eXrAo7TYxCtOJi8xnx46Td5ty7y9WUcl34F.CbCXzba', 'lmassingberd6o@cdbaby.com', '$2a$04$AHlZG5En4.rhdjczkle0Zenyz17T7tNhPKcP38gNXvUG2HnHcfNH.', 32, 0, '2023-12-27 21:12:42', '2023-12-27 21:12:42', 0, NULL, NULL, 0),
(374, '$2a$04$pt.qG.WZT3lWuq/HkGafi.554BS07Nh9TcGIPnmZpG3tHMlhhoUkG', 'hgimeno6p@chicagotribune.com', '$2a$04$6l3EcD3T39Stb1JMzFhZFucqA0YLIKhg3/J1shspgVEau5Si/h.4y', 37, 0, '2023-12-27 21:12:42', '2023-12-27 21:12:42', 0, NULL, NULL, 0),
(375, '$2a$04$KKV4bcMiH7PXOIWdcCFYs.lwIuzdWkOs6ApUfIIoo2X1ldeoBaEZC', 'jstaries6q@mayoclinic.com', '$2a$04$UOQ/.3vCVY71opZXVtfNPOXZh7FNhaRH7NwCLErkr/avLfvWqXI5i', 16, 0, '2023-12-27 21:12:42', '2023-12-27 21:12:42', 0, NULL, NULL, 0),
(376, '$2a$04$2eEQEjBdgtsv5WBqoFvrg.YVn2PvfNw8WDLEgWoqwaccWYkgY9Unq', 'melkington6r@merriam-webster.com', '$2a$04$qnlVWSBS6i1FraFF1U/uMeyxtqAEGuiEjWOTj/V4WlNupAvub2PLi', 20, 0, '2023-12-27 21:12:42', '2023-12-27 21:12:42', 0, NULL, NULL, 0),
(377, '$2a$04$fJupCHep/lydWjJ6ZB2PHeTY9eSWC8fWI9xBqemAZuW8N6eEDt6cu', 'dmeeland6s@npr.org', '$2a$04$e5bCUOJNImRm1TpaCP0bfOBN3.fxpeKGyZ88M/wtiQo6h4GUp3V26', 27, 0, '2023-12-27 21:12:42', '2023-12-27 21:12:42', 0, NULL, NULL, 0),
(378, '$2a$04$CL9gmCKycnyh2flUW83d6uVtFWznwsd3puW1vXZj1robRAi.d6Kke', 'cmatticci6t@wired.com', '$2a$04$vSjBMoHpq9i/80jDvvwgm.cVp275NTtdZbi1oaZZvHO6Tu8nbP5/e', 25, 0, '2023-12-27 21:12:42', '2023-12-27 21:12:42', 0, NULL, NULL, 0),
(379, '$2a$04$j5/3no8ghJdDmfBTjZQH3e4U7QYFCZZsGWsFBVf1wk0QV2ys8A.Sa', 'sbeavers6u@mysql.com', '$2a$04$nrOmVI4gwbtjMwadM5dkQOhlsE4wnSEdwpIGI2r/XHBsr6ZBXQMNm', 24, 0, '2023-12-27 21:12:42', '2023-12-27 21:12:42', 0, NULL, NULL, 0),
(380, '$2a$04$ChCengrXO5ZzCj.UsAMmi.TUNrn35vyEoURFXPjI2rPiLkNSLITRG', 'aguerra6v@nhs.uk', '$2a$04$gCbynmGGz1yIk6JsYtXKhuNnSSYCMTA9PO/VT7H9PQw0kQqbNHuyq', 30, 0, '2023-12-27 21:12:42', '2023-12-27 21:12:42', 0, NULL, NULL, 0),
(381, '$2a$04$Ht/deuN2WFCPpR7GTwXhF.G8knAiMqodhWhlB9dpTUUBY3TvV0/2u', 'tmutter6w@princeton.edu', '$2a$04$fqv4PVMH69Y75UsunX4RceURuYB1/vYuvAwceQnAARUPrlQOwMXNi', 15, 0, '2023-12-27 21:12:42', '2023-12-27 21:12:42', 0, NULL, NULL, 0),
(382, '$2a$04$a/0KSwjBQ6OrfYljI5RH.O/uaNvmMgX.q75taIha.lRS7stxoUgj6', 'dgenge6x@prweb.com', '$2a$04$apw1NhwxI6d79YCDK1MUXutduZ2oRRcxIJlThVtUSvtfhOrLnVWk.', 24, 0, '2023-12-27 21:12:42', '2023-12-27 21:12:42', 0, NULL, NULL, 0),
(383, '$2a$04$oqtxb3V0KdGUj.mcQOvnq..C1O.kOUpiVCGQ9rp.Pitf7PHFVqeA6', 'ctaudevin6y@bloglines.com', '$2a$04$j2sAAUJs6bVEYEQm8sFrDek7ggqtG67SKVnTRQHvblqQP81d3eyLW', 25, 0, '2023-12-27 21:12:42', '2023-12-27 21:12:42', 0, NULL, NULL, 0),
(384, '$2a$04$v4T7iBQoKILMAUsOH52H9.CabNysYiiCb2Gcz.DvAbakgWTPqVeU6', 'hholah6z@weibo.com', '$2a$04$obDYGjIr1bOF6l//SozeweGhaGYzBtmIxUsjF7bMVmSdEZDKzNPGW', 36, 0, '2023-12-27 21:12:42', '2023-12-27 21:12:42', 0, NULL, NULL, 0),
(385, '$2a$04$cWHRXsveg/6djSORRn/ab.iOaXczEM3RTld9AgRHsOjEB9YnMXzPG', 'tvenning70@wikipedia.org', '$2a$04$r8GADqKMi42JDzu.tnHFuen51R4k.4d6u.8FJV.F.k8KG7B9HkQF.', 28, 0, '2023-12-27 21:12:42', '2023-12-27 21:12:42', 0, NULL, NULL, 0),
(386, '$2a$04$2ERlnxOsd5VXNC1CY9DKTO5P6HrTUulitIVxU37/ZbLQqDheQnZui', 'cegdale71@google.nl', '$2a$04$ytjzguWZo3343fEOhX4fz.CK5hPbOsAJlj7xMEpmEOy/2LydjAdey', 31, 0, '2023-12-27 21:12:42', '2023-12-27 21:12:42', 0, NULL, NULL, 0),
(387, '$2a$04$nrDs5bI8Hf09MR89mSnd2.oqcNjXqpAs9LhBkZXgUdyDN3ix4ERlS', 'btexton72@issuu.com', '$2a$04$g1afoiXuh7I1K/Lq291nKuGaOXy.BYgraqdSN/CWh1vsuAMdwJacO', 27, 0, '2023-12-27 21:12:42', '2023-12-27 21:12:42', 0, NULL, NULL, 0),
(388, '$2a$04$N.rB/P4.WojcYcuMXYZos.PO8Pgc/IBPKEE4GmAzQ1v9zHhFzAIK.', 'wlockhart73@rambler.ru', '$2a$04$SJhVA/n9S4Ok2BnldtUUReqHvKpkAE7rb9MbOVrvoNDNSStMz3Eci', 24, 0, '2023-12-27 21:12:42', '2023-12-27 21:12:42', 0, NULL, NULL, 0),
(389, '$2a$04$xDM5CICYrikuyfISJKU5yu7Gio8SH/M9o8C/pj8mJ7fjeHEf/HK2K', 'ineat74@list-manage.com', '$2a$04$mzrVrx4ahuivqdbIiEweIOY39fH9QuafxmwYZOPcPTt.Aa.pS8.8m', 31, 0, '2023-12-27 21:12:42', '2023-12-27 21:12:42', 0, NULL, NULL, 0),
(390, '$2a$04$vFKJbmHfrnzkIJ2P4FY4kO4g7CNQIEjrNpbw/KDzB7kc6xXDaXeRO', 'bsweatland75@exblog.jp', '$2a$04$0Wa3npfeugsSu8vHET5ww.hJpyVUvYXUHCYfTPhnVs5nf6C6MTCve', 23, 0, '2023-12-27 21:12:42', '2023-12-27 21:12:42', 0, NULL, NULL, 0),
(391, '$2a$04$84cKCNjQKsjrRDHxlJ.6aOmH.zMmAaPzuOTUIErjgurkIQLK6kwfi', 'eheater76@ftc.gov', '$2a$04$iYjciHuJGoFnI7kmsdW10..c8dx1Pu.YS3mfk2Al62/KEX09Uuku2', 16, 0, '2023-12-27 21:12:42', '2023-12-27 21:12:42', 0, NULL, NULL, 0),
(392, '$2a$04$UnyQ16VLJcPFCQfna6tsRukpTtLzXk2a7cS0QZ/bvXL3wCab74Cwi', 'zlammiman77@woothemes.com', '$2a$04$3cfNG00RQ9Bl/fzMfrzAt.FKy7M43HfTeCzVPAxRzzZK/hOzfMjry', 25, 0, '2023-12-27 21:12:42', '2023-12-27 21:12:42', 0, NULL, NULL, 0),
(393, '$2a$04$lgDEOEN5uhNe1wiGmElm3OTlZdMWS.G5R4O58ux.fWa2He.jCEseu', 'ebolles78@com.com', '$2a$04$PKWLCU2msH2irGm21rxHgOPhjTE9nf/QxPajYAVLELp9DqEtd4mVq', 23, 0, '2023-12-27 21:12:42', '2023-12-27 21:12:42', 0, NULL, NULL, 0),
(394, '$2a$04$/ZyiLilIWa.54LlYQpR8JOr6pEIkEUdfGfwcCikpE.2E2KGHQBjRa', 'ebawme79@webeden.co.uk', '$2a$04$ZOiPdV0j0VDmbJ/f7Fg4fuMTLFddCtoNy57MvOOmvJXQyFJ0St69y', 16, 0, '2023-12-27 21:12:42', '2023-12-27 21:12:42', 0, NULL, NULL, 0),
(395, '$2a$04$5rR14ls545FjBi00GNFMieVHPlX0LkuEZd/vXwm9j6A4IRZejR5my', 'zjurkiewicz7a@about.com', '$2a$04$7yFY3nSTtqYSGF7gqJZrFur5wb/lkutLDCJUfnEul7cq98fMAwbn2', 30, 0, '2023-12-27 21:12:42', '2023-12-27 21:12:42', 0, NULL, NULL, 0),
(396, '$2a$04$VFi1VPHovafqp/ntZskDeOvHa9TVXHSJA6glwrRw3DdXZM8FU6gxu', 'tmilstead7b@nature.com', '$2a$04$9yBxSGna6Y7FjmK5mVg2u.Ue5HXYsukhjYPdjKrBzvqK9TNtMZ2b2', 17, 0, '2023-12-27 21:12:42', '2023-12-27 21:12:42', 0, NULL, NULL, 0),
(397, '$2a$04$tJc3fZfamT2O2PL9VuYTgel4g2tmrHtWXfJ0tWRUGtwH1n/q4VZZy', 'mrumbold7c@stumbleupon.com', '$2a$04$ce7yQ/yBhrqV23qoqLAlJO/2j0WnN7IGSpEgkR4QT1A37D6fsEcLS', 37, 0, '2023-12-27 21:12:42', '2023-12-27 21:12:42', 0, NULL, NULL, 0),
(398, '$2a$04$0moOEBxkksSj9VvanEawBOMkwZ0750P8CRuO8upRboEcVngG1fN8y', 'mbassham7d@columbia.edu', '$2a$04$UT2KUYJHvdkrR.7h.Gooj.yvS4rEvdMuREVfbwYg6yME4CDCFqWHC', 26, 0, '2023-12-27 21:12:42', '2023-12-27 21:12:42', 0, NULL, NULL, 0),
(399, '$2a$04$NT/uGPCbCTNaSD52n762zemvqIj6pfLlLYol69QDMeXf1ygdp0vUK', 'zvahey7e@quantcast.com', '$2a$04$kOOQKSoDegw05vUYPpQ/p.DTdH0gjc6rni0nspRSCSeSvkyFWGD9y', 39, 0, '2023-12-27 21:12:42', '2023-12-27 21:12:42', 0, NULL, NULL, 0),
(400, '$2a$04$3z/rC0ZC/ak.xHji0Gite.ief.Zybz1mGdilDkOsjbZx48ecVLPsu', 'schicotti7f@smugmug.com', '$2a$04$zM5rEwdxlmsqpwjMp0FAIO741xlr1Lccb6iWsXfy9TSgQoyw/fnFm', 26, 0, '2023-12-27 21:12:42', '2023-12-27 21:12:42', 0, NULL, NULL, 0),
(401, '$2a$04$k4ncTIb/coGQdEsAPJ1Ae.R9.453wQMlqrIKrffyKMUxtW0B7.KN.', 'fmillichap7g@linkedin.com', '$2a$04$lxCHtV1hiUiK92iOrBn9RuCZI/JT8ZTcAZdo1Wr/AuC2TZZAWpSgO', 21, 0, '2023-12-27 21:12:42', '2023-12-27 21:12:42', 0, NULL, NULL, 0),
(402, '$2a$04$eJHFlnwk4UmfE0BHCKUmq.35NE6L71xndlHRFtIF.ZNZwX5ee9NIq', 'skennagh7h@example.com', '$2a$04$STt.qu/O3.y8MHzS3zKxZObwA5a.AL67lyJo0c8Mz8CxSLdrFuEPm', 37, 0, '2023-12-27 21:12:42', '2023-12-27 21:12:42', 0, NULL, NULL, 0),
(403, '$2a$04$bQUGtnsgZJL09T3UgmowSuEVhEg/H7kxlZcvih5QqTvqGQC9EYyWq', 'pjoly7i@bandcamp.com', '$2a$04$5lguOhjV9HtwaBzPinLnMeNE00fzrPLjob5BiyHMqu57saipoJYmi', 15, 0, '2023-12-27 21:12:42', '2023-12-27 21:12:42', 0, NULL, NULL, 0),
(404, '$2a$04$cu23ifROrYa0WHHm9MJSJOUdHINLrnF7RO1gl5hRJsyvbYaLHc8zi', 'mfabb7j@altervista.org', '$2a$04$uPOHyMDpl.Tm3nJkfE/zmu0/urb7YEybyJCgogyUCPXKHiAoUCSIC', 23, 0, '2023-12-27 21:12:42', '2023-12-27 21:12:42', 0, NULL, NULL, 0),
(405, '$2a$04$VB2TPYItAWteVZpFUwAuHeNxP4pnudyIDCFI2cYEghXAT1HkmDNEC', 'ddibbin7k@nifty.com', '$2a$04$h4RujbrjcuFMblyz5uDV4uq55E/Xl7yfHKI9dUHKalwIPwM8Sm6UK', 37, 0, '2023-12-27 21:12:42', '2023-12-27 21:12:42', 0, NULL, NULL, 0),
(406, '$2a$04$WbK.LPCil8yRsylM9uoJPer5huoZwp2CNuY2RuM89ABf70qlkevrC', 'otunbridge7l@hhs.gov', '$2a$04$bdazSGJOiVe8DGPbs118wus67KAO8mwOBXjHCKUbddsUFsOJFLeRm', 18, 0, '2023-12-27 21:12:42', '2023-12-27 21:12:42', 0, NULL, NULL, 0),
(407, '$2a$04$qvVYp7N6BHH8AYR1krvhleQUFD3lTt8yq8hcFPwl4Fkx0Qe3nIgqi', 'dgobeau7m@blogspot.com', '$2a$04$lWI3oUQZIBXeha82pp4h7e4kLEHZaP6dIAuf2.dUEC3LI5tuxz2ce', 17, 0, '2023-12-27 21:12:43', '2023-12-27 21:12:43', 0, NULL, NULL, 0),
(408, '$2a$04$xB8JOFHSa3yfnI/YMJdzDOaLxHNL2dALhkEaffXjOqECksFuUSr1W', 'fmonelle7n@reuters.com', '$2a$04$HgUqZ6fmCIuuAqwopBoX6e4zDOthRtrM/4TPzyxy50dFTWNp293jS', 30, 0, '2023-12-27 21:12:43', '2023-12-27 21:12:43', 0, NULL, NULL, 0),
(409, '$2a$04$VFKTyYb5EynKIuVOq.sPI./hwaJLz4SvpxaMvfkQ9QwErQsYIeSEC', 'mdarth7o@lycos.com', '$2a$04$J9ugaM5z5KE7zTF5j8SIFed4Aci9qS4V7exkyBBvbpQ8CpdCsGcvy', 35, 0, '2023-12-27 21:12:43', '2023-12-27 21:12:43', 0, NULL, NULL, 0),
(410, '$2a$04$923FP8mT6z1tgCTVzvfkkOXa1pXV1jEmSFo6.5eiiYHDy5Z6Tha.e', 'ddrain7p@skyrock.com', '$2a$04$pBIgfJoePFx3af/GTS8c7Owe7sX64KXERWh0T9.VqhkC3ispDt8Te', 38, 0, '2023-12-27 21:12:43', '2023-12-27 21:12:43', 0, NULL, NULL, 0),
(411, '$2a$04$3OjHIeSJQHjwAVIK6XA0w.1mb.uXoq4NDxfoxoOBk3XUchxQHCgEi', 'pfotherby7q@yahoo.co.jp', '$2a$04$5hB9vNgERWoAopaOEOql1e4ubS/BVrOmsRYl/gqJiCx5ibBZi6Jki', 25, 0, '2023-12-27 21:12:43', '2023-12-27 21:12:43', 0, NULL, NULL, 0),
(412, '$2a$04$JCiLhGzwhK9JHuU3hj.Fl.UStYTGCHgS5KmucAbJOSnQvy7w92PAO', 'abodiam7r@columbia.edu', '$2a$04$gFMUo2rs2cAhMOLf.UoX2.ERJTzXZ2aMs8MrIyNjJuv6oBxqsPI3e', 36, 0, '2023-12-27 21:12:43', '2023-12-27 21:12:43', 0, NULL, NULL, 0),
(413, '$2a$04$W372/Wug2BXD2lZk4il4TuTKtZLgKgSt14tt9sbChEo0upFf0XHj2', 'tdankov7s@jigsy.com', '$2a$04$FMASEgUX8wCL5WtJtwqfG.FhbKIw7FSu1/g0bot0bSML1DF12Nbnq', 24, 0, '2023-12-27 21:12:43', '2023-12-27 21:12:43', 0, NULL, NULL, 0),
(414, '$2a$04$7KBYOKTQjKnlNJDXJ7N1tO3G2L8LRxowwjAxSptRjMtjTaLeodKG.', 'csharples7t@noaa.gov', '$2a$04$0fW042JD6q462Kvx4yJVAeDRMuHhu767PFrydA4miCpQKI9KdiqBy', 34, 0, '2023-12-27 21:12:43', '2023-12-27 21:12:43', 0, NULL, NULL, 0),
(415, '$2a$04$6aiyDkIDh8LRXF4BtFlZiermNAI9GtW6UqOFx9LLb8KihNsefRhCy', 'lturbat7u@dropbox.com', '$2a$04$lwzORnA.vjRRTPFakSFrJuGEDtQZ06VvjtrC5Dv2Qb//5qnraqB4C', 38, 0, '2023-12-27 21:12:43', '2023-12-27 21:12:43', 0, NULL, NULL, 0),
(416, '$2a$04$ELsb2komm8Yt8kdeMuZIg.iNos9oEb/P5v8GO7Iu1vfSyFBKTvOsS', 'vmcneill7v@linkedin.com', '$2a$04$heVBcpXmaWF5uyCayRzGIOzS9WOyy7HjXIlo0zEughxV42JPNGYO6', 27, 0, '2023-12-27 21:12:43', '2023-12-27 21:12:43', 0, NULL, NULL, 0),
(417, '$2a$04$v.k5JYTIF5LoJuVh2n1Uc.1kw8P7K3qrqW97tOUrN5sLJBiq7A3RC', 'jjarritt7w@mtv.com', '$2a$04$FgmajmNT8a5Wylje38IiI.nbleNT5aMOjuI5PY2cCIqkK9XqyXFIW', 27, 0, '2023-12-27 21:12:43', '2023-12-27 21:12:43', 0, NULL, NULL, 0),
(418, '$2a$04$cTYBUnWNhLF7q0Xib3Bb7ORGOBYj4MWsAKTiumF1r9HbhV8S85HB2', 'jvanni7x@icq.com', '$2a$04$hYC3AH3a30cwnG9WJasQWuZb5PZ/aHglWMxTlrGUF56gF0A9wXrbq', 37, 0, '2023-12-27 21:12:43', '2023-12-27 21:12:43', 0, NULL, NULL, 0),
(419, '$2a$04$mMpfJ/3yrtz0J6wu/0Gz6eKYcj2qTSBU9GBBbTpt8XNtraJ8Oo7Pq', 'enawton7y@auda.org.au', '$2a$04$uoKY2RxhlPHUHdmDImue6eaoRD.SHNob5exOch2f2h6C8/szmFOAW', 15, 0, '2023-12-27 21:12:43', '2023-12-27 21:12:43', 0, NULL, NULL, 0),
(420, '$2a$04$bHdqb8hrLUK34eTN07emIOv9jhhp663cDZf.7zsCDCNvCIapNYtEa', 'rklagges7z@themeforest.net', '$2a$04$ulm.SsLcUMp9lt7y.tbq9.RmTPbBmMJYgMMqpMXFiy97vXxLVZmzO', 19, 0, '2023-12-27 21:12:43', '2023-12-27 21:12:43', 0, NULL, NULL, 0),
(421, '$2a$04$Cio0rxXa3YaS1TBoqGN7HeOrUBUCZn4EcEXy.pY2oDX7eg8wkWN8a', 'ccolwell80@virginia.edu', '$2a$04$.HRL2obwSDHqnapBxpRGpehTDfWXhnnCmp6VWZQdgVsJbmuPtOWJe', 22, 0, '2023-12-27 21:12:43', '2023-12-27 21:12:43', 0, NULL, NULL, 0),
(422, '$2a$04$cW18kchrp0JyeEb3XAcGKucoviFA9n72/nzNsY3cWQtVINSo9pK7K', 'bwintringham81@usatoday.com', '$2a$04$dBtS80hBG8lJ2uzXOkTPTO5r4t/9mToKweFMV6I348Kh8g.VbmiIi', 27, 0, '2023-12-27 21:12:43', '2023-12-27 21:12:43', 0, NULL, NULL, 0),
(423, '$2a$04$rcBtUyrTpfztrdFRBMYgq.5CemgXn7WWkD6dc.vttna8qWg3mLN.S', 'awhimp82@hibu.com', '$2a$04$vHj0IHkXhvQ8rkJy8R7tsetJo3z.6hUPLk07ianOWECG57TDI4F2m', 31, 0, '2023-12-27 21:12:43', '2023-12-27 21:12:43', 0, NULL, NULL, 0),
(424, '$2a$04$I1386ilvmWf4QnUM7nA29uwADPTibZFYOs/s84QmiG.0XiITB0312', 'ckirman83@microsoft.com', '$2a$04$7M0EN2bvtzDWwaAvXzakauZ62av75aKrOM/N/fSApVrstdjMHkU.q', 34, 0, '2023-12-27 21:12:43', '2023-12-27 21:12:43', 0, NULL, NULL, 0),
(425, '$2a$04$4DKB75pd9nGRBQU4J1xcZe3nP5ooeGeBVeyYjDyGrJ/lPCxRu0fl6', 'ehicks84@unc.edu', '$2a$04$EtiBYKZu/T4RyQdq6.gxEeLMtAVWabVGIhrT.jsSgY.n1BCbR7.Vq', 26, 0, '2023-12-27 21:12:43', '2023-12-27 21:12:43', 0, NULL, NULL, 0),
(426, '$2a$04$pzL/AD4JPgL2fSWrA310Su6cuHKc6nHUKfSvfhd3f.RaOlSpPqa.O', 'aweatherburn85@imageshack.us', '$2a$04$R/CvQWlYqvftP04r38y00.V3xofPf9SQsK2RgiZN1FTssXpmsLJ/G', 40, 0, '2023-12-27 21:12:43', '2023-12-27 21:12:43', 0, NULL, NULL, 0),
(427, '$2a$04$8D6/BVXCMwG1OGyof2fAF.p2k5twXyCQckoenAC11a/R2zRRdbF12', 'hgirardetti86@ucla.edu', '$2a$04$wPANM2cguB7xAft6Hmjd9u/20Limb9RB1Z5L.5CKB76StNaH.Ae6i', 20, 0, '2023-12-27 21:12:43', '2023-12-27 21:12:43', 0, NULL, NULL, 0),
(428, '$2a$04$NLGzCdNSO31yAHn1kx666e7mnn300h7/LhH80S0blx3IUSCIwJajS', 'amcnee87@jigsy.com', '$2a$04$hqA9WRLv5rlVFlj17MlKsehXuYM1MDSPu2EieIEXr8IC5aYuEcH.S', 29, 0, '2023-12-27 21:12:43', '2023-12-27 21:12:43', 0, NULL, NULL, 0),
(429, '$2a$04$6zLTXTI2H8PsFabNEbtGn.lr31qFdO8PJWW6bFp9klKtcXtrYhiD6', 'hiron88@networkadvertising.org', '$2a$04$R8SfiNqQp9MXrJ1rZhhovOSSahjAAYyet3PB1D3XAjntEz6S85eKW', 27, 0, '2023-12-27 21:12:43', '2023-12-27 21:12:43', 0, NULL, NULL, 0),
(430, '$2a$04$Q3L9xjaYmZEKvxwOJECfYOAcWVN.2PwObHNG..Fa0HE.K9iiwK.Pi', 'ahodgen89@topsy.com', '$2a$04$7kkiS.4J1PhEATfjsn8tJupPV4lrv2/blpQRN1AfAk89IIPLPTeJW', 24, 0, '2023-12-27 21:12:43', '2023-12-27 21:12:43', 0, NULL, NULL, 0),
(431, '$2a$04$NCiE8Gdy40omeOdW.oxZvuhtqIBWhFmr8z2EQNXDlCiaDui8bBQtK', 'babrahm8a@example.com', '$2a$04$V/swYf2T37q6fxG6WOT4z.Cj9OVkw06FP14r6SeVatFMBxcZdSHja', 25, 0, '2023-12-27 21:12:43', '2023-12-27 21:12:43', 0, NULL, NULL, 0),
(432, '$2a$04$zpPXAq3OnDgDqlEdneev6ecE0lXvtJn.pTizR3tRslyqUAUa7EWz.', 'kspittal8b@ucoz.com', '$2a$04$DsctgwMxAg/.BDrpTauYqer4PS0wwP2mBNPlmC/OcXV2oU3MTh3Y2', 26, 0, '2023-12-27 21:12:43', '2023-12-27 21:12:43', 0, NULL, NULL, 0),
(433, '$2a$04$vTmiJxUR.9sseu5gxhX9reIXGycpupGN3WIwurncDANwQhEXx1/qe', 'wzarfai8c@unesco.org', '$2a$04$jw2PhleHGXhRG3elbP.P2OTl3FJEDw36WUjMcxWwIHuC580SYboNW', 32, 0, '2023-12-27 21:12:43', '2023-12-27 21:12:43', 0, NULL, NULL, 0),
(434, '$2a$04$kf97m.cGKma4Gmf7fuYaGuydiVkiDSJy5ZAxlnXn7eyNZhbE06gPO', 'istibbs8d@mapy.cz', '$2a$04$2yGppYpAxuU29ilRj26VHuYwOxGes42JY/79btULYWHdrKDISjdl2', 23, 0, '2023-12-27 21:12:43', '2023-12-27 21:12:43', 0, NULL, NULL, 0),
(435, '$2a$04$tMLTm92znugfE1e/BnxkYOqXQmYlL1sOPou96vSu9JGduv/bFkFRa', 'maggiss8e@foxnews.com', '$2a$04$jS2bDhYr4BUoRfNnY1DQsOkmw59wuQz36NpYEW/XEjxv.12VFSyE2', 28, 0, '2023-12-27 21:12:43', '2023-12-27 21:12:43', 0, NULL, NULL, 0),
(436, '$2a$04$I48JVgfNUtclrfv5CjsQYuoSYf9bnib5UGPrOUeMTqDMa4Xgs1YwG', 'gskym8f@shutterfly.com', '$2a$04$OKSbFG6J8G23RKY2GD0xruigc9mqZQSx1xvbhrXWVjLlcp3LXKmRO', 20, 0, '2023-12-27 21:12:43', '2023-12-27 21:12:43', 0, NULL, NULL, 0),
(437, '$2a$04$AIJgIEkOhOx7J22JjuSV2.dOdS0J645yI0YmBdY2GuP/SqADndoim', 'tormistone8g@mit.edu', '$2a$04$ckMMZGsYwAmQ6ruk67.2..Zxiry.fL2fN22TmiTBC5jOvo6kUY/cu', 36, 0, '2023-12-27 21:12:43', '2023-12-27 21:12:43', 0, NULL, NULL, 0),
(438, '$2a$04$vW4o/rsNBps07o6Y1aMiT.lUkXyyPEdxzdsble7CQirFUSQ2BxjNa', 'xcruikshanks8h@bigcartel.com', '$2a$04$A2Af4KraR6PWEMfLRUC9S.kPbjolRfSH6x2GUUHi8QaR3PkyWey2y', 18, 0, '2023-12-27 21:12:43', '2023-12-27 21:12:43', 0, NULL, NULL, 0),
(439, '$2a$04$Kzrf.8RTqssIuF0nm3SiMu42DtLGlNq6ISXk37jGbh1uhtfF2h5mq', 'bmines8i@fc2.com', '$2a$04$trsrc1Vr1NpWQ9F9rbb/TOWjDos7mfHHqpdmcUeNuumIaMNDGwz/a', 18, 0, '2023-12-27 21:12:43', '2023-12-27 21:12:43', 0, NULL, NULL, 0),
(440, '$2a$04$.JvakUo70/CcC89s4hkIVeZE7gKm5q5dAkBGswzBLrORS51oU5Fmi', 'broistone8j@etsy.com', '$2a$04$UyFaIx3wU3rP2el7DEMJauLW/LXHIZ5nDpRECfR7/ZyBFXF3StgEG', 17, 0, '2023-12-27 21:12:43', '2023-12-27 21:12:43', 0, NULL, NULL, 0),
(441, '$2a$04$rhduaaNhREQfnaF59slALedhh/mOJseIG4.bndF6yZZRh3bePcuv2', 'bmival8k@xinhuanet.com', '$2a$04$/vC2VGWd5MkwgwTMEKSm8OamoOLFlqSgu4CqLC64Wb56OUe.NkQc2', 27, 0, '2023-12-27 21:12:43', '2023-12-27 21:12:43', 0, NULL, NULL, 0),
(442, '$2a$04$Y1Y0L/yeRwep7fnhwtFf6uJh.P/UfZzQmnnDRPXq/m1raexgleEBy', 'mbrainsby8l@1und1.de', '$2a$04$erV2Kj9cLCOYLbZC85WdZuiZbnnkjM.hDfk405Zix90VA3fWyUF4y', 37, 0, '2023-12-27 21:12:43', '2023-12-27 21:12:43', 0, NULL, NULL, 0),
(443, '$2a$04$mfvrdEfAlE/G4h9s2bHaxej6b7JJu0IpWwK5YTkiwDw3hCVHi1tBO', 'meberz8m@seesaa.net', '$2a$04$SC7lRSMT6ePEXvVY.l2eW.PLqf7O6XP39RCsKsbU9BDleRL8WjUBO', 20, 0, '2023-12-27 21:12:43', '2023-12-27 21:12:43', 0, NULL, NULL, 0),
(444, '$2a$04$Vr9UQm2gTsZrgfsbFA4J8uYYbuA8XyuOolgFOMJW4KWn5J8xdCbke', 'mhorley8n@discuz.net', '$2a$04$Xgm/Yl/tjfVpvNPwu08RAevTpnpMNMTUld2rhk5pkUrtPRbR4bsri', 25, 0, '2023-12-27 21:12:43', '2023-12-27 21:12:43', 0, NULL, NULL, 0),
(445, '$2a$04$/uJCA5ryp8844YhUpRwtHu4jto7bVBjrlZ8Pq15MccGuoejePNHm.', 'mcurrin8o@twitpic.com', '$2a$04$Ugfnzcuvs0/rsswMqj4ZqeFrLKm9A.HniAdMaj.1Mav6bCd6oz7Om', 36, 0, '2023-12-27 21:12:43', '2023-12-27 21:12:43', 0, NULL, NULL, 0);
INSERT INTO `Users` (`user_id`, `username`, `email`, `password`, `age`, `is_admin`, `created_at`, `updated_at`, `is_blocked`, `block_reason`, `blocked_until`, `block_level`) VALUES
(446, '$2a$04$NY2EKYNRL83WPcMy9qUSZe5jiTAc0uzzKCwpLsWYR3yUXg1F/i1E2', 'hham8p@linkedin.com', '$2a$04$HHbVnEe6FkweZ5pC0wUwQO/WzU/ROS/HXDbYYptu00ys7fSq.zQam', 34, 0, '2023-12-27 21:12:43', '2023-12-27 21:12:43', 0, NULL, NULL, 0),
(447, '$2a$04$HHebmReumSEbsvWi6ruSCOCxQU1VuVLxK1wVANFx6cGA26MzRbc2G', 'fussher8q@jalbum.net', '$2a$04$IO5dEIKeHMMpMwFWEYZcBusxAox8RJa9siudSJkHSgtdj3dhV9VAu', 39, 0, '2023-12-27 21:12:43', '2023-12-27 21:12:43', 0, NULL, NULL, 0),
(448, '$2a$04$bc1wyaUkV7FcLMajPWeCj.c9Z/4qrFEj6LW/6/YG/E6ZGn6LPFBjW', 'nturnbull8r@sciencedirect.com', '$2a$04$uuwy3yl3Jyz1PwiYrKOj0ugzMQALqTpQ7xg3G1GYGh/InlkdeWYe6', 19, 0, '2023-12-27 21:12:43', '2023-12-27 21:12:43', 0, NULL, NULL, 0),
(449, '$2a$04$m.WznDZRTpU3WzfkeyszhOxs0RRjm3h1kN/rkmWQLSkB6SCBWGARi', 'yvermer8s@wiley.com', '$2a$04$z0kEQjRF6miL0lW55XVbpOP0UrobzcKuMfSBbAAFOomy2U.jZ3UAC', 25, 0, '2023-12-27 21:12:43', '2023-12-27 21:12:43', 0, NULL, NULL, 0),
(450, '$2a$04$JWfHved3hSYFSDA/9iI.6ueR1Py1PYvtdQu0Q2acNjDgCJOC0aw3u', 'qjollye8t@home.pl', '$2a$04$7ARCU1i06vj6PFey0wDDzeyCafYDXBrShAfxHuIcIeAUjrvlq1JEm', 15, 0, '2023-12-27 21:12:43', '2023-12-27 21:12:43', 0, NULL, NULL, 0),
(451, '$2a$04$4x0pXZJABnpROD0F49HzD.XTR4Mbw9S2ySLdnRgHv96WW3FNfL/XO', 'akettles8u@miitbeian.gov.cn', '$2a$04$wI/AiMukKVSetdAe8gibX.9HG6UG134j/6LmdIm0dDzjp1JABleKa', 22, 0, '2023-12-27 21:12:43', '2023-12-27 21:12:43', 0, NULL, NULL, 0),
(452, '$2a$04$iheAbvhced7rUMUjpPINZeIRpsa87kB59HlEqGANDLi16wlwIaxou', 'jarkill8v@yellowpages.com', '$2a$04$0R8EwXuE7/ksmxARoW8GFu/YSlrl0YLcp78KfV2DsuIj9.qdaJgiO', 20, 0, '2023-12-27 21:12:43', '2023-12-27 21:12:43', 0, NULL, NULL, 0),
(453, '$2a$04$N57FPAzQcbMp.J1byT2cq.RSPiA6KU0kIzgY3evqiO5nx9W4oZz7e', 'scornew8w@cdc.gov', '$2a$04$ZBRj72SmHTUDk.PUTl8oCew3Tvp69W.QlxFkvsAFrcBOBn2qN/T8.', 30, 0, '2023-12-27 21:12:43', '2023-12-27 21:12:43', 0, NULL, NULL, 0),
(454, '$2a$04$7rlI5eAdOgTCQBaNS9ZSf.NBih9ySnmn0BTaDxWHQSfe4O4Z03jkC', 'speasegod8x@skyrock.com', '$2a$04$zcKAufMGEMl0YBoGqm1HTOxCTqSVl2YWcf..xF2r.EbM9VQarmm8W', 38, 0, '2023-12-27 21:12:43', '2023-12-27 21:12:43', 0, NULL, NULL, 0),
(455, '$2a$04$m8QS1Zg0KK9OAUpVv/5Jg.xgHt1q6Shp6P4Qz6BaRglVZW4I8R0I2', 'pmoralas8y@howstuffworks.com', '$2a$04$iVog/RxJMo0srsDjltuzqujUnuQNxNnck6naI4Upnl4idyaBfgxYS', 17, 0, '2023-12-27 21:12:43', '2023-12-27 21:12:43', 0, NULL, NULL, 0),
(456, '$2a$04$VmdltwI6BUvRJ0Q0.WokNOJvhiCgia1B83xXHqIhvdfc/7oUOtrzq', 'lbarnewell8z@istockphoto.com', '$2a$04$BmjlrohXrh336s7TR2.9zu/lPZhOLyFF4evBedGP6vMn8oxM5fNPm', 28, 0, '2023-12-27 21:12:43', '2023-12-27 21:12:43', 0, NULL, NULL, 0),
(457, '$2a$04$RP5yWsIwha42sLy7VG3XKu2DH3pkYmt4BDTJKnzv0fPaZ5EvqgWQW', 'dlownes90@issuu.com', '$2a$04$HeDq0/xkCRXZ61NHUzNqgOoEeyAJ9hrwmwXjwf3LezNXjlJjGMeTG', 15, 0, '2023-12-27 21:12:43', '2023-12-27 21:12:43', 0, NULL, NULL, 0),
(458, '$2a$04$CAqJn1Mden.VCFX8kv/MTuWpiD0f3FLrtzxGs1sbtpibtsdiQ0j0a', 'gbutterly91@craigslist.org', '$2a$04$EpQMbGOwWL4DucL.5mO3M.Xgu77DGp8cM28nuvZ8Klu4gg2FZCniq', 31, 0, '2023-12-27 21:12:43', '2023-12-27 21:12:43', 0, NULL, NULL, 0),
(459, '$2a$04$hw3HXmGS68kS1aUphWcao.SFFY001Vf1DvoygLUJfxjJ4wALfIn02', 'akeating92@army.mil', '$2a$04$pLLoztU04bsyNhQH5KDC3ekNh1zVOhda6P.3SMrsElFbrAOJBYNhm', 23, 0, '2023-12-27 21:12:43', '2023-12-27 21:12:43', 0, NULL, NULL, 0),
(460, '$2a$04$hxfEBQ6WrmStP0IuPth6U.EFG.yL/lrnjZCGUfMWwFkJi9ylebjPa', 'ncasaletto93@loc.gov', '$2a$04$JuGbAN53C3Nn7LBAQokqre0AjWl9LkH2ib8N08gj55j/.Tqhoj16G', 21, 0, '2023-12-27 21:12:43', '2023-12-27 21:12:43', 0, NULL, NULL, 0),
(461, '$2a$04$mL5dOeo21Cwtqq4gq30Rk.1tSjJR/wtOkHSqyHfRYHoppUj6UIHeC', 'ssharvill94@merriam-webster.com', '$2a$04$waOcDcZjBBlIm0cwdPrE/egnSGLn/ilmhawnkO1XViyhrO8eXV/rq', 39, 0, '2023-12-27 21:12:43', '2023-12-27 21:12:43', 0, NULL, NULL, 0),
(462, '$2a$04$isYPuPUM0MOBw2AwuKDrfOkn.eK2AxFHIFLNdz2VR3aTvTPRPhpfG', 'fdesmond95@ox.ac.uk', '$2a$04$Ff8Sp47f0jQ3423uaQreW.JzAms32LBEodW5JBEEw/TkZkXBCBnJm', 35, 0, '2023-12-27 21:12:43', '2023-12-27 21:12:43', 0, NULL, NULL, 0),
(463, '$2a$04$7mdekBv0FJ1ehHM8UWrGr.pj5/QwMWHOLLU29tD27y5xy2Ixm4r.S', 'bsnassell96@google.ca', '$2a$04$X63uDjwK1PfiiZdaizGngOkSrSGJNVNZsvImNsQf0cDRH.hlD3Fe6', 37, 0, '2023-12-27 21:12:43', '2023-12-27 21:12:43', 0, NULL, NULL, 0),
(464, '$2a$04$MvrHWTg25FUVgt7VuFLACOKczk48VoSvq/jBUTkw4UC4uFUhYhU8C', 'againes97@nifty.com', '$2a$04$QKBXKM3DMAEagHCkaMaLn.4MZ0SuggtSH7QQgL5tsex2y4UAePD66', 31, 0, '2023-12-27 21:12:43', '2023-12-27 21:12:43', 0, NULL, NULL, 0),
(465, '$2a$04$0Wc1Ob8q7oGUdOfVITSvquHPt9Oz2WIRQfn0tsb8EsZYFQ.zuwZnC', 'mbeddingham98@yolasite.com', '$2a$04$dKZNQr9PzT8B7qSRjkPpk.RPbr6h7PJ8uox7nrWIc8Gbn2mc28D9a', 20, 0, '2023-12-27 21:12:43', '2023-12-27 21:12:43', 0, NULL, NULL, 0),
(466, '$2a$04$/IbPmVoIn54mwbNKhOUUwug0q.UPSVn6Ic7xPMBKD3vc7gAD5UKyu', 'cnursey99@loc.gov', '$2a$04$8OmD1FWixLj59DYtdVTjI.UlEdHs3UrWY4qW1b2NiN47Q1t1Sp3m.', 24, 0, '2023-12-27 21:12:43', '2023-12-27 21:12:43', 0, NULL, NULL, 0),
(467, '$2a$04$FQ3RsBCaejCo8l1HfAtgsORUCk4zHZ5OTxA9D1f83FEkRJ4Om3dKm', 'sclipston9a@ask.com', '$2a$04$AcQoIjOcfsXASLpJePrBZusM7Y/1zcmrtOlT8TPng2dBhDTAS81py', 17, 0, '2023-12-27 21:12:43', '2023-12-27 21:12:43', 0, NULL, NULL, 0),
(468, '$2a$04$e3Do9YBtomrXxxBkTBDDCOSjHJaareYuoWgt/rFZiUWyOdAzWmVZ6', 'bprothero9b@foxnews.com', '$2a$04$M5FexsiX/wBjCsZSc/DXXuc/U8suTml9qjC3Z6fcoWy48GOeNqwqa', 30, 0, '2023-12-27 21:12:43', '2023-12-27 21:12:43', 0, NULL, NULL, 0),
(469, '$2a$04$i1./KGmLkfivN/OV654FX.EejtwCjcLOBgTpbQdY0uvzq7Z49xka2', 'dfawcitt9c@huffingtonpost.com', '$2a$04$sWZYGk0RB7bJPTzmFtnjjOJihvtMySQHBhS/x7foEvcSmpukGBeQy', 30, 0, '2023-12-27 21:12:43', '2023-12-27 21:12:43', 0, NULL, NULL, 0),
(470, '$2a$04$7r7t6X.CRlqE83Wd41ilYOdy3Xm1eEice9bAVyOykV7ekwBVboSVe', 'hdeer9d@xrea.com', '$2a$04$S3YZPW2RxiGHGugSfEhOne3lE.QZQwmjfvHVj3Warg9KHLtywaImy', 18, 0, '2023-12-27 21:12:43', '2023-12-27 21:12:43', 0, NULL, NULL, 0),
(471, '$2a$04$OVbC7xlVGWo3FixGmx9hr.TWuoHmLF93/99EJMq7uUBNouA6dmGma', 'epentony9e@facebook.com', '$2a$04$tFc3TyBSssOFSLTlnynTyuhsCuXATBNk0ke76cOjgMdOHI0idldGC', 32, 0, '2023-12-27 21:12:43', '2023-12-27 21:12:43', 0, NULL, NULL, 0),
(472, '$2a$04$zJkranfEzExYdxJIqjWGuOEqWfXP130mVTXpnPxT5h3GLoQGL0uSW', 'earno9f@patch.com', '$2a$04$IKYaeKeiKY3fbRochVcyJu9BymteED0GKkzVRf.vTTj3d7NJeCtde', 16, 0, '2023-12-27 21:12:43', '2023-12-27 21:12:43', 0, NULL, NULL, 0),
(473, '$2a$04$FvNdE0.MPBLSu7H.AvSEuOmOzCzqR5PFwrB4kLA4s50OV/pEJDsZS', 'bphilippard9g@diigo.com', '$2a$04$.4fTHDB2wALtPPDRmYppie.hyjl1adTLN0iQ/tkMQBwdBNVJf3E1S', 40, 0, '2023-12-27 21:12:43', '2023-12-27 21:12:43', 0, NULL, NULL, 0),
(474, '$2a$04$gWCke6SIjsZyzNvv.F5ecO9HjCWwRqA2TukioD6omij5jOl9TeNaS', 'apoppy9h@telegraph.co.uk', '$2a$04$ifka6msIXIDynfOXAxgrhOB9E5YA8zMEQMZ3AfOA8HTXQCDgc1fLG', 30, 0, '2023-12-27 21:12:43', '2023-12-27 21:12:43', 0, NULL, NULL, 0),
(475, '$2a$04$ICzlXMWl7ziWHhedOBhwLOu2UCPRAbgWgSXG/kXETrYOb5N0w.NVy', 'mgiannini9i@google.de', '$2a$04$6hrwqccCAafpdm7biy56O..zGTUHM611wmlXahi5AnPFw4RimrAlG', 37, 0, '2023-12-27 21:12:43', '2023-12-27 21:12:43', 0, NULL, NULL, 0),
(476, '$2a$04$sSnPsYCSh.ozFiqlMBpEIuPbYFUGHOzejP43gciuBOjDD8V1hfYwu', 'sreeve9j@ca.gov', '$2a$04$gcfai92/E6vTqEjYKhuGKeENpJ1wVvJghUf.f2UPf.9m6B6pQtOlu', 25, 0, '2023-12-27 21:12:43', '2023-12-27 21:12:43', 0, NULL, NULL, 0),
(477, '$2a$04$l9TmSstcM4l0MSEYcIyOSOkAY95/f/UfoKk8pw1FO/E0T5OMAmxUq', 'aox9k@loc.gov', '$2a$04$l1WSq.rw1fa6KUgU8FOQhuWpyO4DOAr6Z9uSyAdJqKIYkmlYimamK', 32, 0, '2023-12-27 21:12:43', '2023-12-27 21:12:43', 0, NULL, NULL, 0),
(478, '$2a$04$UdgNfd047KCV3AEqZndKwOAN5kSGDusnXpZUo.VzeA0T/P5VityvS', 'lsowthcote9l@prweb.com', '$2a$04$83Ppd.p6QdUm2/VMng1Py.kIMy8/Med6irHnIcsFg4fudLvroB2ZG', 22, 0, '2023-12-27 21:12:43', '2023-12-27 21:12:43', 0, NULL, NULL, 0),
(479, '$2a$04$u1kodljyWwY0tok1D4aAqu3PoPKpkT0c7iW.Dkrhat3wqbJK.YIPO', 'kgrigorian9m@feedburner.com', '$2a$04$iSHTqHDaCdhUbA85tm8ooub07FqKr3RtzmwDenrKspw6uoxTzJ6nW', 40, 0, '2023-12-27 21:12:43', '2023-12-27 21:12:43', 0, NULL, NULL, 0),
(480, '$2a$04$cboh4PRJr1J3jaWu8TRWb.6PxLLfNuwlhpc2unieyyF3Pl/j7Dkca', 'sfalvey9n@jalbum.net', '$2a$04$J.5v4xf0e1ezp90RqwMtdeHYJRS5FMZc2kLwAYxo4NFVW324PIWr6', 16, 0, '2023-12-27 21:12:43', '2023-12-27 21:12:43', 0, NULL, NULL, 0),
(481, '$2a$04$DcwVlPmz4MwiCvMOL/1GBOWiT1.DhoqXaHPCdgW6JXpDHtNJNhz2q', 'ebonanno9o@earthlink.net', '$2a$04$DrVMScEw3.823EiKfCUg7eHHi1Dv9sFYHPM2K8XkpPJuDAwQDx69q', 38, 0, '2023-12-27 21:12:43', '2023-12-27 21:12:43', 0, NULL, NULL, 0),
(482, '$2a$04$o/UtGM4zA3TjldjZw3TvfeYDgh.i2i/BGaRzFWTSpQwMwXts5NBU6', 'cratray9p@about.com', '$2a$04$T7dwdFt2lk6se2mFPAh2g.YcbDDoKimYZl4mneY2uf/Q6N42NUM36', 37, 0, '2023-12-27 21:12:43', '2023-12-27 21:12:43', 0, NULL, NULL, 0),
(483, '$2a$04$axpqXTCWsHuLgxvOF3bzkePHptitBsbVMmpfnptjyc4CCWPnYKTRG', 'aeary9q@printfriendly.com', '$2a$04$zLV3xDe.XSGrtcHHUqEciu9T8UGlawKJvCtFJT55Xh8SoIvJdpek2', 35, 0, '2023-12-27 21:12:43', '2023-12-27 21:12:43', 0, NULL, NULL, 0),
(484, '$2a$04$IJT1mepuahiO81kuOQcbueghShaFYC1NQ.dZlNwzVB80GPq7O9jqC', 'wsheehan9r@lycos.com', '$2a$04$6LWxniHVh5X1eds9S/iWiu6UdDpB148/gYWN7mbp80O5uyGTU4GNC', 40, 0, '2023-12-27 21:12:43', '2023-12-27 21:12:43', 0, NULL, NULL, 0),
(485, '$2a$04$o1zkIyZ0hDuyJjdKnXEJjehRSFq.aRQoaJkSMa3nIXvJx.D5wOWNm', 'achristescu9s@mtv.com', '$2a$04$qx43oU7m/wzy3MI6TfCitOgkitWLrCGDi2QQB9lXnxWsElRe/V/Bq', 26, 0, '2023-12-27 21:12:43', '2023-12-27 21:12:43', 0, NULL, NULL, 0),
(486, '$2a$04$0W08vbUyhinmPDvVju14HeiFNNh/1CTi8M4FT1sbwoWhbe/eCAGbW', 'amcelhinney9t@bloomberg.com', '$2a$04$VzWyinfF0xXYkCATp4cSiOV4Z2ZYkZnMTlmjT7cTlG0JdGCYfN99W', 30, 0, '2023-12-27 21:12:43', '2023-12-27 21:12:43', 0, NULL, NULL, 0),
(487, '$2a$04$v5eA0dI0NixYXxWPUYQEaOQtFXQjRWllHD6TVxtkt1SxkJ6BqVPXS', 'bmafham9u@amazon.co.jp', '$2a$04$02fmfWbCffIlY9cfborLfuAg9RgE8OTtOjbuS/xw4.1mfs5iV2ueW', 18, 0, '2023-12-27 21:12:43', '2023-12-27 21:12:43', 0, NULL, NULL, 0),
(488, '$2a$04$JBznYPDotngpEapUTfUBh.fJQoRuEP7GYGps8ZSJIOFJliIwciTVi', 'fmuldoon9v@ifeng.com', '$2a$04$PlaYzD3Q9Hs/mrnPlpA6n.Whqe0k59yha54fdQv5snJ1dlV47DwSW', 15, 0, '2023-12-27 21:12:43', '2023-12-27 21:12:43', 0, NULL, NULL, 0),
(489, '$2a$04$XjWWsW2Y/mXMUJs7sAwhSOasOqzxcytcYujc6nRIOqVIcpOaDcUkS', 'fknath9w@ucla.edu', '$2a$04$3C3vWcK0LJbPli3vHTkJiOk.cY1weA2HJyWNu3Y3qbvF1JF2YUfBa', 38, 0, '2023-12-27 21:12:43', '2023-12-27 21:12:43', 0, NULL, NULL, 0),
(490, '$2a$04$GLRZnrMqV2Bxu4prf86i.OFKpuqMaqVu07.KsZwPJFA8aV4OZvHkq', 'mackroyd9x@hexun.com', '$2a$04$mGOVIWyyIGdodQabX8W9Ku4xRNiSvSzhi.QjovnqSuY.a.u7Tl4Ya', 35, 0, '2023-12-27 21:12:43', '2023-12-27 21:12:43', 0, NULL, NULL, 0),
(491, '$2a$04$auJb5171bh4B107lIRq8MOwX2OF1XgfrtAEqGF6vmP4ZTmScBF2kK', 'vbetteney9y@devhub.com', '$2a$04$NIMH1GG75YrExLIGSCyz7u6qpoKTWLkgWw/lPrEh/cpvXIM6lI8zm', 34, 0, '2023-12-27 21:12:43', '2023-12-27 21:12:43', 0, NULL, NULL, 0),
(492, '$2a$04$esIXr8ArjgMQQpFfVyyDbezPw.IgzHsr4UdvhdAwC/iN8F7zMxGMu', 'lkilfeather9z@npr.org', '$2a$04$KW4FbrxVe21ORgB6lHFf0.uI4iEk2mo6ZeMYzDfgALy7FhBE5BpE.', 23, 0, '2023-12-27 21:12:43', '2023-12-27 21:12:43', 0, NULL, NULL, 0),
(493, '$2a$04$Hzmdqsm/X9zaeNyY.iKtdekVWr3N6H9yfLY/1K6jSj0fMREt99nmK', 'jbastablea0@webs.com', '$2a$04$ynW2HKHkuuAzvf7kjPHcB.7T.cYHhfPrTkyJi2a.vtRmhO3W7fdPS', 28, 0, '2023-12-27 21:12:44', '2023-12-27 21:12:44', 0, NULL, NULL, 0),
(494, '$2a$04$T10dgHeAz.IjHHlwYQgvJe39QgV5ewx7HMMEZwtjBusV0ytukcsrK', 'dionnidisa1@ftc.gov', '$2a$04$kTmjzGVg0GivMxg48tSYA.06lmnZHoAgWQIaBQoG1wlaqsvDDdSAC', 33, 0, '2023-12-27 21:12:44', '2023-12-27 21:12:44', 0, NULL, NULL, 0),
(495, '$2a$04$byHAPWT3Cj3doBArrK12qOMCjzdMLeglhuhJSbdhrWH6vnozaEF5m', 'shagarta2@about.com', '$2a$04$aPX8IBV8Q7c.lhO17n6X3Os/IluG22MDeE0msmjYYdr6Ec8Nf3nvO', 15, 0, '2023-12-27 21:12:44', '2023-12-27 21:12:44', 0, NULL, NULL, 0),
(496, '$2a$04$tp/S1sZPb7IoWZVEw0quguDfz1SMMQMdSHZAI1UhmzGxes8/t9BC.', 'ededduma3@slashdot.org', '$2a$04$ewcXSQ6UEwnoDdosiAu3puUsMPhIFB2vUzf7DvUe8XY7OpzHlLIU.', 21, 0, '2023-12-27 21:12:44', '2023-12-27 21:12:44', 0, NULL, NULL, 0),
(497, '$2a$04$wzNpbGz/hwsPy5T81yfDxefkIhmGEko6Renqa.hwt3pMW12qfY6fe', 'cbuddlesa4@harvard.edu', '$2a$04$EL5MjazhojTvi9YWe92CS.rtBh4fKyBjZFXrJGBBi4n..23ORVZ5K', 40, 0, '2023-12-27 21:12:44', '2023-12-27 21:12:44', 0, NULL, NULL, 0),
(498, '$2a$04$4QMtqkqeb58qCEe5LAm4muAl5cI8EPoAWjiII.tr8sVo/YBwZomRG', 'ntemplmana5@example.com', '$2a$04$exYkQmigtIdgnX60kEXub.auDBfR6EXCNvbzqNyHrZsz7B7lykAti', 30, 0, '2023-12-27 21:12:44', '2023-12-27 21:12:44', 0, NULL, NULL, 0),
(499, '$2a$04$HDfYiTdZyeU9XFqaUeCmy.B4WkmXMSqosHfvHNB5KgWuaCqD.N976', 'tcresara6@seesaa.net', '$2a$04$ESFkORffSUJf.hNTR3La0OgaMR0UeSRMCDLfmsTZFkNsPYnqH11yu', 20, 0, '2023-12-27 21:12:44', '2023-12-27 21:12:44', 0, NULL, NULL, 0),
(500, '$2a$04$owpSdVdxj1ccBDl2wzADYOMTLSs2RoXEWPGudnuOrTXoO65dhSXC6', 'nwelluma7@theguardian.com', '$2a$04$D1Dt0g3Rc2Heky/eu0hBGuGMf8DSMFp10LzV8FqJFiYmfK2K/A2SK', 39, 0, '2023-12-27 21:12:44', '2023-12-27 21:12:44', 0, NULL, NULL, 0),
(501, '$2a$04$ARFthGGfroKbyu7I7zUvsONpCE/h42e8lCcIOVLPNcPg6tukdw3.u', 'jromaina8@livejournal.com', '$2a$04$JwPP.mzN1nnfWThTaKUD4.I39YHO2y9SIuK5RxEp43QeutUZIzxHO', 18, 0, '2023-12-27 21:12:44', '2023-12-27 21:12:44', 0, NULL, NULL, 0),
(502, '$2a$04$nsrmVyGKzCgc6Um.eXUDQuDBSkHyyJo1TRvFOZ4t3Q6vj417bgOe6', 'gpetraitisa9@shop-pro.jp', '$2a$04$XC9L7DiX/nc2ffp7LXC.aOtwmcnI.0.ZBCIYYR..goi8ffTVmU4OG', 21, 0, '2023-12-27 21:12:44', '2023-12-27 21:12:44', 0, NULL, NULL, 0),
(503, '$2a$04$Leg3GKtJ5vRE2yxlmr2HbuFPAm3GK.R4xM7zZqVaH.8k4d9UOtnMy', 'lmoringaa@google.nl', '$2a$04$Mt203H3aHRiXpeLa9SMbEukqm/h3vd8k8l9Sjg.Xa/w28jZgwIaA.', 40, 0, '2023-12-27 21:12:44', '2023-12-27 21:12:44', 0, NULL, NULL, 0),
(504, '$2a$04$AtTzx/.wF2ZYiqbP26GBZOb0s5lc.tf/jHIna9mjedQgeh4cHr1Je', 'dkobielaab@tamu.edu', '$2a$04$diYuGtC1rgGN3OBs24oPM.IOMwvMe3Awf/ewGQseGwvlGjLys5Z4a', 27, 0, '2023-12-27 21:12:44', '2023-12-27 21:12:44', 0, NULL, NULL, 0),
(505, '$2a$04$A7Bl97t5GhOW3L76iPNIju9gDKyyLoEqY4BbpNaJJ8wDJn9S0/dS2', 'wpannamanac@qq.com', '$2a$04$3uzIgM4D8q35KJ8fZLEdUuXQntxGMCwBLIyUa7yxeriIBQoPE4WWa', 27, 0, '2023-12-27 21:12:44', '2023-12-27 21:12:44', 0, NULL, NULL, 0),
(506, '$2a$04$qXPTaOR3JM2VNxYGktFQH.2mUL3C/4vMCaHwdtZC8GoZzz3EroWT6', 'mgillanad@altervista.org', '$2a$04$fxCr0hi3sh1XUw4xAGNxqe0nazjFA/obHqoZdq3uyokn6C6B79Ll6', 15, 0, '2023-12-27 21:12:44', '2023-12-27 21:12:44', 0, NULL, NULL, 0),
(507, '$2a$04$oWW5cWRsTwfLUFeaOViSweunJvpuEFjlWVL5A/7kyDmhjdTQ38G/.', 'gdowallae@odnoklassniki.ru', '$2a$04$sNRolvYnYvX0dY90Gm5BAOyo.b9LGqfS5UWrmIlpKkQEFnGLv12GO', 31, 0, '2023-12-27 21:12:44', '2023-12-27 21:12:44', 0, NULL, NULL, 0),
(508, '$2a$04$puSD03Pq025yyx7mD6sHO.ArCg0wImY99LzYGF17PDBpnEwOqVjse', 'ahanfreyaf@e-recht24.de', '$2a$04$.AET2uK1SCP1Cu04mFqWbOX7SlonerksXBEzqUOU/B3giUJGQsebS', 17, 0, '2023-12-27 21:12:44', '2023-12-27 21:12:44', 0, NULL, NULL, 0),
(509, '$2a$04$s5/5I8RqL0.9X.JeABU8ne1TFW/VCmLKUqyvmdR3nqJQo4NUdqOFS', 'rmaccagueag@tiny.cc', '$2a$04$5vqCsGpbLOhObhcFMJIDQel1NB7jyOBrFcCAXke0ikk7UAxOimzo6', 26, 0, '2023-12-27 21:12:44', '2023-12-27 21:12:44', 0, NULL, NULL, 0),
(510, '$2a$04$prXxkZ8gmD7cLmoE2jrnd.lonV2SzbcEuc14HykHJlYA6ePlXiU2W', 'ljoblingah@state.gov', '$2a$04$63VymdfgEcMxObYZyzfCoeWKsalHKLYrx6.vY8UBbt5yD1hc1u7fG', 33, 0, '2023-12-27 21:12:44', '2023-12-27 21:12:44', 0, NULL, NULL, 0),
(511, '$2a$04$9EvO8pTRIm2guJ9rF89bkuI1gIbi1opmUDCnDEHP4myADBsFRla.K', 'hmctrustrieai@sfgate.com', '$2a$04$pxpktAWXfR5GFZ6ho.ISH.EygDKSRsLzqtEzPCkhniFUCPciybOY6', 16, 0, '2023-12-27 21:12:44', '2023-12-27 21:12:44', 0, NULL, NULL, 0),
(512, '$2a$04$5oT8mSyGKxpgqyfTG0IkzOUBc37BwKGmiIN5VYVLIxOBwo8ZZnaAy', 'tkirsteinaj@latimes.com', '$2a$04$e.fNZWU8i2w3ZfVBaAv.revEu8ZXDf8eqgzE5eC5O4r4WNXNFtFjG', 36, 0, '2023-12-27 21:12:44', '2023-12-27 21:12:44', 0, NULL, NULL, 0),
(513, '$2a$04$FK.nN5JT8ko1yW.6HoQSg.chNJQ8jmjo.n9a0LjhZuAYMaZfDKEye', 'rmeaddowcroftak@flavors.me', '$2a$04$1kUzmp1MQZr70/GCjfgF1ehUeFaxq80q0bMKLKiMez.yt0ya7PaxW', 29, 0, '2023-12-27 21:12:44', '2023-12-27 21:12:44', 0, NULL, NULL, 0),
(514, '$2a$04$qyfk4enxaAie/N21kWDgkeUyUQHtX79Oh.rk48dj7fgQkGMgzE9XG', 'adraayeral@com.com', '$2a$04$oCxtzw/jXLzT1PckX4ql4ehYKxq68Unx2WkP2Hpoxj39XkFzLiLx.', 27, 0, '2023-12-27 21:12:44', '2023-12-27 21:12:44', 0, NULL, NULL, 0),
(515, '$2a$04$abXtGd4O6W0MSRkkvG/n/ejRsKbqS29pUjgGyvDyuo2NXjlwmFbZu', 'smalafeam@technorati.com', '$2a$04$5F5eNYZJlO1LBgYaDFHkpu3y41eyzwZde2S0J6ov6I0c.GhT7wusu', 24, 0, '2023-12-27 21:12:44', '2023-12-27 21:12:44', 0, NULL, NULL, 0),
(516, '$2a$04$PBmCIM41kRpTwHU68v5aVeoYUe7qncdLj49Meg3TCO9CD0HnGEQZq', 'gcarlosan@ustream.tv', '$2a$04$dBixkJPpb96L2iMRiUB9seQAvR88gHH70w9PjpllpayiNN5G5Rjm6', 17, 0, '2023-12-27 21:12:44', '2023-12-27 21:12:44', 0, NULL, NULL, 0),
(517, '$2a$04$XwgHqCaUGIzj/cdyuWPDiukFdJRTct7ffg6Nohtp9RjQkEjUtMVYa', 'jsindleao@huffingtonpost.com', '$2a$04$XrEnBvXOJvjqLOZR35Fqp.wcqiRYI9Swh/ywBv/ZLVRFMNiQBiYFy', 26, 0, '2023-12-27 21:12:44', '2023-12-27 21:12:44', 0, NULL, NULL, 0),
(518, '$2a$04$eOE7Ub8BxVUmOrwiIUjoWugaGBUhfKhDHW9HN5S4HMsM4HOJPB6iO', 'dlearyap@simplemachines.org', '$2a$04$9ZNQqlGf99zsI9OH7xdWiOqfEuQphvnDOq76ASNTe8SCbHKDSHrUu', 28, 0, '2023-12-27 21:12:44', '2023-12-27 21:12:44', 0, NULL, NULL, 0),
(519, '$2a$04$HcpQrmQ49JMUu/60gG6Kte4PQ.z0iXzWRYCA2l3mPy61Uz0rcHaMC', 'lmalacridaaq@wikipedia.org', '$2a$04$9CJ19JbLQ8Gvr7QgUAJpteD1WFDkhk9f2n8lQ59t/h2JPIXa5tQV6', 23, 0, '2023-12-27 21:12:44', '2023-12-27 21:12:44', 0, NULL, NULL, 0),
(520, '$2a$04$/R7up5L3.bewiOn7NZugHeEOxPFKiM3b.SYYYt.sFTe8SirbRQVFu', 'rshimoniar@51.la', '$2a$04$UOVCz5x14pDiLvShUr9OreU1uyiYa5JNmhKqsO47QWMmZHPfIXH1q', 29, 0, '2023-12-27 21:12:44', '2023-12-27 21:12:44', 0, NULL, NULL, 0),
(521, '$2a$04$0fhQU2WYJPjC5S.fhmFD/eTVNipNHrRa1/ysauCb2UT6Jh4Wq0iZW', 'wdrustas@cocolog-nifty.com', '$2a$04$ZO4go2uvB4XqM/prLdTaku7JnAzrF6bLu8sk6H/dcrsS.KUo.GOg.', 34, 0, '2023-12-27 21:12:44', '2023-12-27 21:12:44', 0, NULL, NULL, 0),
(522, '$2a$04$mYZMlZkVhqESA9UcXTPTR.il44zM97LdUMoYQV0VOeUcGGMDJ2zxG', 'tedgerleyat@arizona.edu', '$2a$04$1f9rRVSc1.DukuGNvz/mk.JyecUh6/tQfbOeLx4b75d6v8ngTDVO6', 35, 0, '2023-12-27 21:12:44', '2023-12-27 21:12:44', 0, NULL, NULL, 0),
(523, '$2a$04$jwKdJ4jFMWBpj0Iky7WdD.4L9J7chKGKCFzDndZUMu5OBJ1iIW64C', 'vburressau@buzzfeed.com', '$2a$04$PcS78OGxDfmIPF9tLXvmEe3fxTxRPiUYM1h3KkUNgB1l6KdhKI/ZS', 22, 0, '2023-12-27 21:12:44', '2023-12-27 21:12:44', 0, NULL, NULL, 0),
(524, '$2a$04$qU6LCSgaPRMwWTMMTewd7.dSyslL/ClgGbao8kiyGKi4.WLL4cYym', 'cgateleyav@jugem.jp', '$2a$04$uFxPcjjr8/QUf2G98Yoki.jKbLBu.EHwjoW1Y16YluamzzXWsWh9i', 37, 0, '2023-12-27 21:12:44', '2023-12-27 21:12:44', 0, NULL, NULL, 0),
(525, '$2a$04$17VsUYUDLbli5W0DgTGeROSd/t3iYgOQVRHPErKiLJ5jC..UdQP9m', 'adrewcliftonaw@java.com', '$2a$04$MZSKTrH.MHmWQTaxDNJdeudloO2ATUwswGQx0DGIYfnXeb21KM.dS', 23, 0, '2023-12-27 21:12:44', '2023-12-27 21:12:44', 0, NULL, NULL, 0),
(526, '$2a$04$MHjFWQha9FA29/QXI7wBVes73HWVdZtA9NUBtuUrrBZC.Yc7fWhWO', 'becclesax@icio.us', '$2a$04$wYnhDEp51arN9Xujsma3Y.AY9v7vtZ6DtwBcnjIMBiILBE2HWBD2S', 31, 0, '2023-12-27 21:12:44', '2023-12-27 21:12:44', 0, NULL, NULL, 0),
(527, '$2a$04$7ZoaiLQ7rjlt0ankcqTi.OF9f8vSIy811BK99GRn8FnNPr1wF5SFC', 'tsalisburyay@friendfeed.com', '$2a$04$tgfknBAYkj5F23zuE4dvsOU/zG.ZxoMdLYWHUkgQ4n4/D6C0xhlQu', 32, 0, '2023-12-27 21:12:44', '2023-12-27 21:12:44', 0, NULL, NULL, 0),
(528, '$2a$04$G2JKsK5KfRiiGzF9Et6nYOFsPjIROny0J8zk8v4.0s6/0/cCNhana', 'hmockfordaz@sina.com.cn', '$2a$04$be2gtnO4Y4dnM2iG6JQ4K.krMWneXMFrZNqRA0nu4Ep6e5kvjydsK', 23, 0, '2023-12-27 21:12:44', '2023-12-27 21:12:44', 0, NULL, NULL, 0),
(529, '$2a$04$7ojabbRN3RGT27qrLqCXxumYWpQGgSr4eY03nCNwz/NSS7plu0Lxu', 'asinclaireb0@ucsd.edu', '$2a$04$cK7jkC3jF24efkYyLOcPXOwtL0kZUBZoTib11vikXbuOb06C6Z3X.', 26, 0, '2023-12-27 21:12:44', '2023-12-27 21:12:44', 0, NULL, NULL, 0),
(530, '$2a$04$5A0to.9MxS4vaTfFlZ6EbeFoLXcAn3DCfcbfTZt1RkWfblZ4USHPG', 'bbadbyb1@cnn.com', '$2a$04$6fZnUfCn9zvHoT8KkwnLseV5S.rKD4VPPUW/uamPoWG1c0FjjTiP6', 32, 0, '2023-12-27 21:12:44', '2023-12-27 21:12:44', 0, NULL, NULL, 0),
(531, '$2a$04$mUUO3bAmTRZ.tOYLPkVh/uPtI/Afm2IKbCRKQXCR9Px/0VHrDDYda', 'hbouldb2@geocities.jp', '$2a$04$O4wLQef7el7e/b2fh5S42.fgKFVc7ELSqosJzucCf5mubCG4dLhn2', 35, 0, '2023-12-27 21:12:44', '2023-12-27 21:12:44', 0, NULL, NULL, 0),
(532, '$2a$04$HyHE4bg/Ew0Oq44WSrZWbuV4TsXsmNYQ9gy6iKrVL/7qLK0Ls2eMG', 'jrustidgeb3@home.pl', '$2a$04$DJ.XvJWiailWPkvs3UpiT.GRHdDIYPfmssPFjGli2ClNULUAvOYwG', 30, 0, '2023-12-27 21:12:44', '2023-12-27 21:12:44', 0, NULL, NULL, 0);

--
-- Индексы сохранённых таблиц
--

--
-- Индексы таблицы `Administrators`
--
ALTER TABLE `Administrators`
  ADD PRIMARY KEY (`admin_id`),
  ADD UNIQUE KEY `user_id` (`user_id`);

--
-- Индексы таблицы `Albums`
--
ALTER TABLE `Albums`
  ADD PRIMARY KEY (`album_id`),
  ADD KEY `user_id` (`user_id`);

--
-- Индексы таблицы `Album_Images`
--
ALTER TABLE `Album_Images`
  ADD PRIMARY KEY (`album_id`,`image_id`),
  ADD KEY `image_id` (`image_id`);

--
-- Индексы таблицы `Comments`
--
ALTER TABLE `Comments`
  ADD PRIMARY KEY (`comment_id`),
  ADD KEY `user_id` (`user_id`),
  ADD KEY `image_id` (`image_id`);

--
-- Индексы таблицы `Favorites`
--
ALTER TABLE `Favorites`
  ADD PRIMARY KEY (`favorite_id`),
  ADD KEY `user_id` (`user_id`),
  ADD KEY `image_id` (`image_id`);

--
-- Индексы таблицы `Images`
--
ALTER TABLE `Images`
  ADD PRIMARY KEY (`image_id`),
  ADD KEY `user_id` (`user_id`);

--
-- Индексы таблицы `Image_Tags`
--
ALTER TABLE `Image_Tags`
  ADD PRIMARY KEY (`image_id`,`tag_id`),
  ADD KEY `tag_id` (`tag_id`);

--
-- Индексы таблицы `Likes`
--
ALTER TABLE `Likes`
  ADD PRIMARY KEY (`like_id`),
  ADD KEY `user_id` (`user_id`),
  ADD KEY `image_id` (`image_id`);

--
-- Индексы таблицы `Tags`
--
ALTER TABLE `Tags`
  ADD PRIMARY KEY (`tag_id`),
  ADD UNIQUE KEY `name` (`name`);

--
-- Индексы таблицы `Users`
--
ALTER TABLE `Users`
  ADD PRIMARY KEY (`user_id`),
  ADD UNIQUE KEY `username` (`username`),
  ADD UNIQUE KEY `email` (`email`);

--
-- AUTO_INCREMENT для сохранённых таблиц
--

--
-- AUTO_INCREMENT для таблицы `Administrators`
--
ALTER TABLE `Administrators`
  MODIFY `admin_id` int(11) NOT NULL AUTO_INCREMENT, AUTO_INCREMENT=4;

--
-- AUTO_INCREMENT для таблицы `Albums`
--
ALTER TABLE `Albums`
  MODIFY `album_id` int(11) NOT NULL AUTO_INCREMENT, AUTO_INCREMENT=16;

--
-- AUTO_INCREMENT для таблицы `Comments`
--
ALTER TABLE `Comments`
  MODIFY `comment_id` int(11) NOT NULL AUTO_INCREMENT, AUTO_INCREMENT=501;

--
-- AUTO_INCREMENT для таблицы `Favorites`
--
ALTER TABLE `Favorites`
  MODIFY `favorite_id` int(11) NOT NULL AUTO_INCREMENT, AUTO_INCREMENT=101;

--
-- AUTO_INCREMENT для таблицы `Images`
--
ALTER TABLE `Images`
  MODIFY `image_id` int(11) NOT NULL AUTO_INCREMENT, AUTO_INCREMENT=112;

--
-- AUTO_INCREMENT для таблицы `Likes`
--
ALTER TABLE `Likes`
  MODIFY `like_id` int(11) NOT NULL AUTO_INCREMENT, AUTO_INCREMENT=803;

--
-- AUTO_INCREMENT для таблицы `Tags`
--
ALTER TABLE `Tags`
  MODIFY `tag_id` int(11) NOT NULL AUTO_INCREMENT, AUTO_INCREMENT=104;

--
-- AUTO_INCREMENT для таблицы `Users`
--
ALTER TABLE `Users`
  MODIFY `user_id` int(11) NOT NULL AUTO_INCREMENT, AUTO_INCREMENT=533;

--
-- Ограничения внешнего ключа сохраненных таблиц
--

--
-- Ограничения внешнего ключа таблицы `Administrators`
--
ALTER TABLE `Administrators`
  ADD CONSTRAINT `administrators_ibfk_1` FOREIGN KEY (`user_id`) REFERENCES `Users` (`user_id`) ON DELETE CASCADE;

--
-- Ограничения внешнего ключа таблицы `Albums`
--
ALTER TABLE `Albums`
  ADD CONSTRAINT `albums_ibfk_1` FOREIGN KEY (`user_id`) REFERENCES `Users` (`user_id`) ON DELETE CASCADE;

--
-- Ограничения внешнего ключа таблицы `Album_Images`
--
ALTER TABLE `Album_Images`
  ADD CONSTRAINT `album_images_ibfk_1` FOREIGN KEY (`album_id`) REFERENCES `Albums` (`album_id`),
  ADD CONSTRAINT `album_images_ibfk_2` FOREIGN KEY (`image_id`) REFERENCES `Images` (`image_id`);

--
-- Ограничения внешнего ключа таблицы `Comments`
--
ALTER TABLE `Comments`
  ADD CONSTRAINT `comments_ibfk_1` FOREIGN KEY (`user_id`) REFERENCES `Users` (`user_id`) ON DELETE CASCADE,
  ADD CONSTRAINT `comments_ibfk_2` FOREIGN KEY (`image_id`) REFERENCES `Images` (`image_id`) ON DELETE CASCADE;

--
-- Ограничения внешнего ключа таблицы `Favorites`
--
ALTER TABLE `Favorites`
  ADD CONSTRAINT `favorites_ibfk_1` FOREIGN KEY (`user_id`) REFERENCES `Users` (`user_id`),
  ADD CONSTRAINT `favorites_ibfk_2` FOREIGN KEY (`image_id`) REFERENCES `Images` (`image_id`);

--
-- Ограничения внешнего ключа таблицы `Images`
--
ALTER TABLE `Images`
  ADD CONSTRAINT `images_ibfk_1` FOREIGN KEY (`user_id`) REFERENCES `Users` (`user_id`) ON DELETE SET NULL;

--
-- Ограничения внешнего ключа таблицы `Image_Tags`
--
ALTER TABLE `Image_Tags`
  ADD CONSTRAINT `image_tags_ibfk_1` FOREIGN KEY (`image_id`) REFERENCES `Images` (`image_id`) ON DELETE CASCADE,
  ADD CONSTRAINT `image_tags_ibfk_2` FOREIGN KEY (`tag_id`) REFERENCES `Tags` (`tag_id`) ON DELETE CASCADE;

--
-- Ограничения внешнего ключа таблицы `Likes`
--
ALTER TABLE `Likes`
  ADD CONSTRAINT `likes_ibfk_1` FOREIGN KEY (`user_id`) REFERENCES `Users` (`user_id`) ON DELETE CASCADE,
  ADD CONSTRAINT `likes_ibfk_2` FOREIGN KEY (`image_id`) REFERENCES `Images` (`image_id`) ON DELETE CASCADE;
COMMIT;

/*!40101 SET CHARACTER_SET_CLIENT=@OLD_CHARACTER_SET_CLIENT */;
/*!40101 SET CHARACTER_SET_RESULTS=@OLD_CHARACTER_SET_RESULTS */;
/*!40101 SET COLLATION_CONNECTION=@OLD_COLLATION_CONNECTION */;
