-- phpMyAdmin SQL Dump
-- version 5.2.0
-- https://www.phpmyadmin.net/
--
-- Хост: 127.0.0.1:3306
-- Время создания: Фев 27 2024 г., 18:59
-- Версия сервера: 5.7.39
-- Версия PHP: 8.0.22

SET SQL_MODE = "NO_AUTO_VALUE_ON_ZERO";
START TRANSACTION;
SET time_zone = "+00:00";


/*!40101 SET @OLD_CHARACTER_SET_CLIENT=@@CHARACTER_SET_CLIENT */;
/*!40101 SET @OLD_CHARACTER_SET_RESULTS=@@CHARACTER_SET_RESULTS */;
/*!40101 SET @OLD_COLLATION_CONNECTION=@@COLLATION_CONNECTION */;
/*!40101 SET NAMES utf8mb4 */;

--
-- База данных: `ImageGalary`
--

-- --------------------------------------------------------

--
-- Структура таблицы `Administrators`
--

CREATE TABLE `Administrators` (
  `admin_id` int(11) NOT NULL,
  `user_id` int(11) NOT NULL,
  `privileges_level` int(11) NOT NULL
) ENGINE=InnoDB DEFAULT CHARSET=utf8mb4 COLLATE=utf8mb4_unicode_ci;

--
-- Дамп данных таблицы `Administrators`
--

INSERT INTO `Administrators` (`admin_id`, `user_id`, `privileges_level`) VALUES
(1, 1, 1),
(2, 2, 2),
(3, 3, 3);

-- --------------------------------------------------------

--
-- Структура таблицы `Albums`
--

CREATE TABLE `Albums` (
  `album_id` int(11) NOT NULL,
  `user_id` int(11) DEFAULT NULL,
  `name` varchar(255) COLLATE utf8mb4_unicode_ci NOT NULL,
  `description` text COLLATE utf8mb4_unicode_ci,
  `created_at` timestamp NULL DEFAULT CURRENT_TIMESTAMP,
  `updated_at` timestamp NULL DEFAULT CURRENT_TIMESTAMP ON UPDATE CURRENT_TIMESTAMP,
  `last_image_added_at` timestamp NULL DEFAULT NULL
) ENGINE=InnoDB DEFAULT CHARSET=utf8mb4 COLLATE=utf8mb4_unicode_ci;

--
-- Дамп данных таблицы `Albums`
--

INSERT INTO `Albums` (`album_id`, `user_id`, `name`, `description`, `created_at`, `updated_at`, `last_image_added_at`) VALUES
(1, 4, 'Genshin Impact', '', '2024-02-17 09:47:15', '2024-02-27 12:55:00', '2024-02-27 12:55:00'),
(2, 4, 'Honkai Star Rail', '', '2024-02-17 09:49:14', '2024-02-23 10:48:52', '2024-02-23 10:48:52'),
(3, 5, 'Uma Musume Pretty Derby', '', '2024-02-17 10:11:16', '2024-02-17 10:11:16', '2024-02-17 10:11:16'),
(4, 5, 'Genshin Impact', '', '2024-02-17 10:33:55', '2024-02-17 10:33:55', '2024-02-17 10:33:55'),
(5, 8, 'Original', '', '2024-02-17 17:29:42', '2024-02-17 21:16:17', '2024-02-17 21:16:17'),
(6, 8, 'InuYasha', '', '2024-02-17 17:33:15', '2024-02-17 19:12:47', '2024-02-17 19:12:47'),
(7, 11, 'Arknights', '', '2024-02-17 18:30:20', '2024-02-17 20:00:17', '2024-02-17 20:00:17'),
(8, 11, 'Lobotomy Corporation', '', '2024-02-17 18:34:44', '2024-02-17 18:34:44', '2024-02-17 18:34:44'),
(9, 12, 'Fate/GrandOrder', '', '2024-02-17 18:51:50', '2024-02-17 20:09:41', '2024-02-17 20:09:41'),
(10, 12, 'Monogatari', '', '2024-02-17 18:57:05', '2024-02-17 18:57:05', '2024-02-17 18:57:05'),
(11, 12, 'Blue Archive', '', '2024-02-17 18:59:10', '2024-02-17 18:59:10', '2024-02-17 18:59:10'),
(12, 12, 'Zero no Tsukaima', '', '2024-02-17 19:00:02', '2024-02-17 19:00:02', '2024-02-17 19:00:02'),
(13, 12, 'CODE GEASS: Hangyaku no Lelouch', '', '2024-02-17 19:00:50', '2024-02-17 19:00:50', '2024-02-17 19:00:50'),
(14, 12, 'Girls Frontline', '', '2024-02-17 19:04:37', '2024-02-17 19:59:25', '2024-02-17 19:59:25'),
(15, 13, 'Yagate Kimi ni Naru', '', '2024-02-17 19:09:02', '2024-02-17 19:09:02', '2024-02-17 19:09:02'),
(16, 15, 'Chainsaw Man', '', '2024-02-17 19:22:58', '2024-02-17 20:10:37', '2024-02-17 20:10:37'),
(17, 16, 'Houkai 3rd', '', '2024-02-17 19:28:50', '2024-02-17 21:13:29', '2024-02-17 21:13:29'),
(18, 19, 'Helltaker', '', '2024-02-17 19:55:02', '2024-02-17 19:55:02', '2024-02-17 19:55:02'),
(19, 20, 'Youjo Senki', '', '2024-02-17 20:02:46', '2024-02-17 20:02:46', '2024-02-17 20:02:46'),
(20, 20, 'Super Mario Bros', '', '2024-02-17 20:04:51', '2024-02-17 20:04:51', '2024-02-17 20:04:51'),
(21, 20, 'Touhou', '', '2024-02-17 20:06:26', '2024-02-17 20:06:26', '2024-02-17 20:06:26');

-- --------------------------------------------------------

--
-- Структура таблицы `Album_Images`
--

CREATE TABLE `Album_Images` (
  `album_id` int(11) NOT NULL,
  `image_id` int(11) NOT NULL,
  `added_at` timestamp NULL DEFAULT CURRENT_TIMESTAMP
) ENGINE=InnoDB DEFAULT CHARSET=utf8mb4 COLLATE=utf8mb4_unicode_ci;

--
-- Дамп данных таблицы `Album_Images`
--

INSERT INTO `Album_Images` (`album_id`, `image_id`, `added_at`) VALUES
(1, 1, '2024-02-17 12:47:15'),
(1, 3, '2024-02-17 12:50:15'),
(1, 4, '2024-02-17 12:51:49'),
(1, 5, '2024-02-17 12:52:55'),
(1, 6, '2024-02-17 12:53:47'),
(1, 8, '2024-02-17 12:55:01'),
(1, 10, '2024-02-17 13:14:38'),
(1, 11, '2024-02-17 13:17:55'),
(1, 12, '2024-02-17 13:24:39'),
(1, 13, '2024-02-17 13:26:33'),
(1, 15, '2024-02-17 13:34:48'),
(1, 16, '2024-02-17 13:35:15'),
(1, 18, '2024-02-17 19:37:21'),
(1, 20, '2024-02-17 19:40:28'),
(1, 22, '2024-02-17 19:49:19'),
(1, 23, '2024-02-17 19:49:47'),
(1, 24, '2024-02-17 19:50:34'),
(1, 25, '2024-02-17 19:51:16'),
(1, 26, '2024-02-17 19:51:45'),
(1, 27, '2024-02-17 20:19:43'),
(1, 28, '2024-02-17 20:20:09'),
(1, 29, '2024-02-17 20:20:24'),
(1, 30, '2024-02-17 20:21:05'),
(1, 31, '2024-02-17 20:21:42'),
(1, 32, '2024-02-17 20:24:34'),
(1, 33, '2024-02-17 20:25:03'),
(1, 34, '2024-02-17 20:25:25'),
(1, 38, '2024-02-17 20:31:06'),
(1, 39, '2024-02-17 20:32:12'),
(1, 41, '2024-02-17 20:33:42'),
(1, 42, '2024-02-17 20:33:57'),
(1, 43, '2024-02-17 21:02:15'),
(1, 44, '2024-02-17 21:02:27'),
(1, 45, '2024-02-17 21:02:57'),
(1, 46, '2024-02-17 21:03:11'),
(1, 47, '2024-02-17 21:03:23'),
(1, 48, '2024-02-17 21:03:54'),
(1, 49, '2024-02-17 21:04:46'),
(1, 50, '2024-02-17 21:06:09'),
(1, 51, '2024-02-17 21:07:14'),
(1, 52, '2024-02-17 21:07:52'),
(1, 55, '2024-02-17 21:10:25'),
(1, 56, '2024-02-17 21:10:42'),
(1, 57, '2024-02-17 21:12:53'),
(1, 58, '2024-02-17 21:13:12'),
(1, 59, '2024-02-17 21:13:38'),
(1, 60, '2024-02-17 21:14:59'),
(1, 61, '2024-02-17 21:15:22'),
(1, 62, '2024-02-17 21:15:35'),
(1, 63, '2024-02-17 21:15:49'),
(1, 64, '2024-02-17 21:16:27'),
(1, 65, '2024-02-17 21:16:40'),
(1, 66, '2024-02-17 21:17:07'),
(1, 67, '2024-02-17 21:17:34'),
(1, 68, '2024-02-17 21:19:15'),
(1, 69, '2024-02-17 21:19:57'),
(1, 72, '2024-02-17 21:22:50'),
(1, 73, '2024-02-17 21:23:14'),
(1, 76, '2024-02-17 21:32:30'),
(1, 77, '2024-02-17 21:32:54'),
(1, 78, '2024-02-17 21:33:18'),
(1, 79, '2024-02-17 21:33:33'),
(1, 81, '2024-02-17 21:35:11'),
(1, 82, '2024-02-17 21:35:31'),
(1, 83, '2024-02-17 21:35:52'),
(1, 84, '2024-02-17 21:36:10'),
(1, 86, '2024-02-17 21:36:41'),
(1, 87, '2024-02-17 21:37:23'),
(1, 89, '2024-02-17 21:38:14'),
(1, 90, '2024-02-17 21:39:16'),
(1, 91, '2024-02-17 21:39:31'),
(1, 92, '2024-02-17 21:39:49'),
(1, 93, '2024-02-17 21:40:13'),
(1, 94, '2024-02-17 21:40:32'),
(1, 99, '2024-02-17 21:57:30'),
(1, 100, '2024-02-17 21:57:42'),
(1, 101, '2024-02-17 21:57:53'),
(1, 126, '2024-02-17 22:25:31'),
(1, 127, '2024-02-17 22:26:05'),
(1, 128, '2024-02-17 22:26:22'),
(1, 129, '2024-02-17 22:26:39'),
(1, 130, '2024-02-17 22:26:54'),
(1, 131, '2024-02-17 22:27:10'),
(1, 132, '2024-02-17 22:27:45'),
(1, 133, '2024-02-17 22:28:04'),
(1, 135, '2024-02-17 22:29:35'),
(1, 136, '2024-02-17 22:29:49'),
(1, 137, '2024-02-17 22:30:00'),
(1, 138, '2024-02-17 22:34:58'),
(1, 139, '2024-02-17 22:35:12'),
(1, 140, '2024-02-17 22:36:00'),
(1, 141, '2024-02-17 22:36:21'),
(1, 142, '2024-02-17 22:36:39'),
(1, 143, '2024-02-17 22:36:52'),
(1, 144, '2024-02-17 22:37:12'),
(1, 145, '2024-02-17 22:37:38'),
(1, 162, '2024-02-17 22:47:44'),
(1, 163, '2024-02-17 22:47:58'),
(1, 164, '2024-02-17 22:48:11'),
(1, 165, '2024-02-17 22:49:12'),
(1, 166, '2024-02-17 22:49:26'),
(1, 167, '2024-02-17 22:49:43'),
(1, 168, '2024-02-17 22:50:20'),
(1, 169, '2024-02-17 22:51:27'),
(1, 173, '2024-02-17 22:56:18'),
(1, 174, '2024-02-17 22:57:02'),
(1, 176, '2024-02-17 22:58:10'),
(1, 177, '2024-02-17 22:58:23'),
(1, 178, '2024-02-17 22:58:46'),
(1, 179, '2024-02-17 22:59:00'),
(1, 190, '2024-02-18 00:10:23'),
(1, 191, '2024-02-18 00:11:00'),
(1, 192, '2024-02-18 00:12:40'),
(1, 198, '2024-02-18 00:15:19'),
(1, 199, '2024-02-18 00:15:53'),
(1, 202, '2024-02-18 00:17:07'),
(1, 204, '2024-02-23 13:45:46'),
(1, 205, '2024-02-23 13:46:20'),
(1, 208, '2024-02-23 13:47:45'),
(1, 209, '2024-02-23 13:48:04'),
(1, 212, '2024-02-23 14:01:49'),
(1, 213, '2024-02-23 14:02:04'),
(1, 214, '2024-02-23 14:02:15'),
(1, 215, '2024-02-23 14:02:27'),
(1, 216, '2024-02-23 14:02:39'),
(1, 217, '2024-02-23 14:02:48'),
(1, 218, '2024-02-23 14:03:08'),
(1, 219, '2024-02-23 14:03:22'),
(1, 220, '2024-02-23 14:03:32'),
(1, 221, '2024-02-23 14:03:46'),
(1, 222, '2024-02-23 14:03:55'),
(1, 223, '2024-02-27 15:49:20'),
(1, 224, '2024-02-27 15:55:00'),
(2, 2, '2024-02-17 12:49:14'),
(2, 7, '2024-02-17 12:54:12'),
(2, 17, '2024-02-17 13:37:05'),
(2, 19, '2024-02-17 19:40:04'),
(2, 21, '2024-02-17 19:40:45'),
(2, 35, '2024-02-17 20:26:29'),
(2, 54, '2024-02-17 21:09:30'),
(2, 70, '2024-02-17 21:20:30'),
(2, 71, '2024-02-17 21:21:40'),
(2, 85, '2024-02-17 21:36:25'),
(2, 88, '2024-02-17 21:37:48'),
(2, 123, '2024-02-17 22:22:17'),
(2, 124, '2024-02-17 22:22:33'),
(2, 146, '2024-02-17 22:38:01'),
(2, 147, '2024-02-17 22:38:27'),
(2, 148, '2024-02-17 22:38:55'),
(2, 149, '2024-02-17 22:39:11'),
(2, 150, '2024-02-17 22:39:26'),
(2, 151, '2024-02-17 22:40:18'),
(2, 152, '2024-02-17 22:40:53'),
(2, 153, '2024-02-17 22:41:36'),
(2, 154, '2024-02-17 22:42:19'),
(2, 155, '2024-02-17 22:42:36'),
(2, 156, '2024-02-17 22:43:03'),
(2, 157, '2024-02-17 22:43:28'),
(2, 158, '2024-02-17 22:44:03'),
(2, 159, '2024-02-17 22:44:23'),
(2, 160, '2024-02-17 22:44:46'),
(2, 161, '2024-02-17 22:45:19'),
(2, 170, '2024-02-17 22:51:41'),
(2, 194, '2024-02-18 00:13:50'),
(2, 195, '2024-02-18 00:14:09'),
(2, 196, '2024-02-18 00:14:50'),
(2, 197, '2024-02-18 00:15:06'),
(2, 201, '2024-02-18 00:16:40'),
(2, 203, '2024-02-18 00:17:26'),
(2, 206, '2024-02-23 13:47:12'),
(2, 207, '2024-02-23 13:47:26'),
(2, 210, '2024-02-23 13:48:26'),
(2, 211, '2024-02-23 13:48:52'),
(3, 9, '2024-02-17 13:11:16'),
(4, 14, '2024-02-17 13:33:55'),
(5, 36, '2024-02-17 20:29:42'),
(5, 37, '2024-02-17 20:30:19'),
(5, 95, '2024-02-17 21:41:37'),
(5, 96, '2024-02-17 21:42:02'),
(5, 105, '2024-02-17 22:01:42'),
(5, 106, '2024-02-17 22:01:57'),
(5, 200, '2024-02-18 00:16:17'),
(6, 40, '2024-02-17 20:33:15'),
(6, 113, '2024-02-17 22:12:47'),
(7, 74, '2024-02-17 21:30:21'),
(7, 75, '2024-02-17 21:32:13'),
(7, 109, '2024-02-17 22:09:49'),
(7, 110, '2024-02-17 22:10:43'),
(7, 111, '2024-02-17 22:11:36'),
(7, 112, '2024-02-17 22:12:18'),
(7, 114, '2024-02-17 22:13:11'),
(7, 115, '2024-02-17 22:13:39'),
(7, 116, '2024-02-17 22:14:06'),
(7, 117, '2024-02-17 22:17:27'),
(7, 118, '2024-02-17 22:18:02'),
(7, 119, '2024-02-17 22:18:46'),
(7, 120, '2024-02-17 22:19:02'),
(7, 121, '2024-02-17 22:19:16'),
(7, 122, '2024-02-17 22:20:18'),
(7, 172, '2024-02-17 22:55:29'),
(7, 181, '2024-02-17 23:00:17'),
(8, 80, '2024-02-17 21:34:44'),
(9, 97, '2024-02-17 21:51:50'),
(9, 185, '2024-02-17 23:07:51'),
(9, 186, '2024-02-17 23:08:16'),
(9, 187, '2024-02-17 23:09:41'),
(10, 98, '2024-02-17 21:57:05'),
(11, 102, '2024-02-17 21:59:10'),
(12, 103, '2024-02-17 22:00:02'),
(13, 104, '2024-02-17 22:00:50'),
(14, 107, '2024-02-17 22:04:37'),
(14, 175, '2024-02-17 22:57:56'),
(14, 180, '2024-02-17 22:59:25'),
(15, 108, '2024-02-17 22:09:02'),
(16, 125, '2024-02-17 22:22:58'),
(16, 188, '2024-02-17 23:10:24'),
(16, 189, '2024-02-17 23:10:37'),
(17, 134, '2024-02-17 22:28:50'),
(17, 193, '2024-02-18 00:13:29'),
(18, 171, '2024-02-17 22:55:02'),
(19, 182, '2024-02-17 23:02:46'),
(20, 183, '2024-02-17 23:04:51'),
(21, 184, '2024-02-17 23:06:26');

-- --------------------------------------------------------

--
-- Структура таблицы `Comments`
--

CREATE TABLE `Comments` (
  `comment_id` int(11) NOT NULL,
  `user_id` int(11) DEFAULT NULL,
  `image_id` int(11) DEFAULT NULL,
  `comment` text COLLATE utf8mb4_unicode_ci,
  `parent_id` int(11) DEFAULT NULL,
  `commented_at` timestamp NULL DEFAULT CURRENT_TIMESTAMP,
  `updated_at` timestamp NULL DEFAULT CURRENT_TIMESTAMP ON UPDATE CURRENT_TIMESTAMP
) ENGINE=InnoDB DEFAULT CHARSET=utf8mb4 COLLATE=utf8mb4_unicode_ci;

--
-- Дамп данных таблицы `Comments`
--

INSERT INTO `Comments` (`comment_id`, `user_id`, `image_id`, `comment`, `parent_id`, `commented_at`, `updated_at`) VALUES
(1, 105, 198, 'Greenlam', NULL, '2024-02-25 06:02:34', '2024-02-25 06:02:34'),
(2, 686, 43, 'Wrapsafe', NULL, '2024-02-25 06:02:34', '2024-02-25 06:02:34'),
(3, 934, 158, 'Span', NULL, '2024-02-25 06:02:34', '2024-02-25 06:02:34'),
(4, 929, 172, 'Bigtax', NULL, '2024-02-25 06:02:34', '2024-02-25 06:02:34'),
(5, 1021, 104, 'Bitwolf', NULL, '2024-02-25 06:02:34', '2024-02-25 06:02:34'),
(6, 922, 23, 'Tampflex', NULL, '2024-02-25 06:02:34', '2024-02-25 06:02:34'),
(7, 399, 39, 'Cardify', NULL, '2024-02-25 06:02:34', '2024-02-25 06:02:34'),
(8, 478, 48, 'Cookley', NULL, '2024-02-25 06:02:34', '2024-02-25 06:02:34'),
(9, 147, 48, 'Namfix', NULL, '2024-02-25 06:02:34', '2024-02-25 06:02:34'),
(10, 165, 117, 'Sub-Ex', NULL, '2024-02-25 06:02:34', '2024-02-25 06:02:34'),
(11, 508, 10, 'Quo Lux', NULL, '2024-02-25 06:02:34', '2024-02-25 06:02:34'),
(12, 386, 33, 'Zathin', NULL, '2024-02-25 06:02:34', '2024-02-25 06:02:34'),
(13, 67, 70, 'Span', NULL, '2024-02-25 06:02:34', '2024-02-25 06:02:34'),
(14, 382, 129, 'Bamity', NULL, '2024-02-25 06:02:34', '2024-02-25 06:02:34'),
(15, 324, 103, 'Tresom', NULL, '2024-02-25 06:02:34', '2024-02-25 06:02:34'),
(16, 718, 126, 'Redhold', NULL, '2024-02-25 06:02:34', '2024-02-25 06:02:34'),
(17, 503, 116, 'Y-Solowarm', NULL, '2024-02-25 06:02:34', '2024-02-25 06:02:34'),
(18, 936, 133, 'Zoolab', NULL, '2024-02-25 06:02:34', '2024-02-25 06:02:34'),
(19, 885, 116, 'Transcof', NULL, '2024-02-25 06:02:34', '2024-02-25 06:02:34'),
(20, 439, 204, 'It', NULL, '2024-02-25 06:02:34', '2024-02-25 06:02:34'),
(21, 95, 174, 'Trippledex', NULL, '2024-02-25 06:02:35', '2024-02-25 06:02:35'),
(22, 494, 127, 'Stringtough', NULL, '2024-02-25 06:02:35', '2024-02-25 06:02:35'),
(23, 917, 111, 'Ronstring', NULL, '2024-02-25 06:02:35', '2024-02-25 06:02:35'),
(24, 149, 157, 'Domainer', NULL, '2024-02-25 06:02:35', '2024-02-25 06:02:35'),
(25, 1005, 7, 'Bigtax', NULL, '2024-02-25 06:02:35', '2024-02-25 06:02:35'),
(26, 61, 119, 'Asoka', NULL, '2024-02-25 06:02:35', '2024-02-25 06:02:35'),
(27, 205, 179, 'Sonair', NULL, '2024-02-25 06:02:35', '2024-02-25 06:02:35'),
(28, 35, 131, 'Ventosanzap', NULL, '2024-02-25 06:02:35', '2024-02-25 06:02:35'),
(29, 322, 7, 'Biodex', NULL, '2024-02-25 06:02:35', '2024-02-25 06:02:35'),
(30, 140, 161, 'Matsoft', NULL, '2024-02-25 06:02:35', '2024-02-25 06:02:35'),
(31, 84, 150, 'Sub-Ex', NULL, '2024-02-25 06:02:35', '2024-02-25 06:02:35'),
(32, 718, 222, 'Kanlam', NULL, '2024-02-25 06:02:35', '2024-02-25 06:02:35'),
(33, 555, 26, 'Job', NULL, '2024-02-25 06:02:35', '2024-02-25 06:02:35'),
(34, 856, 67, 'Tin', NULL, '2024-02-25 06:02:35', '2024-02-25 06:02:35'),
(35, 957, 160, 'Bitwolf', NULL, '2024-02-25 06:02:35', '2024-02-25 06:02:35'),
(36, 317, 208, 'Tres-Zap', NULL, '2024-02-25 06:02:35', '2024-02-25 06:02:35'),
(37, 95, 179, 'Quo Lux', NULL, '2024-02-25 06:02:35', '2024-02-25 06:02:35'),
(38, 35, 208, 'Voltsillam', NULL, '2024-02-25 06:02:35', '2024-02-25 06:02:35'),
(39, 186, 33, 'Quo Lux', NULL, '2024-02-25 06:02:35', '2024-02-25 06:02:35'),
(40, 901, 38, 'Stringtough', NULL, '2024-02-25 06:02:35', '2024-02-25 06:02:35'),
(41, 808, 70, 'Hatity', NULL, '2024-02-25 06:02:35', '2024-02-25 06:02:35'),
(42, 500, 160, 'Bamity', NULL, '2024-02-25 06:02:35', '2024-02-25 06:02:35'),
(43, 48, 32, 'Cardify', NULL, '2024-02-25 06:02:35', '2024-02-25 06:02:35'),
(44, 849, 162, 'Home Ing', NULL, '2024-02-25 06:02:35', '2024-02-25 06:02:35'),
(45, 364, 15, 'Opela', NULL, '2024-02-25 06:02:35', '2024-02-25 06:02:35'),
(46, 896, 52, 'Mat Lam Tam', NULL, '2024-02-25 06:02:35', '2024-02-25 06:02:35'),
(47, 571, 199, 'Aerified', NULL, '2024-02-25 06:02:35', '2024-02-25 06:02:35'),
(48, 44, 205, 'Tresom', NULL, '2024-02-25 06:02:35', '2024-02-25 06:02:35'),
(49, 951, 169, 'Flowdesk', NULL, '2024-02-25 06:02:35', '2024-02-25 06:02:35'),
(50, 871, 96, 'Bigtax', NULL, '2024-02-25 06:02:35', '2024-02-25 06:02:35'),
(51, 405, 126, 'Tin', NULL, '2024-02-25 06:02:35', '2024-02-25 06:02:35'),
(52, 838, 12, 'Fintone', NULL, '2024-02-25 06:02:35', '2024-02-25 06:02:35'),
(53, 519, 54, 'Solarbreeze', NULL, '2024-02-25 06:02:35', '2024-02-25 06:02:35'),
(54, 691, 112, 'Biodex', NULL, '2024-02-25 06:02:35', '2024-02-25 06:02:35'),
(55, 722, 20, 'Namfix', NULL, '2024-02-25 06:02:35', '2024-02-25 06:02:35'),
(56, 197, 63, 'Treeflex', NULL, '2024-02-25 06:02:35', '2024-02-25 06:02:35'),
(57, 969, 20, 'Tresom', NULL, '2024-02-25 06:02:35', '2024-02-25 06:02:35'),
(58, 305, 185, 'Kanlam', NULL, '2024-02-25 06:02:35', '2024-02-25 06:02:35'),
(59, 586, 108, 'Asoka', NULL, '2024-02-25 06:02:35', '2024-02-25 06:02:35'),
(60, 582, 50, 'Tresom', NULL, '2024-02-25 06:02:35', '2024-02-25 06:02:35'),
(61, 476, 11, 'Voyatouch', NULL, '2024-02-25 06:02:35', '2024-02-25 06:02:35'),
(62, 402, 194, 'It', NULL, '2024-02-25 06:02:35', '2024-02-25 06:02:35'),
(63, 108, 214, 'Flowdesk', NULL, '2024-02-25 06:02:35', '2024-02-25 06:02:35'),
(64, 1005, 174, 'Prodder', NULL, '2024-02-25 06:02:35', '2024-02-25 06:02:35'),
(65, 958, 105, 'Bitwolf', NULL, '2024-02-25 06:02:35', '2024-02-25 06:02:35'),
(66, 992, 198, 'Keylex', NULL, '2024-02-25 06:02:35', '2024-02-25 06:02:35'),
(67, 118, 173, 'Stringtough', NULL, '2024-02-25 06:02:35', '2024-02-25 06:02:35'),
(68, 719, 168, 'Tres-Zap', NULL, '2024-02-25 06:02:35', '2024-02-25 06:02:35'),
(69, 102, 115, 'Ronstring', NULL, '2024-02-25 06:02:35', '2024-02-25 06:02:35'),
(70, 95, 198, 'Redhold', NULL, '2024-02-25 06:02:35', '2024-02-25 06:02:35'),
(71, 554, 114, 'Holdlamis', NULL, '2024-02-25 06:02:35', '2024-02-25 06:02:35'),
(72, 87, 37, 'Mat Lam Tam', NULL, '2024-02-25 06:02:35', '2024-02-25 06:02:35'),
(73, 118, 72, 'Sub-Ex', NULL, '2024-02-25 06:02:35', '2024-02-25 06:02:35'),
(74, 575, 206, 'It', NULL, '2024-02-25 06:02:35', '2024-02-25 06:02:35'),
(75, 737, 11, 'Regrant', NULL, '2024-02-25 06:02:35', '2024-02-25 06:02:35'),
(76, 723, 58, 'Tresom', NULL, '2024-02-25 06:02:35', '2024-02-25 06:02:35'),
(77, 860, 110, 'Aerified', NULL, '2024-02-25 06:02:35', '2024-02-25 06:02:35'),
(78, 563, 154, 'Konklux', NULL, '2024-02-25 06:02:35', '2024-02-25 06:02:35'),
(79, 3, 168, 'Tresom', NULL, '2024-02-25 06:02:35', '2024-02-25 06:02:35'),
(80, 939, 24, 'Cardguard', NULL, '2024-02-25 06:02:35', '2024-02-25 06:02:35'),
(81, 878, 102, 'Home Ing', NULL, '2024-02-25 06:02:35', '2024-02-25 06:02:35'),
(82, 370, 181, 'Stronghold', NULL, '2024-02-25 06:02:35', '2024-02-25 06:02:35'),
(83, 575, 160, 'Fintone', NULL, '2024-02-25 06:02:35', '2024-02-25 06:02:35'),
(84, 494, 63, 'Duobam', NULL, '2024-02-25 06:02:35', '2024-02-25 06:02:35'),
(85, 822, 54, 'Flexidy', NULL, '2024-02-25 06:02:35', '2024-02-25 06:02:35'),
(86, 729, 211, 'Sonsing', NULL, '2024-02-25 06:02:35', '2024-02-25 06:02:35'),
(87, 139, 125, 'Zaam-Dox', NULL, '2024-02-25 06:02:35', '2024-02-25 06:02:35'),
(88, 535, 173, 'Voltsillam', NULL, '2024-02-25 06:02:35', '2024-02-25 06:02:35'),
(89, 323, 140, 'Toughjoyfax', NULL, '2024-02-25 06:02:35', '2024-02-25 06:02:35'),
(90, 751, 43, 'Asoka', NULL, '2024-02-25 06:02:35', '2024-02-25 06:02:35'),
(91, 725, 124, 'Aerified', NULL, '2024-02-25 06:02:35', '2024-02-25 06:02:35'),
(92, 592, 158, 'Temp', NULL, '2024-02-25 06:02:35', '2024-02-25 06:02:35'),
(93, 142, 221, 'Solarbreeze', NULL, '2024-02-25 06:02:35', '2024-02-25 06:02:35'),
(94, 94, 137, 'Y-Solowarm', NULL, '2024-02-25 06:02:35', '2024-02-25 06:02:35'),
(95, 691, 82, 'Y-Solowarm', NULL, '2024-02-25 06:02:35', '2024-02-25 06:02:35'),
(96, 689, 111, 'Prodder', NULL, '2024-02-25 06:02:35', '2024-02-25 06:02:35'),
(97, 60, 168, 'Stringtough', NULL, '2024-02-25 06:02:35', '2024-02-25 06:02:35'),
(98, 51, 174, 'Toughjoyfax', NULL, '2024-02-25 06:02:35', '2024-02-25 06:02:35'),
(99, 511, 13, 'Bigtax', NULL, '2024-02-25 06:02:35', '2024-02-25 06:02:35'),
(100, 163, 105, 'Fixflex', NULL, '2024-02-25 06:02:35', '2024-02-25 06:02:35'),
(101, 437, 197, 'Toughjoyfax', NULL, '2024-02-25 06:02:35', '2024-02-25 06:02:35'),
(102, 702, 147, 'Greenlam', NULL, '2024-02-25 06:02:35', '2024-02-25 06:02:35'),
(103, 24, 174, 'Zaam-Dox', NULL, '2024-02-25 06:02:35', '2024-02-25 06:02:35'),
(104, 864, 34, 'Tresom', NULL, '2024-02-25 06:02:35', '2024-02-25 06:02:35'),
(105, 700, 9, 'Cookley', NULL, '2024-02-25 06:02:35', '2024-02-25 06:02:35'),
(106, 272, 15, 'Tampflex', NULL, '2024-02-25 06:02:35', '2024-02-25 06:02:35'),
(107, 18, 163, 'Holdlamis', NULL, '2024-02-25 06:02:35', '2024-02-25 06:02:35'),
(108, 266, 55, 'Flexidy', NULL, '2024-02-25 06:02:35', '2024-02-25 06:02:35'),
(109, 1014, 138, 'Greenlam', NULL, '2024-02-25 06:02:35', '2024-02-25 06:02:35'),
(110, 298, 206, 'Voyatouch', NULL, '2024-02-25 06:02:35', '2024-02-25 06:02:35'),
(111, 287, 111, 'Greenlam', NULL, '2024-02-25 06:02:35', '2024-02-25 06:02:35'),
(112, 956, 66, 'Vagram', NULL, '2024-02-25 06:02:35', '2024-02-25 06:02:35'),
(113, 967, 124, 'Fixflex', NULL, '2024-02-25 06:02:35', '2024-02-25 06:02:35'),
(114, 38, 177, 'Transcof', NULL, '2024-02-25 06:02:35', '2024-02-25 06:02:35'),
(115, 269, 9, 'Span', NULL, '2024-02-25 06:02:35', '2024-02-25 06:02:35'),
(116, 699, 220, 'Pannier', NULL, '2024-02-25 06:02:35', '2024-02-25 06:02:35'),
(117, 512, 210, 'Lotlux', NULL, '2024-02-25 06:02:35', '2024-02-25 06:02:35'),
(118, 251, 101, 'Namfix', NULL, '2024-02-25 06:02:35', '2024-02-25 06:02:35'),
(119, 391, 53, 'Tres-Zap', NULL, '2024-02-25 06:02:35', '2024-02-25 06:02:35'),
(120, 966, 197, 'Tres-Zap', NULL, '2024-02-25 06:02:35', '2024-02-25 06:02:35'),
(121, 845, 46, 'Sonsing', NULL, '2024-02-25 06:02:35', '2024-02-25 06:02:35'),
(122, 789, 56, 'Subin', NULL, '2024-02-25 06:02:35', '2024-02-25 06:02:35'),
(123, 30, 1, 'Domainer', NULL, '2024-02-25 06:02:35', '2024-02-25 06:02:35'),
(124, 859, 75, 'Span', NULL, '2024-02-25 06:02:35', '2024-02-25 06:02:35'),
(125, 378, 203, 'Bitchip', NULL, '2024-02-25 06:02:35', '2024-02-25 06:02:35'),
(126, 696, 132, 'Trippledex', NULL, '2024-02-25 06:02:35', '2024-02-25 06:02:35'),
(127, 319, 125, 'Tin', NULL, '2024-02-25 06:02:35', '2024-02-25 06:02:35'),
(128, 616, 83, 'Zoolab', NULL, '2024-02-25 06:02:35', '2024-02-25 06:02:35'),
(129, 722, 186, 'Bytecard', NULL, '2024-02-25 06:02:35', '2024-02-25 06:02:35'),
(130, 259, 155, 'Home Ing', NULL, '2024-02-25 06:02:35', '2024-02-25 06:02:35'),
(131, 962, 81, 'Bamity', NULL, '2024-02-25 06:02:36', '2024-02-25 06:02:36'),
(132, 631, 142, 'Trippledex', NULL, '2024-02-25 06:02:36', '2024-02-25 06:02:36'),
(133, 224, 212, 'Zontrax', NULL, '2024-02-25 06:02:36', '2024-02-25 06:02:36'),
(134, 484, 54, 'Cardify', NULL, '2024-02-25 06:02:36', '2024-02-25 06:02:36'),
(135, 40, 193, 'Flowdesk', NULL, '2024-02-25 06:02:36', '2024-02-25 06:02:36'),
(136, 656, 44, 'Tresom', NULL, '2024-02-25 06:02:36', '2024-02-25 06:02:36'),
(137, 250, 22, 'Latlux', NULL, '2024-02-25 06:02:36', '2024-02-25 06:02:36'),
(138, 438, 121, 'Span', NULL, '2024-02-25 06:02:36', '2024-02-25 06:02:36'),
(139, 974, 141, 'It', NULL, '2024-02-25 06:02:36', '2024-02-25 06:02:36'),
(140, 433, 42, 'Lotstring', NULL, '2024-02-25 06:02:36', '2024-02-25 06:02:36'),
(141, 473, 218, 'Y-Solowarm', NULL, '2024-02-25 06:02:36', '2024-02-25 06:02:36'),
(142, 796, 190, 'Konklab', NULL, '2024-02-25 06:02:36', '2024-02-25 06:02:36'),
(143, 29, 133, 'Subin', NULL, '2024-02-25 06:02:36', '2024-02-25 06:02:36'),
(144, 107, 47, 'Span', NULL, '2024-02-25 06:02:36', '2024-02-25 06:02:36'),
(145, 572, 216, 'Kanlam', NULL, '2024-02-25 06:02:36', '2024-02-25 06:02:36'),
(146, 536, 37, 'Ronstring', NULL, '2024-02-25 06:02:36', '2024-02-25 06:02:36'),
(147, 924, 93, 'Stringtough', NULL, '2024-02-25 06:02:36', '2024-02-25 06:02:36'),
(148, 203, 40, 'Cookley', NULL, '2024-02-25 06:02:36', '2024-02-25 06:02:36'),
(149, 749, 70, 'Cardguard', NULL, '2024-02-25 06:02:36', '2024-02-25 06:02:36'),
(150, 110, 114, 'Transcof', NULL, '2024-02-25 06:02:36', '2024-02-25 06:02:36'),
(151, 475, 131, 'Tres-Zap', NULL, '2024-02-25 06:02:36', '2024-02-25 06:02:36'),
(152, 246, 144, 'Keylex', NULL, '2024-02-25 06:02:36', '2024-02-25 06:02:36'),
(153, 1003, 4, 'Quo Lux', NULL, '2024-02-25 06:02:36', '2024-02-25 06:02:36'),
(154, 728, 132, 'Namfix', NULL, '2024-02-25 06:02:36', '2024-02-25 06:02:36'),
(155, 605, 208, 'Tin', NULL, '2024-02-25 06:02:36', '2024-02-25 06:02:36'),
(156, 648, 222, 'Home Ing', NULL, '2024-02-25 06:02:36', '2024-02-25 06:02:36'),
(157, 61, 70, 'Fintone', NULL, '2024-02-25 06:02:36', '2024-02-25 06:02:36'),
(158, 47, 173, 'Hatity', NULL, '2024-02-25 06:02:36', '2024-02-25 06:02:36'),
(159, 915, 14, 'Bitwolf', NULL, '2024-02-25 06:02:36', '2024-02-25 06:02:36'),
(160, 519, 49, 'Bitchip', NULL, '2024-02-25 06:02:36', '2024-02-25 06:02:36'),
(161, 629, 3, 'Hatity', NULL, '2024-02-25 06:02:36', '2024-02-25 06:02:36'),
(162, 939, 97, 'Bamity', NULL, '2024-02-25 06:02:36', '2024-02-25 06:02:36'),
(163, 207, 209, 'Cardguard', NULL, '2024-02-25 06:02:36', '2024-02-25 06:02:36'),
(164, 893, 32, 'Voltsillam', NULL, '2024-02-25 06:02:36', '2024-02-25 06:02:36'),
(165, 285, 56, 'Alpha', NULL, '2024-02-25 06:02:36', '2024-02-25 06:02:36'),
(166, 153, 111, 'Subin', NULL, '2024-02-25 06:02:36', '2024-02-25 06:02:36'),
(167, 599, 122, 'Bigtax', NULL, '2024-02-25 06:02:36', '2024-02-25 06:02:36'),
(168, 571, 216, 'Otcom', NULL, '2024-02-25 06:02:36', '2024-02-25 06:02:36'),
(169, 68, 113, 'Quo Lux', NULL, '2024-02-25 06:02:36', '2024-02-25 06:02:36'),
(170, 417, 170, 'Fixflex', NULL, '2024-02-25 06:02:36', '2024-02-25 06:02:36'),
(171, 964, 134, 'Wrapsafe', NULL, '2024-02-25 06:02:36', '2024-02-25 06:02:36'),
(172, 547, 99, 'Zontrax', NULL, '2024-02-25 06:02:36', '2024-02-25 06:02:36'),
(173, 843, 42, 'Kanlam', NULL, '2024-02-25 06:02:36', '2024-02-25 06:02:36'),
(174, 343, 168, 'Biodex', NULL, '2024-02-25 06:02:36', '2024-02-25 06:02:36'),
(175, 329, 133, 'Bitwolf', NULL, '2024-02-25 06:02:36', '2024-02-25 06:02:36'),
(176, 317, 165, 'Stringtough', NULL, '2024-02-25 06:02:36', '2024-02-25 06:02:36'),
(177, 968, 65, 'Namfix', NULL, '2024-02-25 06:02:36', '2024-02-25 06:02:36'),
(178, 561, 63, 'Cardify', NULL, '2024-02-25 06:02:36', '2024-02-25 06:02:36'),
(179, 826, 128, 'Temp', NULL, '2024-02-25 06:02:36', '2024-02-25 06:02:36'),
(180, 842, 94, 'Aerified', NULL, '2024-02-25 06:02:36', '2024-02-25 06:02:36'),
(181, 1008, 11, 'Zamit', NULL, '2024-02-25 06:02:36', '2024-02-25 06:02:36'),
(182, 290, 110, 'Matsoft', NULL, '2024-02-25 06:02:36', '2024-02-25 06:02:36'),
(183, 266, 52, 'Tres-Zap', NULL, '2024-02-25 06:02:36', '2024-02-25 06:02:36'),
(184, 726, 198, 'Duobam', NULL, '2024-02-25 06:02:36', '2024-02-25 06:02:36'),
(185, 979, 114, 'Job', NULL, '2024-02-25 06:02:36', '2024-02-25 06:02:36'),
(186, 307, 171, 'Temp', NULL, '2024-02-25 06:02:36', '2024-02-25 06:02:36'),
(187, 471, 136, 'Cardguard', NULL, '2024-02-25 06:02:36', '2024-02-25 06:02:36'),
(188, 550, 208, 'Bamity', NULL, '2024-02-25 06:02:36', '2024-02-25 06:02:36'),
(189, 462, 20, 'Matsoft', NULL, '2024-02-25 06:02:36', '2024-02-25 06:02:36'),
(190, 838, 61, 'Bytecard', NULL, '2024-02-25 06:02:36', '2024-02-25 06:02:36'),
(191, 774, 49, 'Temp', NULL, '2024-02-25 06:02:36', '2024-02-25 06:02:36'),
(192, 995, 43, 'Voyatouch', NULL, '2024-02-25 06:02:36', '2024-02-25 06:02:36'),
(193, 415, 185, 'Home Ing', NULL, '2024-02-25 06:02:36', '2024-02-25 06:02:36'),
(194, 168, 75, 'Stronghold', NULL, '2024-02-25 06:02:36', '2024-02-25 06:02:36'),
(195, 204, 184, 'Job', NULL, '2024-02-25 06:02:36', '2024-02-25 06:02:36'),
(196, 901, 68, 'Trippledex', NULL, '2024-02-25 06:02:36', '2024-02-25 06:02:36'),
(197, 693, 148, 'Zoolab', NULL, '2024-02-25 06:02:36', '2024-02-25 06:02:36'),
(198, 292, 138, 'Bitwolf', NULL, '2024-02-25 06:02:36', '2024-02-25 06:02:36'),
(199, 986, 28, 'Trippledex', NULL, '2024-02-25 06:02:36', '2024-02-25 06:02:36'),
(200, 965, 102, 'Regrant', NULL, '2024-02-25 06:02:36', '2024-02-25 06:02:36'),
(201, 167, 54, 'Zaam-Dox', NULL, '2024-02-25 06:02:36', '2024-02-25 06:02:36'),
(202, 600, 64, 'Voyatouch', NULL, '2024-02-25 06:02:36', '2024-02-25 06:02:36'),
(203, 66, 160, 'Ventosanzap', NULL, '2024-02-25 06:02:36', '2024-02-25 06:02:36'),
(204, 714, 164, 'Viva', NULL, '2024-02-25 06:02:36', '2024-02-25 06:02:36'),
(205, 200, 73, 'Veribet', NULL, '2024-02-25 06:02:36', '2024-02-25 06:02:36'),
(206, 60, 154, 'Tres-Zap', NULL, '2024-02-25 06:02:36', '2024-02-25 06:02:36'),
(207, 576, 127, 'Cardguard', NULL, '2024-02-25 06:02:36', '2024-02-25 06:02:36'),
(208, 840, 213, 'Daltfresh', NULL, '2024-02-25 06:02:36', '2024-02-25 06:02:36'),
(209, 238, 7, 'Ventosanzap', NULL, '2024-02-25 06:02:36', '2024-02-25 06:02:36'),
(210, 969, 141, 'Tresom', NULL, '2024-02-25 06:02:36', '2024-02-25 06:02:36'),
(211, 931, 198, 'Overhold', NULL, '2024-02-25 06:02:36', '2024-02-25 06:02:36'),
(212, 473, 108, 'Stringtough', NULL, '2024-02-25 06:02:36', '2024-02-25 06:02:36'),
(213, 701, 77, 'Tresom', NULL, '2024-02-25 06:02:36', '2024-02-25 06:02:36'),
(214, 147, 118, 'Greenlam', NULL, '2024-02-25 06:02:36', '2024-02-25 06:02:36'),
(215, 759, 162, 'Bigtax', NULL, '2024-02-25 06:02:36', '2024-02-25 06:02:36'),
(216, 154, 144, 'Cardguard', NULL, '2024-02-25 06:02:36', '2024-02-25 06:02:36'),
(217, 414, 97, 'Prodder', NULL, '2024-02-25 06:02:36', '2024-02-25 06:02:36'),
(218, 901, 71, 'Tin', NULL, '2024-02-25 06:02:36', '2024-02-25 06:02:36'),
(219, 210, 122, 'Cardguard', NULL, '2024-02-25 06:02:36', '2024-02-25 06:02:36'),
(220, 549, 30, 'Kanlam', NULL, '2024-02-25 06:02:36', '2024-02-25 06:02:36'),
(221, 917, 61, 'Bamity', NULL, '2024-02-25 06:02:36', '2024-02-25 06:02:36'),
(222, 476, 27, 'Toughjoyfax', NULL, '2024-02-25 06:02:36', '2024-02-25 06:02:36'),
(223, 156, 205, 'Bamity', NULL, '2024-02-25 06:02:36', '2024-02-25 06:02:36'),
(224, 820, 40, 'Ronstring', NULL, '2024-02-25 06:02:37', '2024-02-25 06:02:37'),
(225, 133, 90, 'Tres-Zap', NULL, '2024-02-25 06:02:37', '2024-02-25 06:02:37'),
(226, 521, 146, 'Subin', NULL, '2024-02-25 06:02:37', '2024-02-25 06:02:37'),
(227, 623, 7, 'Vagram', NULL, '2024-02-25 06:02:37', '2024-02-25 06:02:37'),
(228, 864, 188, 'Trippledex', NULL, '2024-02-25 06:02:37', '2024-02-25 06:02:37'),
(229, 217, 121, 'Vagram', NULL, '2024-02-25 06:02:37', '2024-02-25 06:02:37'),
(230, 524, 192, 'Overhold', NULL, '2024-02-25 06:02:37', '2024-02-25 06:02:37'),
(231, 158, 18, 'Lotstring', NULL, '2024-02-25 06:02:37', '2024-02-25 06:02:37'),
(232, 197, 80, 'Y-find', NULL, '2024-02-25 06:02:37', '2024-02-25 06:02:37'),
(233, 326, 184, 'Ronstring', NULL, '2024-02-25 06:02:37', '2024-02-25 06:02:37'),
(234, 511, 32, 'Domainer', NULL, '2024-02-25 06:02:37', '2024-02-25 06:02:37'),
(235, 897, 155, 'Greenlam', NULL, '2024-02-25 06:02:37', '2024-02-25 06:02:37'),
(236, 158, 10, 'Keylex', NULL, '2024-02-25 06:02:37', '2024-02-25 06:02:37'),
(237, 950, 1, 'Namfix', NULL, '2024-02-25 06:02:37', '2024-02-25 06:02:37'),
(238, 304, 181, 'Y-Solowarm', NULL, '2024-02-25 06:02:37', '2024-02-25 06:02:37'),
(239, 932, 198, 'Sub-Ex', NULL, '2024-02-25 06:02:37', '2024-02-25 06:02:37'),
(240, 554, 222, 'Temp', NULL, '2024-02-25 06:02:37', '2024-02-25 06:02:37'),
(241, 664, 195, 'Stim', NULL, '2024-02-25 06:02:37', '2024-02-25 06:02:37'),
(242, 190, 170, 'Y-Solowarm', NULL, '2024-02-25 06:02:37', '2024-02-25 06:02:37'),
(243, 773, 59, 'Stronghold', NULL, '2024-02-25 06:02:37', '2024-02-25 06:02:37'),
(244, 754, 158, 'Domainer', NULL, '2024-02-25 06:02:37', '2024-02-25 06:02:37'),
(245, 610, 15, 'Tres-Zap', NULL, '2024-02-25 06:02:37', '2024-02-25 06:02:37'),
(246, 233, 128, 'Voltsillam', NULL, '2024-02-25 06:02:37', '2024-02-25 06:02:37'),
(247, 981, 220, 'Greenlam', NULL, '2024-02-25 06:02:37', '2024-02-25 06:02:37'),
(248, 528, 189, 'Mat Lam Tam', NULL, '2024-02-25 06:02:37', '2024-02-25 06:02:37'),
(249, 158, 32, 'Bigtax', NULL, '2024-02-25 06:02:37', '2024-02-25 06:02:37'),
(250, 987, 152, 'Trippledex', NULL, '2024-02-25 06:02:37', '2024-02-25 06:02:37'),
(251, 636, 156, 'Voyatouch', NULL, '2024-02-25 06:02:37', '2024-02-25 06:02:37'),
(252, 123, 132, 'Bitchip', NULL, '2024-02-25 06:02:37', '2024-02-25 06:02:37'),
(253, 716, 128, 'Konklab', NULL, '2024-02-25 06:02:37', '2024-02-25 06:02:37'),
(254, 590, 34, 'Ventosanzap', NULL, '2024-02-25 06:02:37', '2024-02-25 06:02:37'),
(255, 893, 117, 'Bytecard', NULL, '2024-02-25 06:02:37', '2024-02-25 06:02:37'),
(256, 86, 139, 'Zathin', NULL, '2024-02-25 06:02:37', '2024-02-25 06:02:37'),
(257, 981, 103, 'Vagram', NULL, '2024-02-25 06:02:37', '2024-02-25 06:02:37'),
(258, 539, 99, 'Konklux', NULL, '2024-02-25 06:02:37', '2024-02-25 06:02:37'),
(259, 510, 144, 'Daltfresh', NULL, '2024-02-25 06:02:37', '2024-02-25 06:02:37'),
(260, 55, 58, 'Stronghold', NULL, '2024-02-25 06:02:37', '2024-02-25 06:02:37'),
(261, 409, 73, 'Asoka', NULL, '2024-02-25 06:02:37', '2024-02-25 06:02:37'),
(262, 552, 95, 'Bytecard', NULL, '2024-02-25 06:02:37', '2024-02-25 06:02:37'),
(263, 690, 60, 'Home Ing', NULL, '2024-02-25 06:02:37', '2024-02-25 06:02:37'),
(264, 339, 33, 'Tres-Zap', NULL, '2024-02-25 06:02:37', '2024-02-25 06:02:37'),
(265, 689, 84, 'Home Ing', NULL, '2024-02-25 06:02:37', '2024-02-25 06:02:37'),
(266, 620, 81, 'Sub-Ex', NULL, '2024-02-25 06:02:37', '2024-02-25 06:02:37'),
(267, 120, 17, 'Treeflex', NULL, '2024-02-25 06:02:37', '2024-02-25 06:02:37'),
(268, 725, 109, 'Fixflex', NULL, '2024-02-25 06:02:37', '2024-02-25 06:02:37'),
(269, 140, 153, 'Fixflex', NULL, '2024-02-25 06:02:37', '2024-02-25 06:02:37'),
(270, 185, 50, 'Wrapsafe', NULL, '2024-02-25 06:02:37', '2024-02-25 06:02:37'),
(271, 151, 126, 'Cookley', NULL, '2024-02-25 06:02:37', '2024-02-25 06:02:37'),
(272, 233, 73, 'Duobam', NULL, '2024-02-25 06:02:37', '2024-02-25 06:02:37'),
(273, 197, 15, 'Job', NULL, '2024-02-25 06:02:37', '2024-02-25 06:02:37'),
(274, 88, 131, 'Voltsillam', NULL, '2024-02-25 06:02:37', '2024-02-25 06:02:37'),
(275, 344, 28, 'Biodex', NULL, '2024-02-25 06:02:37', '2024-02-25 06:02:37'),
(276, 995, 172, 'Tres-Zap', NULL, '2024-02-25 06:02:37', '2024-02-25 06:02:37'),
(277, 773, 154, 'Fixflex', NULL, '2024-02-25 06:02:37', '2024-02-25 06:02:37'),
(278, 381, 44, 'Bitchip', NULL, '2024-02-25 06:02:37', '2024-02-25 06:02:37'),
(279, 838, 11, 'Tempsoft', NULL, '2024-02-25 06:02:37', '2024-02-25 06:02:37'),
(280, 532, 134, 'Namfix', NULL, '2024-02-25 06:02:37', '2024-02-25 06:02:37'),
(281, 916, 144, 'Tin', NULL, '2024-02-25 06:02:37', '2024-02-25 06:02:37'),
(282, 132, 53, 'Zamit', NULL, '2024-02-25 06:02:37', '2024-02-25 06:02:37'),
(283, 614, 169, 'Zathin', NULL, '2024-02-25 06:02:37', '2024-02-25 06:02:37'),
(284, 55, 166, 'Kanlam', NULL, '2024-02-25 06:02:37', '2024-02-25 06:02:37'),
(285, 924, 208, 'Bigtax', NULL, '2024-02-25 06:02:37', '2024-02-25 06:02:37'),
(286, 692, 151, 'Regrant', NULL, '2024-02-25 06:02:37', '2024-02-25 06:02:37'),
(287, 442, 60, 'Transcof', NULL, '2024-02-25 06:02:37', '2024-02-25 06:02:37'),
(288, 707, 114, 'Prodder', NULL, '2024-02-25 06:02:37', '2024-02-25 06:02:37'),
(289, 549, 26, 'Hatity', NULL, '2024-02-25 06:02:37', '2024-02-25 06:02:37'),
(290, 204, 200, 'Holdlamis', NULL, '2024-02-25 06:02:37', '2024-02-25 06:02:37'),
(291, 33, 201, 'Regrant', NULL, '2024-02-25 06:02:37', '2024-02-25 06:02:37'),
(292, 897, 208, 'Tampflex', NULL, '2024-02-25 06:02:37', '2024-02-25 06:02:37'),
(293, 933, 76, 'Zaam-Dox', NULL, '2024-02-25 06:02:37', '2024-02-25 06:02:37'),
(294, 313, 91, 'Voyatouch', NULL, '2024-02-25 06:02:37', '2024-02-25 06:02:37'),
(295, 51, 135, 'Zaam-Dox', NULL, '2024-02-25 06:02:37', '2024-02-25 06:02:37'),
(296, 904, 62, 'Fixflex', NULL, '2024-02-25 06:02:37', '2024-02-25 06:02:37'),
(297, 143, 163, 'Mat Lam Tam', NULL, '2024-02-25 06:02:37', '2024-02-25 06:02:37'),
(298, 102, 104, 'Subin', NULL, '2024-02-25 06:02:37', '2024-02-25 06:02:37'),
(299, 714, 190, 'Biodex', NULL, '2024-02-25 06:02:37', '2024-02-25 06:02:37'),
(300, 856, 45, 'Home Ing', NULL, '2024-02-25 06:02:37', '2024-02-25 06:02:37'),
(301, 283, 120, 'Home Ing', NULL, '2024-02-25 06:02:37', '2024-02-25 06:02:37'),
(302, 676, 36, 'Mat Lam Tam', NULL, '2024-02-25 06:02:37', '2024-02-25 06:02:37'),
(303, 350, 2, 'Bitchip', NULL, '2024-02-25 06:02:37', '2024-02-25 06:02:37'),
(304, 139, 201, 'Toughjoyfax', NULL, '2024-02-25 06:02:37', '2024-02-25 06:02:37'),
(305, 535, 191, 'Latlux', NULL, '2024-02-25 06:02:37', '2024-02-25 06:02:37'),
(306, 390, 221, 'Tempsoft', NULL, '2024-02-25 06:02:37', '2024-02-25 06:02:37'),
(307, 980, 57, 'Cardguard', NULL, '2024-02-25 06:02:37', '2024-02-25 06:02:37'),
(308, 906, 55, 'Vagram', NULL, '2024-02-25 06:02:37', '2024-02-25 06:02:37'),
(309, 887, 55, 'Aerified', NULL, '2024-02-25 06:02:37', '2024-02-25 06:02:37'),
(310, 671, 82, 'Konklab', NULL, '2024-02-25 06:02:37', '2024-02-25 06:02:37'),
(311, 581, 58, 'Fintone', NULL, '2024-02-25 06:02:37', '2024-02-25 06:02:37'),
(312, 808, 105, 'Lotlux', NULL, '2024-02-25 06:02:38', '2024-02-25 06:02:38'),
(313, 349, 156, 'Rank', NULL, '2024-02-25 06:02:38', '2024-02-25 06:02:38'),
(314, 326, 113, 'Zamit', NULL, '2024-02-25 06:02:38', '2024-02-25 06:02:38'),
(315, 773, 8, 'Sonsing', NULL, '2024-02-25 06:02:38', '2024-02-25 06:02:38'),
(316, 599, 8, 'Rank', NULL, '2024-02-25 06:02:38', '2024-02-25 06:02:38'),
(317, 873, 116, 'Cardguard', NULL, '2024-02-25 06:02:38', '2024-02-25 06:02:38'),
(318, 587, 137, 'Home Ing', NULL, '2024-02-25 06:02:38', '2024-02-25 06:02:38'),
(319, 169, 128, 'Cardguard', NULL, '2024-02-25 06:02:38', '2024-02-25 06:02:38'),
(320, 252, 118, 'Stim', NULL, '2024-02-25 06:02:38', '2024-02-25 06:02:38'),
(321, 528, 189, 'Lotstring', NULL, '2024-02-25 06:02:38', '2024-02-25 06:02:38'),
(322, 984, 218, 'Bytecard', NULL, '2024-02-25 06:02:38', '2024-02-25 06:02:38'),
(323, 963, 45, 'Prodder', NULL, '2024-02-25 06:02:38', '2024-02-25 06:02:38'),
(324, 905, 213, 'Zathin', NULL, '2024-02-25 06:02:38', '2024-02-25 06:02:38'),
(325, 929, 54, 'Span', NULL, '2024-02-25 06:02:38', '2024-02-25 06:02:38'),
(326, 399, 13, 'Andalax', NULL, '2024-02-25 06:02:38', '2024-02-25 06:02:38'),
(327, 929, 157, 'Biodex', NULL, '2024-02-25 06:02:38', '2024-02-25 06:02:38'),
(328, 234, 197, 'Zamit', NULL, '2024-02-25 06:02:38', '2024-02-25 06:02:38'),
(329, 81, 203, 'Zamit', NULL, '2024-02-25 06:02:38', '2024-02-25 06:02:38'),
(330, 374, 27, 'Quo Lux', NULL, '2024-02-25 06:02:38', '2024-02-25 06:02:38'),
(331, 989, 104, 'Treeflex', NULL, '2024-02-25 06:02:38', '2024-02-25 06:02:38'),
(332, 593, 85, 'Biodex', NULL, '2024-02-25 06:02:38', '2024-02-25 06:02:38'),
(333, 963, 154, 'Quo Lux', NULL, '2024-02-25 06:02:38', '2024-02-25 06:02:38'),
(334, 748, 7, 'Flowdesk', NULL, '2024-02-25 06:02:38', '2024-02-25 06:02:38'),
(335, 744, 29, 'Stronghold', NULL, '2024-02-25 06:02:38', '2024-02-25 06:02:38'),
(336, 784, 139, 'Wrapsafe', NULL, '2024-02-25 06:02:38', '2024-02-25 06:02:38'),
(337, 470, 207, 'Biodex', NULL, '2024-02-25 06:02:38', '2024-02-25 06:02:38'),
(338, 789, 219, 'Bytecard', NULL, '2024-02-25 06:02:38', '2024-02-25 06:02:38'),
(339, 889, 101, 'Solarbreeze', NULL, '2024-02-25 06:02:38', '2024-02-25 06:02:38'),
(340, 420, 218, 'Domainer', NULL, '2024-02-25 06:02:38', '2024-02-25 06:02:38'),
(341, 341, 218, 'Bamity', NULL, '2024-02-25 06:02:38', '2024-02-25 06:02:38'),
(342, 394, 15, 'Mat Lam Tam', NULL, '2024-02-25 06:02:38', '2024-02-25 06:02:38'),
(343, 599, 56, 'Zoolab', NULL, '2024-02-25 06:02:38', '2024-02-25 06:02:38'),
(344, 1014, 99, 'Job', NULL, '2024-02-25 06:02:38', '2024-02-25 06:02:38'),
(345, 922, 220, 'Y-find', NULL, '2024-02-25 06:02:38', '2024-02-25 06:02:38'),
(346, 413, 2, 'Wrapsafe', NULL, '2024-02-25 06:02:38', '2024-02-25 06:02:38'),
(347, 840, 14, 'Overhold', NULL, '2024-02-25 06:02:38', '2024-02-25 06:02:38'),
(348, 521, 107, 'Fintone', NULL, '2024-02-25 06:02:38', '2024-02-25 06:02:38'),
(349, 154, 208, 'Opela', NULL, '2024-02-25 06:02:38', '2024-02-25 06:02:38'),
(350, 849, 99, 'Tampflex', NULL, '2024-02-25 06:02:38', '2024-02-25 06:02:38'),
(351, 679, 188, 'Quo Lux', NULL, '2024-02-25 06:02:38', '2024-02-25 06:02:38'),
(352, 677, 197, 'Home Ing', NULL, '2024-02-25 06:02:38', '2024-02-25 06:02:38'),
(353, 292, 162, 'Solarbreeze', NULL, '2024-02-25 06:02:38', '2024-02-25 06:02:38'),
(354, 512, 113, 'Konklab', NULL, '2024-02-25 06:02:38', '2024-02-25 06:02:38'),
(355, 357, 152, 'Sonsing', NULL, '2024-02-25 06:02:38', '2024-02-25 06:02:38'),
(356, 561, 106, 'Opela', NULL, '2024-02-25 06:02:38', '2024-02-25 06:02:38'),
(357, 460, 13, 'Subin', NULL, '2024-02-25 06:02:38', '2024-02-25 06:02:38'),
(358, 736, 70, 'Redhold', NULL, '2024-02-25 06:02:38', '2024-02-25 06:02:38'),
(359, 713, 10, 'Y-Solowarm', NULL, '2024-02-25 06:02:38', '2024-02-25 06:02:38'),
(360, 245, 211, 'Namfix', NULL, '2024-02-25 06:02:38', '2024-02-25 06:02:38'),
(361, 736, 25, 'Y-find', NULL, '2024-02-25 06:02:38', '2024-02-25 06:02:38'),
(362, 995, 97, 'Prodder', NULL, '2024-02-25 06:02:38', '2024-02-25 06:02:38'),
(363, 227, 157, 'Bamity', NULL, '2024-02-25 06:02:38', '2024-02-25 06:02:38'),
(364, 85, 164, 'Sonsing', NULL, '2024-02-25 06:02:38', '2024-02-25 06:02:38'),
(365, 672, 87, 'Tresom', NULL, '2024-02-25 06:02:38', '2024-02-25 06:02:38'),
(366, 453, 203, 'Y-find', NULL, '2024-02-25 06:02:38', '2024-02-25 06:02:38'),
(367, 899, 39, 'Bamity', NULL, '2024-02-25 06:02:38', '2024-02-25 06:02:38'),
(368, 713, 137, 'Trippledex', NULL, '2024-02-25 06:02:38', '2024-02-25 06:02:38'),
(369, 9, 64, 'Quo Lux', NULL, '2024-02-25 06:02:38', '2024-02-25 06:02:38'),
(370, 850, 39, 'Quo Lux', NULL, '2024-02-25 06:02:38', '2024-02-25 06:02:38'),
(371, 829, 5, 'Flowdesk', NULL, '2024-02-25 06:02:38', '2024-02-25 06:02:38'),
(372, 442, 180, 'Flowdesk', NULL, '2024-02-25 06:02:38', '2024-02-25 06:02:38'),
(373, 654, 135, 'It', NULL, '2024-02-25 06:02:38', '2024-02-25 06:02:38'),
(374, 946, 157, 'Namfix', NULL, '2024-02-25 06:02:38', '2024-02-25 06:02:38'),
(375, 853, 50, 'Span', NULL, '2024-02-25 06:02:38', '2024-02-25 06:02:38'),
(376, 519, 160, 'Quo Lux', NULL, '2024-02-25 06:02:38', '2024-02-25 06:02:38'),
(377, 759, 118, 'Gembucket', NULL, '2024-02-25 06:02:38', '2024-02-25 06:02:38'),
(378, 782, 58, 'Zontrax', NULL, '2024-02-25 06:02:38', '2024-02-25 06:02:38'),
(379, 656, 17, 'Lotlux', NULL, '2024-02-25 06:02:38', '2024-02-25 06:02:38'),
(380, 310, 216, 'Zontrax', NULL, '2024-02-25 06:02:38', '2024-02-25 06:02:38'),
(381, 203, 179, 'Transcof', NULL, '2024-02-25 06:02:38', '2024-02-25 06:02:38'),
(382, 403, 120, 'Wrapsafe', NULL, '2024-02-25 06:02:38', '2024-02-25 06:02:38'),
(383, 252, 145, 'Hatity', NULL, '2024-02-25 06:02:38', '2024-02-25 06:02:38'),
(384, 505, 29, 'Tres-Zap', NULL, '2024-02-25 06:02:38', '2024-02-25 06:02:38'),
(385, 732, 40, 'Wrapsafe', NULL, '2024-02-25 06:02:38', '2024-02-25 06:02:38'),
(386, 385, 170, 'Subin', NULL, '2024-02-25 06:02:38', '2024-02-25 06:02:38'),
(387, 336, 127, 'Lotstring', NULL, '2024-02-25 06:02:38', '2024-02-25 06:02:38'),
(388, 969, 107, 'Bitwolf', NULL, '2024-02-25 06:02:38', '2024-02-25 06:02:38'),
(389, 522, 46, 'Subin', NULL, '2024-02-25 06:02:38', '2024-02-25 06:02:38'),
(390, 474, 179, 'Aerified', NULL, '2024-02-25 06:02:38', '2024-02-25 06:02:38'),
(391, 90, 139, 'Tempsoft', NULL, '2024-02-25 06:02:38', '2024-02-25 06:02:38'),
(392, 178, 192, 'Greenlam', NULL, '2024-02-25 06:02:38', '2024-02-25 06:02:38'),
(393, 552, 61, 'Zoolab', NULL, '2024-02-25 06:02:38', '2024-02-25 06:02:38'),
(394, 1011, 217, 'Konklux', NULL, '2024-02-25 06:02:38', '2024-02-25 06:02:38'),
(395, 722, 180, 'Stronghold', NULL, '2024-02-25 06:02:38', '2024-02-25 06:02:38'),
(396, 520, 80, 'Daltfresh', NULL, '2024-02-25 06:02:39', '2024-02-25 06:02:39'),
(397, 380, 27, 'Transcof', NULL, '2024-02-25 06:02:39', '2024-02-25 06:02:39'),
(398, 486, 14, 'Job', NULL, '2024-02-25 06:02:39', '2024-02-25 06:02:39'),
(399, 805, 124, 'Duobam', NULL, '2024-02-25 06:02:39', '2024-02-25 06:02:39'),
(400, 60, 110, 'It', NULL, '2024-02-25 06:02:39', '2024-02-25 06:02:39'),
(401, 529, 208, 'Tresom', NULL, '2024-02-25 06:02:39', '2024-02-25 06:02:39'),
(402, 749, 189, 'Zaam-Dox', NULL, '2024-02-25 06:02:39', '2024-02-25 06:02:39'),
(403, 76, 215, 'Matsoft', NULL, '2024-02-25 06:02:39', '2024-02-25 06:02:39'),
(404, 582, 39, 'Andalax', NULL, '2024-02-25 06:02:39', '2024-02-25 06:02:39'),
(405, 1021, 198, 'Flowdesk', NULL, '2024-02-25 06:02:39', '2024-02-25 06:02:39'),
(406, 440, 108, 'Daltfresh', NULL, '2024-02-25 06:02:39', '2024-02-25 06:02:39'),
(407, 739, 146, 'Sonair', NULL, '2024-02-25 06:02:39', '2024-02-25 06:02:39'),
(408, 900, 65, 'Keylex', NULL, '2024-02-25 06:02:39', '2024-02-25 06:02:39'),
(409, 85, 130, 'Rank', NULL, '2024-02-25 06:02:39', '2024-02-25 06:02:39'),
(410, 969, 193, 'Cardguard', NULL, '2024-02-25 06:02:39', '2024-02-25 06:02:39'),
(411, 588, 113, 'Duobam', NULL, '2024-02-25 06:02:39', '2024-02-25 06:02:39'),
(412, 348, 3, 'It', NULL, '2024-02-25 06:02:39', '2024-02-25 06:02:39'),
(413, 736, 84, 'Zaam-Dox', NULL, '2024-02-25 06:02:39', '2024-02-25 06:02:39'),
(414, 64, 63, 'Flowdesk', NULL, '2024-02-25 06:02:39', '2024-02-25 06:02:39'),
(415, 960, 153, 'Overhold', NULL, '2024-02-25 06:02:39', '2024-02-25 06:02:39'),
(416, 668, 80, 'Andalax', NULL, '2024-02-25 06:02:39', '2024-02-25 06:02:39'),
(417, 810, 118, 'Zathin', NULL, '2024-02-25 06:02:39', '2024-02-25 06:02:39'),
(418, 551, 100, 'Sonair', NULL, '2024-02-25 06:02:39', '2024-02-25 06:02:39'),
(419, 443, 138, 'Bitwolf', NULL, '2024-02-25 06:02:39', '2024-02-25 06:02:39'),
(420, 167, 221, 'Span', NULL, '2024-02-25 06:02:39', '2024-02-25 06:02:39'),
(421, 254, 114, 'Kanlam', NULL, '2024-02-25 06:02:39', '2024-02-25 06:02:39'),
(422, 428, 11, 'Rank', NULL, '2024-02-25 06:02:39', '2024-02-25 06:02:39'),
(423, 767, 80, 'Bigtax', NULL, '2024-02-25 06:02:39', '2024-02-25 06:02:39'),
(424, 101, 86, 'Subin', NULL, '2024-02-25 06:02:39', '2024-02-25 06:02:39'),
(425, 202, 203, 'Zoolab', NULL, '2024-02-25 06:02:39', '2024-02-25 06:02:39'),
(426, 768, 199, 'Stim', NULL, '2024-02-25 06:02:39', '2024-02-25 06:02:39'),
(427, 404, 58, 'Zamit', NULL, '2024-02-25 06:02:39', '2024-02-25 06:02:39'),
(428, 808, 82, 'Tempsoft', NULL, '2024-02-25 06:02:39', '2024-02-25 06:02:39'),
(429, 864, 204, 'Vagram', NULL, '2024-02-25 06:02:39', '2024-02-25 06:02:39'),
(430, 789, 60, 'Voyatouch', NULL, '2024-02-25 06:02:39', '2024-02-25 06:02:39'),
(431, 559, 39, 'Cardify', NULL, '2024-02-25 06:02:39', '2024-02-25 06:02:39'),
(432, 1002, 141, 'Namfix', NULL, '2024-02-25 06:02:39', '2024-02-25 06:02:39'),
(433, 167, 125, 'Home Ing', NULL, '2024-02-25 06:02:39', '2024-02-25 06:02:39'),
(434, 462, 198, 'Hatity', NULL, '2024-02-25 06:02:39', '2024-02-25 06:02:39'),
(435, 607, 94, 'Zontrax', NULL, '2024-02-25 06:02:39', '2024-02-25 06:02:39'),
(436, 399, 118, 'Tresom', NULL, '2024-02-25 06:02:39', '2024-02-25 06:02:39'),
(437, 285, 193, 'Tresom', NULL, '2024-02-25 06:02:39', '2024-02-25 06:02:39'),
(438, 163, 28, 'Asoka', NULL, '2024-02-25 06:02:39', '2024-02-25 06:02:39'),
(439, 17, 153, 'Ronstring', NULL, '2024-02-25 06:02:39', '2024-02-25 06:02:39'),
(440, 286, 30, 'Overhold', NULL, '2024-02-25 06:02:39', '2024-02-25 06:02:39'),
(441, 496, 37, 'Zoolab', NULL, '2024-02-25 06:02:39', '2024-02-25 06:02:39'),
(442, 418, 7, 'Span', NULL, '2024-02-25 06:02:39', '2024-02-25 06:02:39'),
(443, 160, 104, 'Trippledex', NULL, '2024-02-25 06:02:39', '2024-02-25 06:02:39'),
(444, 236, 44, 'Tres-Zap', NULL, '2024-02-25 06:02:39', '2024-02-25 06:02:39'),
(445, 112, 136, 'Rank', NULL, '2024-02-25 06:02:39', '2024-02-25 06:02:39'),
(446, 97, 42, 'Konklab', NULL, '2024-02-25 06:02:39', '2024-02-25 06:02:39'),
(447, 408, 113, 'Cardify', NULL, '2024-02-25 06:02:39', '2024-02-25 06:02:39'),
(448, 47, 189, 'Stim', NULL, '2024-02-25 06:02:39', '2024-02-25 06:02:39'),
(449, 534, 131, 'Aerified', NULL, '2024-02-25 06:02:39', '2024-02-25 06:02:39'),
(450, 716, 77, 'Opela', NULL, '2024-02-25 06:02:39', '2024-02-25 06:02:39'),
(451, 564, 11, 'Sonair', NULL, '2024-02-25 06:02:39', '2024-02-25 06:02:39'),
(452, 477, 104, 'Biodex', NULL, '2024-02-25 06:02:39', '2024-02-25 06:02:39'),
(453, 300, 33, 'Quo Lux', NULL, '2024-02-25 06:02:39', '2024-02-25 06:02:39'),
(454, 678, 131, 'Flexidy', NULL, '2024-02-25 06:02:39', '2024-02-25 06:02:39'),
(455, 359, 163, 'Bigtax', NULL, '2024-02-25 06:02:39', '2024-02-25 06:02:39'),
(456, 855, 207, 'Ventosanzap', NULL, '2024-02-25 06:02:39', '2024-02-25 06:02:39'),
(457, 725, 129, 'Cookley', NULL, '2024-02-25 06:02:39', '2024-02-25 06:02:39'),
(458, 393, 110, 'Tempsoft', NULL, '2024-02-25 06:02:39', '2024-02-25 06:02:39'),
(459, 254, 208, 'Cardify', NULL, '2024-02-25 06:02:39', '2024-02-25 06:02:39'),
(460, 180, 140, 'Lotstring', NULL, '2024-02-25 06:02:39', '2024-02-25 06:02:39'),
(461, 977, 90, 'Toughjoyfax', NULL, '2024-02-25 06:02:39', '2024-02-25 06:02:39'),
(462, 129, 50, 'Transcof', NULL, '2024-02-25 06:02:39', '2024-02-25 06:02:39'),
(463, 333, 66, 'Matsoft', NULL, '2024-02-25 06:02:39', '2024-02-25 06:02:39'),
(464, 479, 136, 'Bitwolf', NULL, '2024-02-25 06:02:39', '2024-02-25 06:02:39'),
(465, 547, 140, 'Prodder', NULL, '2024-02-25 06:02:39', '2024-02-25 06:02:39'),
(466, 156, 78, 'Regrant', NULL, '2024-02-25 06:02:39', '2024-02-25 06:02:39'),
(467, 706, 192, 'Stim', NULL, '2024-02-25 06:02:39', '2024-02-25 06:02:39'),
(468, 634, 69, 'Voltsillam', NULL, '2024-02-25 06:02:39', '2024-02-25 06:02:39'),
(469, 139, 8, 'Stronghold', NULL, '2024-02-25 06:02:39', '2024-02-25 06:02:39'),
(470, 876, 50, 'Zoolab', NULL, '2024-02-25 06:02:39', '2024-02-25 06:02:39'),
(471, 937, 76, 'Lotstring', NULL, '2024-02-25 06:02:39', '2024-02-25 06:02:39'),
(472, 240, 165, 'Matsoft', NULL, '2024-02-25 06:02:39', '2024-02-25 06:02:39'),
(473, 459, 126, 'Biodex', NULL, '2024-02-25 06:02:39', '2024-02-25 06:02:39'),
(474, 936, 179, 'Viva', NULL, '2024-02-25 06:02:39', '2024-02-25 06:02:39'),
(475, 458, 100, 'Voyatouch', NULL, '2024-02-25 06:02:39', '2024-02-25 06:02:39'),
(476, 565, 143, 'Subin', NULL, '2024-02-25 06:02:39', '2024-02-25 06:02:39'),
(477, 601, 5, 'Matsoft', NULL, '2024-02-25 06:02:39', '2024-02-25 06:02:39'),
(478, 7, 83, 'Sonsing', NULL, '2024-02-25 06:02:39', '2024-02-25 06:02:39'),
(479, 592, 221, 'Sonsing', NULL, '2024-02-25 06:02:39', '2024-02-25 06:02:39'),
(480, 275, 35, 'Gembucket', NULL, '2024-02-25 06:02:39', '2024-02-25 06:02:39'),
(481, 413, 66, 'Zaam-Dox', NULL, '2024-02-25 06:02:39', '2024-02-25 06:02:39'),
(482, 861, 86, 'It', NULL, '2024-02-25 06:02:39', '2024-02-25 06:02:39'),
(483, 354, 118, 'Wrapsafe', NULL, '2024-02-25 06:02:40', '2024-02-25 06:02:40'),
(484, 16, 141, 'It', NULL, '2024-02-25 06:02:40', '2024-02-25 06:02:40'),
(485, 980, 151, 'Transcof', NULL, '2024-02-25 06:02:40', '2024-02-25 06:02:40'),
(486, 606, 217, 'Tres-Zap', NULL, '2024-02-25 06:02:40', '2024-02-25 06:02:40'),
(487, 896, 86, 'Fintone', NULL, '2024-02-25 06:02:40', '2024-02-25 06:02:40'),
(488, 338, 111, 'Namfix', NULL, '2024-02-25 06:02:40', '2024-02-25 06:02:40'),
(489, 195, 16, 'Aerified', NULL, '2024-02-25 06:02:40', '2024-02-25 06:02:40'),
(490, 214, 211, 'Daltfresh', NULL, '2024-02-25 06:02:40', '2024-02-25 06:02:40'),
(491, 210, 126, 'Sub-Ex', NULL, '2024-02-25 06:02:40', '2024-02-25 06:02:40'),
(492, 206, 88, 'Tres-Zap', NULL, '2024-02-25 06:02:40', '2024-02-25 06:02:40'),
(493, 381, 95, 'Fix San', NULL, '2024-02-25 06:02:40', '2024-02-25 06:02:40'),
(494, 737, 25, 'Duobam', NULL, '2024-02-25 06:02:40', '2024-02-25 06:02:40'),
(495, 156, 79, 'Kanlam', NULL, '2024-02-25 06:02:40', '2024-02-25 06:02:40'),
(496, 878, 38, 'Stronghold', NULL, '2024-02-25 06:02:40', '2024-02-25 06:02:40'),
(497, 971, 69, 'Mat Lam Tam', NULL, '2024-02-25 06:02:40', '2024-02-25 06:02:40'),
(498, 730, 71, 'Overhold', NULL, '2024-02-25 06:02:40', '2024-02-25 06:02:40'),
(499, 198, 138, 'Viva', NULL, '2024-02-25 06:02:40', '2024-02-25 06:02:40'),
(500, 349, 146, 'Cardguard', NULL, '2024-02-25 06:02:40', '2024-02-25 06:02:40'),
(501, 781, 160, 'Aerified', NULL, '2024-02-25 06:02:40', '2024-02-25 06:02:40'),
(502, 81, 200, 'Sub-Ex', NULL, '2024-02-25 06:02:40', '2024-02-25 06:02:40'),
(503, 588, 68, 'Tampflex', NULL, '2024-02-25 06:02:40', '2024-02-25 06:02:40'),
(504, 1014, 63, 'Span', NULL, '2024-02-25 06:02:40', '2024-02-25 06:02:40'),
(505, 177, 163, 'Gembucket', NULL, '2024-02-25 06:02:40', '2024-02-25 06:02:40'),
(506, 328, 173, 'Treeflex', NULL, '2024-02-25 06:02:40', '2024-02-25 06:02:40'),
(507, 902, 142, 'Solarbreeze', NULL, '2024-02-25 06:02:40', '2024-02-25 06:02:40'),
(508, 480, 43, 'Lotlux', NULL, '2024-02-25 06:02:40', '2024-02-25 06:02:40'),
(509, 866, 143, 'Fixflex', NULL, '2024-02-25 06:02:40', '2024-02-25 06:02:40'),
(510, 531, 209, 'Sub-Ex', NULL, '2024-02-25 06:02:40', '2024-02-25 06:02:40'),
(511, 46, 125, 'Viva', NULL, '2024-02-25 06:02:40', '2024-02-25 06:02:40'),
(512, 553, 146, 'Fixflex', NULL, '2024-02-25 06:02:40', '2024-02-25 06:02:40'),
(513, 824, 57, 'Tresom', NULL, '2024-02-25 06:02:40', '2024-02-25 06:02:40'),
(514, 986, 16, 'Bigtax', NULL, '2024-02-25 06:02:40', '2024-02-25 06:02:40'),
(515, 337, 216, 'Rank', NULL, '2024-02-25 06:02:40', '2024-02-25 06:02:40'),
(516, 353, 83, 'Konklux', NULL, '2024-02-25 06:02:40', '2024-02-25 06:02:40'),
(517, 135, 61, 'Toughjoyfax', NULL, '2024-02-25 06:02:40', '2024-02-25 06:02:40'),
(518, 548, 171, 'Trippledex', NULL, '2024-02-25 06:02:40', '2024-02-25 06:02:40'),
(519, 703, 123, 'Bigtax', NULL, '2024-02-25 06:02:40', '2024-02-25 06:02:40'),
(520, 323, 82, 'Home Ing', NULL, '2024-02-25 06:02:40', '2024-02-25 06:02:40'),
(521, 143, 14, 'Aerified', NULL, '2024-02-25 06:02:40', '2024-02-25 06:02:40'),
(522, 638, 84, 'Ventosanzap', NULL, '2024-02-25 06:02:40', '2024-02-25 06:02:40'),
(523, 1005, 81, 'Bytecard', NULL, '2024-02-25 06:02:40', '2024-02-25 06:02:40'),
(524, 102, 127, 'Voyatouch', NULL, '2024-02-25 06:02:40', '2024-02-25 06:02:40'),
(525, 759, 208, 'Temp', NULL, '2024-02-25 06:02:40', '2024-02-25 06:02:40'),
(526, 51, 207, 'Trippledex', NULL, '2024-02-25 06:02:40', '2024-02-25 06:02:40'),
(527, 861, 203, 'Bitchip', NULL, '2024-02-25 06:02:40', '2024-02-25 06:02:40'),
(528, 282, 49, 'Bitchip', NULL, '2024-02-25 06:02:40', '2024-02-25 06:02:40'),
(529, 650, 194, 'Toughjoyfax', NULL, '2024-02-25 06:02:40', '2024-02-25 06:02:40'),
(530, 346, 211, 'Toughjoyfax', NULL, '2024-02-25 06:02:40', '2024-02-25 06:02:40'),
(531, 838, 114, 'Sonsing', NULL, '2024-02-25 06:02:40', '2024-02-25 06:02:40'),
(532, 944, 192, 'Gembucket', NULL, '2024-02-25 06:02:40', '2024-02-25 06:02:40'),
(533, 763, 169, 'Andalax', NULL, '2024-02-25 06:02:40', '2024-02-25 06:02:40'),
(534, 738, 58, 'Hatity', NULL, '2024-02-25 06:02:40', '2024-02-25 06:02:40'),
(535, 488, 24, 'Fintone', NULL, '2024-02-25 06:02:40', '2024-02-25 06:02:40'),
(536, 795, 55, 'Pannier', NULL, '2024-02-25 06:02:40', '2024-02-25 06:02:40'),
(537, 268, 188, 'Duobam', NULL, '2024-02-25 06:02:40', '2024-02-25 06:02:40'),
(538, 175, 129, 'Alphazap', NULL, '2024-02-25 06:02:40', '2024-02-25 06:02:40'),
(539, 960, 81, 'Cardguard', NULL, '2024-02-25 06:02:40', '2024-02-25 06:02:40'),
(540, 685, 209, 'Flowdesk', NULL, '2024-02-25 06:02:40', '2024-02-25 06:02:40'),
(541, 38, 52, 'Fintone', NULL, '2024-02-25 06:02:40', '2024-02-25 06:02:40'),
(542, 762, 128, 'Ventosanzap', NULL, '2024-02-25 06:02:40', '2024-02-25 06:02:40'),
(543, 851, 200, 'Sub-Ex', NULL, '2024-02-25 06:02:40', '2024-02-25 06:02:40'),
(544, 973, 197, 'Alphazap', NULL, '2024-02-25 06:02:40', '2024-02-25 06:02:40'),
(545, 634, 209, 'Latlux', NULL, '2024-02-25 06:02:40', '2024-02-25 06:02:40'),
(546, 528, 148, 'Redhold', NULL, '2024-02-25 06:02:40', '2024-02-25 06:02:40'),
(547, 769, 160, 'Otcom', NULL, '2024-02-25 06:02:40', '2024-02-25 06:02:40'),
(548, 44, 35, 'Zathin', NULL, '2024-02-25 06:02:40', '2024-02-25 06:02:40'),
(549, 638, 113, 'Hatity', NULL, '2024-02-25 06:02:40', '2024-02-25 06:02:40'),
(550, 11, 110, 'Job', NULL, '2024-02-25 06:02:40', '2024-02-25 06:02:40'),
(551, 296, 208, 'Aerified', NULL, '2024-02-25 06:02:40', '2024-02-25 06:02:40'),
(552, 774, 213, 'Temp', NULL, '2024-02-25 06:02:40', '2024-02-25 06:02:40'),
(553, 206, 53, 'Zamit', NULL, '2024-02-25 06:02:40', '2024-02-25 06:02:40'),
(554, 25, 42, 'Lotlux', NULL, '2024-02-25 06:02:40', '2024-02-25 06:02:40'),
(555, 720, 123, 'Stringtough', NULL, '2024-02-25 06:02:40', '2024-02-25 06:02:40'),
(556, 972, 213, 'Prodder', NULL, '2024-02-25 06:02:40', '2024-02-25 06:02:40'),
(557, 496, 173, 'Sonsing', NULL, '2024-02-25 06:02:40', '2024-02-25 06:02:40'),
(558, 402, 31, 'Lotlux', NULL, '2024-02-25 06:02:40', '2024-02-25 06:02:40'),
(559, 752, 11, 'Ronstring', NULL, '2024-02-25 06:02:40', '2024-02-25 06:02:40'),
(560, 455, 139, 'Kanlam', NULL, '2024-02-25 06:02:40', '2024-02-25 06:02:40'),
(561, 82, 160, 'Cardguard', NULL, '2024-02-25 06:02:40', '2024-02-25 06:02:40'),
(562, 560, 106, 'Voltsillam', NULL, '2024-02-25 06:02:40', '2024-02-25 06:02:40'),
(563, 284, 208, 'Tresom', NULL, '2024-02-25 06:02:40', '2024-02-25 06:02:40'),
(564, 996, 162, 'Bamity', NULL, '2024-02-25 06:02:40', '2024-02-25 06:02:40'),
(565, 252, 99, 'Hatity', NULL, '2024-02-25 06:02:40', '2024-02-25 06:02:40'),
(566, 175, 137, 'Veribet', NULL, '2024-02-25 06:02:40', '2024-02-25 06:02:40'),
(567, 231, 60, 'Lotlux', NULL, '2024-02-25 06:02:40', '2024-02-25 06:02:40'),
(568, 275, 87, 'Fintone', NULL, '2024-02-25 06:02:40', '2024-02-25 06:02:40'),
(569, 141, 94, 'Tresom', NULL, '2024-02-25 06:02:40', '2024-02-25 06:02:40'),
(570, 544, 111, 'Toughjoyfax', NULL, '2024-02-25 06:02:40', '2024-02-25 06:02:40'),
(571, 17, 170, 'Veribet', NULL, '2024-02-25 06:02:41', '2024-02-25 06:02:41'),
(572, 628, 54, 'Y-find', NULL, '2024-02-25 06:02:41', '2024-02-25 06:02:41'),
(573, 182, 126, 'Overhold', NULL, '2024-02-25 06:02:41', '2024-02-25 06:02:41'),
(574, 445, 217, 'Bigtax', NULL, '2024-02-25 06:02:41', '2024-02-25 06:02:41'),
(575, 43, 43, 'Regrant', NULL, '2024-02-25 06:02:41', '2024-02-25 06:02:41'),
(576, 362, 134, 'Rank', NULL, '2024-02-25 06:02:41', '2024-02-25 06:02:41'),
(577, 488, 62, 'Cardguard', NULL, '2024-02-25 06:02:41', '2024-02-25 06:02:41'),
(578, 532, 111, 'Matsoft', NULL, '2024-02-25 06:02:41', '2024-02-25 06:02:41'),
(579, 1005, 122, 'Tres-Zap', NULL, '2024-02-25 06:02:41', '2024-02-25 06:02:41'),
(580, 29, 79, 'Tempsoft', NULL, '2024-02-25 06:02:41', '2024-02-25 06:02:41'),
(581, 113, 1, 'Mat Lam Tam', NULL, '2024-02-25 06:02:41', '2024-02-25 06:02:41'),
(582, 886, 129, 'Latlux', NULL, '2024-02-25 06:02:41', '2024-02-25 06:02:41'),
(583, 596, 161, 'Cardguard', NULL, '2024-02-25 06:02:41', '2024-02-25 06:02:41'),
(584, 773, 32, 'Fintone', NULL, '2024-02-25 06:02:41', '2024-02-25 06:02:41'),
(585, 526, 142, 'Mat Lam Tam', NULL, '2024-02-25 06:02:41', '2024-02-25 06:02:41'),
(586, 822, 73, 'Aerified', NULL, '2024-02-25 06:02:41', '2024-02-25 06:02:41'),
(587, 619, 208, 'Hatity', NULL, '2024-02-25 06:02:41', '2024-02-25 06:02:41'),
(588, 865, 13, 'Ventosanzap', NULL, '2024-02-25 06:02:41', '2024-02-25 06:02:41'),
(589, 480, 49, 'It', NULL, '2024-02-25 06:02:41', '2024-02-25 06:02:41'),
(590, 643, 52, 'Stim', NULL, '2024-02-25 06:02:41', '2024-02-25 06:02:41'),
(591, 816, 177, 'Cookley', NULL, '2024-02-25 06:02:41', '2024-02-25 06:02:41'),
(592, 130, 77, 'Fixflex', NULL, '2024-02-25 06:02:41', '2024-02-25 06:02:41'),
(593, 736, 14, 'Stim', NULL, '2024-02-25 06:02:41', '2024-02-25 06:02:41'),
(594, 776, 89, 'Voltsillam', NULL, '2024-02-25 06:02:41', '2024-02-25 06:02:41'),
(595, 557, 183, 'Cookley', NULL, '2024-02-25 06:02:41', '2024-02-25 06:02:41'),
(596, 186, 69, 'Hatity', NULL, '2024-02-25 06:02:41', '2024-02-25 06:02:41'),
(597, 138, 217, 'Fintone', NULL, '2024-02-25 06:02:41', '2024-02-25 06:02:41'),
(598, 578, 175, 'Bamity', NULL, '2024-02-25 06:02:41', '2024-02-25 06:02:41'),
(599, 917, 163, 'Tampflex', NULL, '2024-02-25 06:02:41', '2024-02-25 06:02:41'),
(600, 1001, 119, 'Daltfresh', NULL, '2024-02-25 06:02:41', '2024-02-25 06:02:41'),
(601, 758, 37, 'Ventosanzap', NULL, '2024-02-25 06:02:41', '2024-02-25 06:02:41'),
(602, 477, 109, 'Namfix', NULL, '2024-02-25 06:02:41', '2024-02-25 06:02:41'),
(603, 77, 185, 'Sonair', NULL, '2024-02-25 06:02:41', '2024-02-25 06:02:41'),
(604, 829, 24, 'Greenlam', NULL, '2024-02-25 06:02:41', '2024-02-25 06:02:41'),
(605, 251, 117, 'Treeflex', NULL, '2024-02-25 06:02:41', '2024-02-25 06:02:41'),
(606, 916, 35, 'Quo Lux', NULL, '2024-02-25 06:02:41', '2024-02-25 06:02:41'),
(607, 422, 174, 'Zoolab', NULL, '2024-02-25 06:02:41', '2024-02-25 06:02:41'),
(608, 645, 135, 'Toughjoyfax', NULL, '2024-02-25 06:02:41', '2024-02-25 06:02:41'),
(609, 239, 58, 'Opela', NULL, '2024-02-25 06:02:41', '2024-02-25 06:02:41'),
(610, 232, 70, 'Y-find', NULL, '2024-02-25 06:02:41', '2024-02-25 06:02:41'),
(611, 935, 113, 'Regrant', NULL, '2024-02-25 06:02:41', '2024-02-25 06:02:41'),
(612, 870, 170, 'Overhold', NULL, '2024-02-25 06:02:41', '2024-02-25 06:02:41'),
(613, 816, 167, 'Stronghold', NULL, '2024-02-25 06:02:41', '2024-02-25 06:02:41'),
(614, 46, 46, 'Solarbreeze', NULL, '2024-02-25 06:02:41', '2024-02-25 06:02:41'),
(615, 516, 191, 'Toughjoyfax', NULL, '2024-02-25 06:02:41', '2024-02-25 06:02:41'),
(616, 746, 112, 'Sonair', NULL, '2024-02-25 06:02:41', '2024-02-25 06:02:41'),
(617, 556, 144, 'Hatity', NULL, '2024-02-25 06:02:41', '2024-02-25 06:02:41'),
(618, 12, 154, 'Treeflex', NULL, '2024-02-25 06:02:41', '2024-02-25 06:02:41'),
(619, 509, 55, 'Cookley', NULL, '2024-02-25 06:02:41', '2024-02-25 06:02:41'),
(620, 441, 196, 'Bytecard', NULL, '2024-02-25 06:02:41', '2024-02-25 06:02:41'),
(621, 710, 73, 'Tresom', NULL, '2024-02-25 06:02:41', '2024-02-25 06:02:41'),
(622, 628, 82, 'Stringtough', NULL, '2024-02-25 06:02:41', '2024-02-25 06:02:41'),
(623, 505, 137, 'Y-Solowarm', NULL, '2024-02-25 06:02:41', '2024-02-25 06:02:41'),
(624, 291, 36, 'Zoolab', NULL, '2024-02-25 06:02:41', '2024-02-25 06:02:41'),
(625, 36, 47, 'Zathin', NULL, '2024-02-25 06:02:41', '2024-02-25 06:02:41'),
(626, 429, 64, 'Cookley', NULL, '2024-02-25 06:02:41', '2024-02-25 06:02:41'),
(627, 250, 85, 'Ronstring', NULL, '2024-02-25 06:02:41', '2024-02-25 06:02:41'),
(628, 278, 101, 'Cardify', NULL, '2024-02-25 06:02:41', '2024-02-25 06:02:41'),
(629, 24, 84, 'Fix San', NULL, '2024-02-25 06:02:41', '2024-02-25 06:02:41'),
(630, 816, 61, 'Rank', NULL, '2024-02-25 06:02:41', '2024-02-25 06:02:41'),
(631, 713, 195, 'Bitwolf', NULL, '2024-02-25 06:02:41', '2024-02-25 06:02:41'),
(632, 229, 100, 'Konklux', NULL, '2024-02-25 06:02:41', '2024-02-25 06:02:41'),
(633, 780, 36, 'Greenlam', NULL, '2024-02-25 06:02:41', '2024-02-25 06:02:41'),
(634, 966, 171, 'Stringtough', NULL, '2024-02-25 06:02:41', '2024-02-25 06:02:41'),
(635, 341, 129, 'Ronstring', NULL, '2024-02-25 06:02:42', '2024-02-25 06:02:42'),
(636, 862, 128, 'Matsoft', NULL, '2024-02-25 06:02:42', '2024-02-25 06:02:42'),
(637, 255, 92, 'Vagram', NULL, '2024-02-25 06:02:42', '2024-02-25 06:02:42'),
(638, 457, 174, 'Job', NULL, '2024-02-25 06:02:42', '2024-02-25 06:02:42'),
(639, 615, 194, 'Fixflex', NULL, '2024-02-25 06:02:42', '2024-02-25 06:02:42'),
(640, 567, 114, 'Bitwolf', NULL, '2024-02-25 06:02:42', '2024-02-25 06:02:42'),
(641, 393, 32, 'Viva', NULL, '2024-02-25 06:02:42', '2024-02-25 06:02:42'),
(642, 96, 12, 'Alphazap', NULL, '2024-02-25 06:02:42', '2024-02-25 06:02:42'),
(643, 31, 202, 'Tempsoft', NULL, '2024-02-25 06:02:42', '2024-02-25 06:02:42'),
(644, 765, 27, 'Flowdesk', NULL, '2024-02-25 06:02:42', '2024-02-25 06:02:42');
INSERT INTO `Comments` (`comment_id`, `user_id`, `image_id`, `comment`, `parent_id`, `commented_at`, `updated_at`) VALUES
(645, 597, 67, 'Fixflex', NULL, '2024-02-25 06:02:42', '2024-02-25 06:02:42'),
(646, 113, 176, 'Tres-Zap', NULL, '2024-02-25 06:02:42', '2024-02-25 06:02:42'),
(647, 823, 67, 'Stringtough', NULL, '2024-02-25 06:02:42', '2024-02-25 06:02:42'),
(648, 881, 148, 'Transcof', NULL, '2024-02-25 06:02:42', '2024-02-25 06:02:42'),
(649, 292, 168, 'Bamity', NULL, '2024-02-25 06:02:42', '2024-02-25 06:02:42'),
(650, 438, 20, 'Fintone', NULL, '2024-02-25 06:02:42', '2024-02-25 06:02:42'),
(651, 1011, 43, 'Cardguard', NULL, '2024-02-25 06:02:42', '2024-02-25 06:02:42'),
(652, 190, 56, 'Toughjoyfax', NULL, '2024-02-25 06:02:42', '2024-02-25 06:02:42'),
(653, 511, 92, 'Lotlux', NULL, '2024-02-25 06:02:42', '2024-02-25 06:02:42'),
(654, 450, 128, 'Tin', NULL, '2024-02-25 06:02:42', '2024-02-25 06:02:42'),
(655, 37, 6, 'Greenlam', NULL, '2024-02-25 06:02:42', '2024-02-25 06:02:42'),
(656, 260, 152, 'Zontrax', NULL, '2024-02-25 06:02:42', '2024-02-25 06:02:42'),
(657, 794, 129, 'Otcom', NULL, '2024-02-25 06:02:42', '2024-02-25 06:02:42'),
(658, 196, 115, 'Kanlam', NULL, '2024-02-25 06:02:42', '2024-02-25 06:02:42'),
(659, 270, 35, 'Stringtough', NULL, '2024-02-25 06:02:42', '2024-02-25 06:02:42'),
(660, 877, 173, 'Latlux', NULL, '2024-02-25 06:02:42', '2024-02-25 06:02:42'),
(661, 881, 59, 'Wrapsafe', NULL, '2024-02-25 06:02:42', '2024-02-25 06:02:42'),
(662, 714, 2, 'Prodder', NULL, '2024-02-25 06:02:42', '2024-02-25 06:02:42'),
(663, 628, 55, 'Fixflex', NULL, '2024-02-25 06:02:42', '2024-02-25 06:02:42'),
(664, 238, 153, 'Aerified', NULL, '2024-02-25 06:02:42', '2024-02-25 06:02:42'),
(665, 765, 68, 'Konklux', NULL, '2024-02-25 06:02:42', '2024-02-25 06:02:42'),
(666, 806, 167, 'Hatity', NULL, '2024-02-25 06:02:42', '2024-02-25 06:02:42'),
(667, 315, 111, 'Vagram', NULL, '2024-02-25 06:02:42', '2024-02-25 06:02:42'),
(668, 312, 150, 'Flowdesk', NULL, '2024-02-25 06:02:42', '2024-02-25 06:02:42'),
(669, 613, 20, 'Trippledex', NULL, '2024-02-25 06:02:42', '2024-02-25 06:02:42'),
(670, 51, 49, 'Andalax', NULL, '2024-02-25 06:02:42', '2024-02-25 06:02:42'),
(671, 767, 140, 'Fix San', NULL, '2024-02-25 06:02:42', '2024-02-25 06:02:42'),
(672, 947, 204, 'Tin', NULL, '2024-02-25 06:02:42', '2024-02-25 06:02:42'),
(673, 630, 202, 'Kanlam', NULL, '2024-02-25 06:02:42', '2024-02-25 06:02:42'),
(674, 396, 126, 'Lotlux', NULL, '2024-02-25 06:02:42', '2024-02-25 06:02:42'),
(675, 235, 146, 'Cardguard', NULL, '2024-02-25 06:02:42', '2024-02-25 06:02:42'),
(676, 55, 194, 'Ventosanzap', NULL, '2024-02-25 06:02:42', '2024-02-25 06:02:42'),
(677, 167, 185, 'Solarbreeze', NULL, '2024-02-25 06:02:42', '2024-02-25 06:02:42'),
(678, 526, 12, 'Lotstring', NULL, '2024-02-25 06:02:42', '2024-02-25 06:02:42'),
(679, 297, 48, 'Alpha', NULL, '2024-02-25 06:02:42', '2024-02-25 06:02:42'),
(680, 995, 65, 'Overhold', NULL, '2024-02-25 06:02:42', '2024-02-25 06:02:42'),
(681, 361, 111, 'Bytecard', NULL, '2024-02-25 06:02:42', '2024-02-25 06:02:42'),
(682, 644, 91, 'Holdlamis', NULL, '2024-02-25 06:02:42', '2024-02-25 06:02:42'),
(683, 976, 155, 'Bitchip', NULL, '2024-02-25 06:02:42', '2024-02-25 06:02:42'),
(684, 786, 104, 'Home Ing', NULL, '2024-02-25 06:02:42', '2024-02-25 06:02:42'),
(685, 952, 25, 'Transcof', NULL, '2024-02-25 06:02:42', '2024-02-25 06:02:42'),
(686, 549, 139, 'Zathin', NULL, '2024-02-25 06:02:42', '2024-02-25 06:02:42'),
(687, 121, 16, 'Fintone', NULL, '2024-02-25 06:02:42', '2024-02-25 06:02:42'),
(688, 730, 113, 'Tresom', NULL, '2024-02-25 06:02:42', '2024-02-25 06:02:42'),
(689, 806, 182, 'Daltfresh', NULL, '2024-02-25 06:02:42', '2024-02-25 06:02:42'),
(690, 552, 18, 'Matsoft', NULL, '2024-02-25 06:02:42', '2024-02-25 06:02:42'),
(691, 991, 213, 'Treeflex', NULL, '2024-02-25 06:02:42', '2024-02-25 06:02:42'),
(692, 740, 167, 'Tampflex', NULL, '2024-02-25 06:02:42', '2024-02-25 06:02:42'),
(693, 933, 220, 'Lotstring', NULL, '2024-02-25 06:02:42', '2024-02-25 06:02:42'),
(694, 571, 90, 'Latlux', NULL, '2024-02-25 06:02:42', '2024-02-25 06:02:42'),
(695, 817, 203, 'Latlux', NULL, '2024-02-25 06:02:42', '2024-02-25 06:02:42'),
(696, 34, 155, 'Lotlux', NULL, '2024-02-25 06:02:42', '2024-02-25 06:02:42'),
(697, 1004, 82, 'Bitwolf', NULL, '2024-02-25 06:02:42', '2024-02-25 06:02:42'),
(698, 287, 122, 'Domainer', NULL, '2024-02-25 06:02:42', '2024-02-25 06:02:42'),
(699, 314, 151, 'Voyatouch', NULL, '2024-02-25 06:02:42', '2024-02-25 06:02:42'),
(700, 152, 93, 'Vagram', NULL, '2024-02-25 06:02:42', '2024-02-25 06:02:42'),
(701, 954, 111, 'Home Ing', NULL, '2024-02-25 06:02:42', '2024-02-25 06:02:42'),
(702, 601, 52, 'Biodex', NULL, '2024-02-25 06:02:42', '2024-02-25 06:02:42'),
(703, 78, 67, 'Zoolab', NULL, '2024-02-25 06:02:42', '2024-02-25 06:02:42'),
(704, 397, 181, 'Trippledex', NULL, '2024-02-25 06:02:42', '2024-02-25 06:02:42'),
(705, 4, 135, 'Ronstring', NULL, '2024-02-25 06:02:42', '2024-02-25 06:02:42'),
(706, 21, 130, 'Quo Lux', NULL, '2024-02-25 06:02:42', '2024-02-25 06:02:42'),
(707, 940, 88, 'Keylex', NULL, '2024-02-25 06:02:42', '2024-02-25 06:02:42'),
(708, 681, 48, 'Zamit', NULL, '2024-02-25 06:02:42', '2024-02-25 06:02:42'),
(709, 731, 193, 'Y-Solowarm', NULL, '2024-02-25 06:02:42', '2024-02-25 06:02:42'),
(710, 185, 96, 'Keylex', NULL, '2024-02-25 06:02:42', '2024-02-25 06:02:42'),
(711, 165, 167, 'Quo Lux', NULL, '2024-02-25 06:02:42', '2024-02-25 06:02:42'),
(712, 333, 6, 'Zoolab', NULL, '2024-02-25 06:02:42', '2024-02-25 06:02:42'),
(713, 627, 77, 'Kanlam', NULL, '2024-02-25 06:02:42', '2024-02-25 06:02:42'),
(714, 210, 214, 'Solarbreeze', NULL, '2024-02-25 06:02:42', '2024-02-25 06:02:42'),
(715, 413, 92, 'Matsoft', NULL, '2024-02-25 06:02:42', '2024-02-25 06:02:42'),
(716, 232, 14, 'Sonair', NULL, '2024-02-25 06:02:42', '2024-02-25 06:02:42'),
(717, 875, 28, 'Stronghold', NULL, '2024-02-25 06:02:42', '2024-02-25 06:02:42'),
(718, 684, 80, 'Duobam', NULL, '2024-02-25 06:02:42', '2024-02-25 06:02:42'),
(719, 889, 222, 'Voltsillam', NULL, '2024-02-25 06:02:42', '2024-02-25 06:02:42'),
(720, 348, 150, 'Stim', NULL, '2024-02-25 06:02:42', '2024-02-25 06:02:42'),
(721, 563, 187, 'Tempsoft', NULL, '2024-02-25 06:02:42', '2024-02-25 06:02:42'),
(722, 994, 47, 'Aerified', NULL, '2024-02-25 06:02:42', '2024-02-25 06:02:42'),
(723, 354, 140, 'Fintone', NULL, '2024-02-25 06:02:42', '2024-02-25 06:02:42'),
(724, 424, 71, 'Asoka', NULL, '2024-02-25 06:02:42', '2024-02-25 06:02:42'),
(725, 184, 161, 'Bitchip', NULL, '2024-02-25 06:02:43', '2024-02-25 06:02:43'),
(726, 504, 65, 'Daltfresh', NULL, '2024-02-25 06:02:43', '2024-02-25 06:02:43'),
(727, 916, 135, 'Opela', NULL, '2024-02-25 06:02:43', '2024-02-25 06:02:43'),
(728, 746, 76, 'Stim', NULL, '2024-02-25 06:02:43', '2024-02-25 06:02:43'),
(729, 394, 156, 'Andalax', NULL, '2024-02-25 06:02:43', '2024-02-25 06:02:43'),
(730, 670, 64, 'Stim', NULL, '2024-02-25 06:02:43', '2024-02-25 06:02:43'),
(731, 780, 117, 'Temp', NULL, '2024-02-25 06:02:43', '2024-02-25 06:02:43'),
(732, 100, 51, 'Y-find', NULL, '2024-02-25 06:02:43', '2024-02-25 06:02:43'),
(733, 885, 31, 'Bamity', NULL, '2024-02-25 06:02:43', '2024-02-25 06:02:43'),
(734, 220, 50, 'Sub-Ex', NULL, '2024-02-25 06:02:43', '2024-02-25 06:02:43'),
(735, 803, 89, 'Sonair', NULL, '2024-02-25 06:02:43', '2024-02-25 06:02:43'),
(736, 544, 173, 'Andalax', NULL, '2024-02-25 06:02:43', '2024-02-25 06:02:43'),
(737, 549, 165, 'Rank', NULL, '2024-02-25 06:02:43', '2024-02-25 06:02:43'),
(738, 421, 164, 'Hatity', NULL, '2024-02-25 06:02:43', '2024-02-25 06:02:43'),
(739, 891, 146, 'Veribet', NULL, '2024-02-25 06:02:43', '2024-02-25 06:02:43'),
(740, 431, 159, 'Voltsillam', NULL, '2024-02-25 06:02:43', '2024-02-25 06:02:43'),
(741, 982, 37, 'Stim', NULL, '2024-02-25 06:02:43', '2024-02-25 06:02:43'),
(742, 1000, 84, 'Alphazap', NULL, '2024-02-25 06:02:43', '2024-02-25 06:02:43'),
(743, 361, 97, 'Matsoft', NULL, '2024-02-25 06:02:43', '2024-02-25 06:02:43'),
(744, 735, 200, 'Bitwolf', NULL, '2024-02-25 06:02:43', '2024-02-25 06:02:43'),
(745, 374, 32, 'Ventosanzap', NULL, '2024-02-25 06:02:43', '2024-02-25 06:02:43'),
(746, 452, 195, 'Rank', NULL, '2024-02-25 06:02:43', '2024-02-25 06:02:43'),
(747, 949, 50, 'Bitwolf', NULL, '2024-02-25 06:02:43', '2024-02-25 06:02:43'),
(748, 11, 9, 'Gembucket', NULL, '2024-02-25 06:02:43', '2024-02-25 06:02:43'),
(749, 352, 83, 'Sonsing', NULL, '2024-02-25 06:02:43', '2024-02-25 06:02:43'),
(750, 191, 9, 'Home Ing', NULL, '2024-02-25 06:02:43', '2024-02-25 06:02:43'),
(751, 119, 119, 'Opela', NULL, '2024-02-25 06:02:43', '2024-02-25 06:02:43'),
(752, 452, 130, 'Rank', NULL, '2024-02-25 06:02:43', '2024-02-25 06:02:43'),
(753, 838, 181, 'Stringtough', NULL, '2024-02-25 06:02:43', '2024-02-25 06:02:43'),
(754, 229, 21, 'Bitchip', NULL, '2024-02-25 06:02:43', '2024-02-25 06:02:43'),
(755, 625, 88, 'Transcof', NULL, '2024-02-25 06:02:43', '2024-02-25 06:02:43'),
(756, 860, 172, 'Sonsing', NULL, '2024-02-25 06:02:43', '2024-02-25 06:02:43'),
(757, 862, 82, 'Cookley', NULL, '2024-02-25 06:02:43', '2024-02-25 06:02:43'),
(758, 865, 9, 'Zaam-Dox', NULL, '2024-02-25 06:02:43', '2024-02-25 06:02:43'),
(759, 176, 102, 'Lotstring', NULL, '2024-02-25 06:02:43', '2024-02-25 06:02:43'),
(760, 540, 92, 'Voltsillam', NULL, '2024-02-25 06:02:43', '2024-02-25 06:02:43'),
(761, 734, 58, 'Regrant', NULL, '2024-02-25 06:02:43', '2024-02-25 06:02:43'),
(762, 214, 63, 'Job', NULL, '2024-02-25 06:02:43', '2024-02-25 06:02:43'),
(763, 943, 24, 'It', NULL, '2024-02-25 06:02:43', '2024-02-25 06:02:43'),
(764, 299, 139, 'Stringtough', NULL, '2024-02-25 06:02:43', '2024-02-25 06:02:43'),
(765, 227, 136, 'Cardguard', NULL, '2024-02-25 06:02:43', '2024-02-25 06:02:43'),
(766, 373, 59, 'It', NULL, '2024-02-25 06:02:43', '2024-02-25 06:02:43'),
(767, 935, 131, 'Duobam', NULL, '2024-02-25 06:02:43', '2024-02-25 06:02:43'),
(768, 405, 42, 'Pannier', NULL, '2024-02-25 06:02:43', '2024-02-25 06:02:43'),
(769, 969, 189, 'Veribet', NULL, '2024-02-25 06:02:43', '2024-02-25 06:02:43'),
(770, 716, 190, 'Tempsoft', NULL, '2024-02-25 06:02:43', '2024-02-25 06:02:43'),
(771, 626, 104, 'Andalax', NULL, '2024-02-25 06:02:43', '2024-02-25 06:02:43'),
(772, 206, 84, 'Gembucket', NULL, '2024-02-25 06:02:43', '2024-02-25 06:02:43'),
(773, 220, 26, 'Fixflex', NULL, '2024-02-25 06:02:43', '2024-02-25 06:02:43'),
(774, 1023, 210, 'Transcof', NULL, '2024-02-25 06:02:43', '2024-02-25 06:02:43'),
(775, 556, 92, 'Ventosanzap', NULL, '2024-02-25 06:02:43', '2024-02-25 06:02:43'),
(776, 422, 110, 'Greenlam', NULL, '2024-02-25 06:02:43', '2024-02-25 06:02:43'),
(777, 838, 218, 'Y-Solowarm', NULL, '2024-02-25 06:02:43', '2024-02-25 06:02:43'),
(778, 936, 61, 'Namfix', NULL, '2024-02-25 06:02:43', '2024-02-25 06:02:43'),
(779, 120, 140, 'Voyatouch', NULL, '2024-02-25 06:02:43', '2024-02-25 06:02:43'),
(780, 322, 48, 'Alphazap', NULL, '2024-02-25 06:02:43', '2024-02-25 06:02:43'),
(781, 527, 39, 'Keylex', NULL, '2024-02-25 06:02:43', '2024-02-25 06:02:43'),
(782, 977, 14, 'Home Ing', NULL, '2024-02-25 06:02:43', '2024-02-25 06:02:43'),
(783, 863, 152, 'Mat Lam Tam', NULL, '2024-02-25 06:02:43', '2024-02-25 06:02:43'),
(784, 622, 159, 'Bitchip', NULL, '2024-02-25 06:02:43', '2024-02-25 06:02:43'),
(785, 906, 20, 'Aerified', NULL, '2024-02-25 06:02:43', '2024-02-25 06:02:43'),
(786, 848, 152, 'Quo Lux', NULL, '2024-02-25 06:02:43', '2024-02-25 06:02:43'),
(787, 628, 130, 'Cardify', NULL, '2024-02-25 06:02:43', '2024-02-25 06:02:43'),
(788, 348, 17, 'Toughjoyfax', NULL, '2024-02-25 06:02:43', '2024-02-25 06:02:43'),
(789, 611, 8, 'Toughjoyfax', NULL, '2024-02-25 06:02:43', '2024-02-25 06:02:43'),
(790, 712, 183, 'Temp', NULL, '2024-02-25 06:02:43', '2024-02-25 06:02:43'),
(791, 39, 17, 'Stringtough', NULL, '2024-02-25 06:02:43', '2024-02-25 06:02:43'),
(792, 757, 210, 'Viva', NULL, '2024-02-25 06:02:43', '2024-02-25 06:02:43'),
(793, 353, 39, 'It', NULL, '2024-02-25 06:02:43', '2024-02-25 06:02:43'),
(794, 690, 167, 'Pannier', NULL, '2024-02-25 06:02:43', '2024-02-25 06:02:43'),
(795, 717, 213, 'Zathin', NULL, '2024-02-25 06:02:43', '2024-02-25 06:02:43'),
(796, 1011, 219, 'Sonsing', NULL, '2024-02-25 06:02:43', '2024-02-25 06:02:43'),
(797, 955, 17, 'Tempsoft', NULL, '2024-02-25 06:02:43', '2024-02-25 06:02:43'),
(798, 671, 76, 'Fintone', NULL, '2024-02-25 06:02:43', '2024-02-25 06:02:43'),
(799, 102, 202, 'Home Ing', NULL, '2024-02-25 06:02:43', '2024-02-25 06:02:43'),
(800, 838, 45, 'Zathin', NULL, '2024-02-25 06:02:43', '2024-02-25 06:02:43'),
(801, 581, 190, 'Span', NULL, '2024-02-25 06:02:43', '2024-02-25 06:02:43'),
(802, 580, 135, 'Kanlam', NULL, '2024-02-25 06:02:43', '2024-02-25 06:02:43'),
(803, 247, 121, 'Home Ing', NULL, '2024-02-25 06:02:43', '2024-02-25 06:02:43'),
(804, 849, 114, 'Quo Lux', NULL, '2024-02-25 06:02:43', '2024-02-25 06:02:43'),
(805, 327, 130, 'Bitwolf', NULL, '2024-02-25 06:02:43', '2024-02-25 06:02:43'),
(806, 251, 202, 'Wrapsafe', NULL, '2024-02-25 06:02:43', '2024-02-25 06:02:43'),
(807, 105, 186, 'Andalax', NULL, '2024-02-25 06:02:43', '2024-02-25 06:02:43'),
(808, 202, 47, 'Matsoft', NULL, '2024-02-25 06:02:43', '2024-02-25 06:02:43'),
(809, 510, 89, 'Rank', NULL, '2024-02-25 06:02:43', '2024-02-25 06:02:43'),
(810, 935, 83, 'Bamity', NULL, '2024-02-25 06:02:44', '2024-02-25 06:02:44'),
(811, 36, 138, 'Mat Lam Tam', NULL, '2024-02-25 06:02:44', '2024-02-25 06:02:44'),
(812, 194, 186, 'Stringtough', NULL, '2024-02-25 06:02:44', '2024-02-25 06:02:44'),
(813, 949, 146, 'Opela', NULL, '2024-02-25 06:02:44', '2024-02-25 06:02:44'),
(814, 955, 175, 'Greenlam', NULL, '2024-02-25 06:02:44', '2024-02-25 06:02:44'),
(815, 699, 94, 'Mat Lam Tam', NULL, '2024-02-25 06:02:44', '2024-02-25 06:02:44'),
(816, 919, 54, 'Alphazap', NULL, '2024-02-25 06:02:44', '2024-02-25 06:02:44'),
(817, 534, 203, 'Hatity', NULL, '2024-02-25 06:02:44', '2024-02-25 06:02:44'),
(818, 138, 138, 'Treeflex', NULL, '2024-02-25 06:02:44', '2024-02-25 06:02:44'),
(819, 248, 59, 'Veribet', NULL, '2024-02-25 06:02:44', '2024-02-25 06:02:44'),
(820, 333, 21, 'Span', NULL, '2024-02-25 06:02:44', '2024-02-25 06:02:44'),
(821, 176, 16, 'Prodder', NULL, '2024-02-25 06:02:44', '2024-02-25 06:02:44'),
(822, 797, 216, 'Span', NULL, '2024-02-25 06:02:44', '2024-02-25 06:02:44'),
(823, 610, 18, 'Span', NULL, '2024-02-25 06:02:44', '2024-02-25 06:02:44'),
(824, 410, 13, 'Ventosanzap', NULL, '2024-02-25 06:02:44', '2024-02-25 06:02:44'),
(825, 337, 149, 'Home Ing', NULL, '2024-02-25 06:02:44', '2024-02-25 06:02:44'),
(826, 284, 87, 'Y-find', NULL, '2024-02-25 06:02:44', '2024-02-25 06:02:44'),
(827, 436, 1, 'Tresom', NULL, '2024-02-25 06:02:44', '2024-02-25 06:02:44'),
(828, 529, 162, 'Voltsillam', NULL, '2024-02-25 06:02:44', '2024-02-25 06:02:44'),
(829, 229, 53, 'Zathin', NULL, '2024-02-25 06:02:44', '2024-02-25 06:02:44'),
(830, 1023, 77, 'Flowdesk', NULL, '2024-02-25 06:02:44', '2024-02-25 06:02:44'),
(831, 69, 210, 'Stim', NULL, '2024-02-25 06:02:44', '2024-02-25 06:02:44'),
(832, 1001, 144, 'Fix San', NULL, '2024-02-25 06:02:44', '2024-02-25 06:02:44'),
(833, 680, 203, 'Tampflex', NULL, '2024-02-25 06:02:44', '2024-02-25 06:02:44'),
(834, 480, 74, 'Zamit', NULL, '2024-02-25 06:02:44', '2024-02-25 06:02:44'),
(835, 250, 9, 'Job', NULL, '2024-02-25 06:02:44', '2024-02-25 06:02:44'),
(836, 940, 103, 'Sonair', NULL, '2024-02-25 06:02:44', '2024-02-25 06:02:44'),
(837, 350, 94, 'Konklab', NULL, '2024-02-25 06:02:44', '2024-02-25 06:02:44'),
(838, 411, 62, 'Duobam', NULL, '2024-02-25 06:02:44', '2024-02-25 06:02:44'),
(839, 759, 138, 'Tempsoft', NULL, '2024-02-25 06:02:44', '2024-02-25 06:02:44'),
(840, 332, 218, 'Y-Solowarm', NULL, '2024-02-25 06:02:44', '2024-02-25 06:02:44'),
(841, 905, 159, 'Subin', NULL, '2024-02-25 06:02:44', '2024-02-25 06:02:44'),
(842, 982, 127, 'Wrapsafe', NULL, '2024-02-25 06:02:44', '2024-02-25 06:02:44'),
(843, 542, 106, 'Mat Lam Tam', NULL, '2024-02-25 06:02:44', '2024-02-25 06:02:44'),
(844, 704, 114, 'Y-find', NULL, '2024-02-25 06:02:44', '2024-02-25 06:02:44'),
(845, 477, 28, 'Domainer', NULL, '2024-02-25 06:02:44', '2024-02-25 06:02:44'),
(846, 640, 49, 'Otcom', NULL, '2024-02-25 06:02:44', '2024-02-25 06:02:44'),
(847, 649, 74, 'Bitchip', NULL, '2024-02-25 06:02:44', '2024-02-25 06:02:44'),
(848, 38, 68, 'Latlux', NULL, '2024-02-25 06:02:44', '2024-02-25 06:02:44'),
(849, 602, 178, 'Solarbreeze', NULL, '2024-02-25 06:02:44', '2024-02-25 06:02:44'),
(850, 594, 65, 'Stronghold', NULL, '2024-02-25 06:02:44', '2024-02-25 06:02:44'),
(851, 584, 212, 'Asoka', NULL, '2024-02-25 06:02:44', '2024-02-25 06:02:44'),
(852, 985, 200, 'Latlux', NULL, '2024-02-25 06:02:44', '2024-02-25 06:02:44'),
(853, 808, 186, 'Stringtough', NULL, '2024-02-25 06:02:44', '2024-02-25 06:02:44'),
(854, 524, 2, 'Andalax', NULL, '2024-02-25 06:02:44', '2024-02-25 06:02:44'),
(855, 547, 51, 'Veribet', NULL, '2024-02-25 06:02:44', '2024-02-25 06:02:44'),
(856, 104, 158, 'Konklab', NULL, '2024-02-25 06:02:44', '2024-02-25 06:02:44'),
(857, 635, 166, 'Ronstring', NULL, '2024-02-25 06:02:44', '2024-02-25 06:02:44'),
(858, 995, 161, 'Span', NULL, '2024-02-25 06:02:44', '2024-02-25 06:02:44'),
(859, 377, 80, 'Fixflex', NULL, '2024-02-25 06:02:44', '2024-02-25 06:02:44'),
(860, 160, 125, 'Voltsillam', NULL, '2024-02-25 06:02:44', '2024-02-25 06:02:44'),
(861, 797, 190, 'Flowdesk', NULL, '2024-02-25 06:02:44', '2024-02-25 06:02:44'),
(862, 484, 113, 'Flexidy', NULL, '2024-02-25 06:02:44', '2024-02-25 06:02:44'),
(863, 279, 56, 'Mat Lam Tam', NULL, '2024-02-25 06:02:44', '2024-02-25 06:02:44'),
(864, 831, 203, 'Greenlam', NULL, '2024-02-25 06:02:44', '2024-02-25 06:02:44'),
(865, 144, 21, 'Viva', NULL, '2024-02-25 06:02:44', '2024-02-25 06:02:44'),
(866, 229, 33, 'Sonsing', NULL, '2024-02-25 06:02:44', '2024-02-25 06:02:44'),
(867, 42, 53, 'Tres-Zap', NULL, '2024-02-25 06:02:44', '2024-02-25 06:02:44'),
(868, 147, 171, 'Sonsing', NULL, '2024-02-25 06:02:44', '2024-02-25 06:02:44'),
(869, 491, 46, 'Transcof', NULL, '2024-02-25 06:02:44', '2024-02-25 06:02:44'),
(870, 643, 106, 'Sonsing', NULL, '2024-02-25 06:02:44', '2024-02-25 06:02:44'),
(871, 713, 23, 'Regrant', NULL, '2024-02-25 06:02:44', '2024-02-25 06:02:44'),
(872, 971, 93, 'Kanlam', NULL, '2024-02-25 06:02:44', '2024-02-25 06:02:44'),
(873, 804, 147, 'Ronstring', NULL, '2024-02-25 06:02:45', '2024-02-25 06:02:45'),
(874, 694, 149, 'Gembucket', NULL, '2024-02-25 06:02:45', '2024-02-25 06:02:45'),
(875, 993, 152, 'Gembucket', NULL, '2024-02-25 06:02:45', '2024-02-25 06:02:45'),
(876, 9, 25, 'Fix San', NULL, '2024-02-25 06:02:45', '2024-02-25 06:02:45'),
(877, 473, 58, 'Cardify', NULL, '2024-02-25 06:02:45', '2024-02-25 06:02:45'),
(878, 825, 131, 'Daltfresh', NULL, '2024-02-25 06:02:45', '2024-02-25 06:02:45'),
(879, 742, 122, 'Bigtax', NULL, '2024-02-25 06:02:45', '2024-02-25 06:02:45'),
(880, 846, 51, 'Viva', NULL, '2024-02-25 06:02:45', '2024-02-25 06:02:45'),
(881, 787, 154, 'Voyatouch', NULL, '2024-02-25 06:02:45', '2024-02-25 06:02:45'),
(882, 911, 9, 'Lotlux', NULL, '2024-02-25 06:02:45', '2024-02-25 06:02:45'),
(883, 694, 66, 'Greenlam', NULL, '2024-02-25 06:02:45', '2024-02-25 06:02:45'),
(884, 677, 200, 'Temp', NULL, '2024-02-25 06:02:45', '2024-02-25 06:02:45'),
(885, 345, 191, 'Zaam-Dox', NULL, '2024-02-25 06:02:45', '2024-02-25 06:02:45'),
(886, 349, 140, 'Y-Solowarm', NULL, '2024-02-25 06:02:45', '2024-02-25 06:02:45'),
(887, 488, 57, 'Opela', NULL, '2024-02-25 06:02:45', '2024-02-25 06:02:45'),
(888, 388, 95, 'Zontrax', NULL, '2024-02-25 06:02:45', '2024-02-25 06:02:45'),
(889, 469, 211, 'Bitwolf', NULL, '2024-02-25 06:02:45', '2024-02-25 06:02:45'),
(890, 39, 41, 'Quo Lux', NULL, '2024-02-25 06:02:45', '2024-02-25 06:02:45'),
(891, 482, 2, 'Latlux', NULL, '2024-02-25 06:02:45', '2024-02-25 06:02:45'),
(892, 1019, 195, 'Fixflex', NULL, '2024-02-25 06:02:45', '2024-02-25 06:02:45'),
(893, 32, 51, 'Tempsoft', NULL, '2024-02-25 06:02:45', '2024-02-25 06:02:45'),
(894, 622, 146, 'Ventosanzap', NULL, '2024-02-25 06:02:45', '2024-02-25 06:02:45'),
(895, 250, 210, 'Vagram', NULL, '2024-02-25 06:02:45', '2024-02-25 06:02:45'),
(896, 420, 50, 'Fixflex', NULL, '2024-02-25 06:02:45', '2024-02-25 06:02:45'),
(897, 124, 125, 'Aerified', NULL, '2024-02-25 06:02:45', '2024-02-25 06:02:45'),
(898, 883, 90, 'Redhold', NULL, '2024-02-25 06:02:45', '2024-02-25 06:02:45'),
(899, 1018, 212, 'Fixflex', NULL, '2024-02-25 06:02:45', '2024-02-25 06:02:45'),
(900, 476, 87, 'Transcof', NULL, '2024-02-25 06:02:45', '2024-02-25 06:02:45'),
(901, 854, 24, 'Fintone', NULL, '2024-02-25 06:02:45', '2024-02-25 06:02:45'),
(902, 85, 91, 'Konklux', NULL, '2024-02-25 06:02:45', '2024-02-25 06:02:45'),
(903, 666, 173, 'Konklux', NULL, '2024-02-25 06:02:45', '2024-02-25 06:02:45'),
(904, 788, 29, 'Quo Lux', NULL, '2024-02-25 06:02:45', '2024-02-25 06:02:45'),
(905, 2, 89, 'Stronghold', NULL, '2024-02-25 06:02:45', '2024-02-25 06:02:45'),
(906, 421, 28, 'Gembucket', NULL, '2024-02-25 06:02:45', '2024-02-25 06:02:45'),
(907, 190, 127, 'Daltfresh', NULL, '2024-02-25 06:02:45', '2024-02-25 06:02:45'),
(908, 397, 131, 'Stim', NULL, '2024-02-25 06:02:45', '2024-02-25 06:02:45'),
(909, 753, 63, 'Span', NULL, '2024-02-25 06:02:45', '2024-02-25 06:02:45'),
(910, 821, 26, 'Vagram', NULL, '2024-02-25 06:02:45', '2024-02-25 06:02:45'),
(911, 859, 2, 'Mat Lam Tam', NULL, '2024-02-25 06:02:45', '2024-02-25 06:02:45'),
(912, 997, 28, 'Konklux', NULL, '2024-02-25 06:02:45', '2024-02-25 06:02:45'),
(913, 615, 221, 'Sonair', NULL, '2024-02-25 06:02:45', '2024-02-25 06:02:45'),
(914, 842, 157, 'Treeflex', NULL, '2024-02-25 06:02:45', '2024-02-25 06:02:45'),
(915, 448, 206, 'Veribet', NULL, '2024-02-25 06:02:45', '2024-02-25 06:02:45'),
(916, 225, 116, 'Duobam', NULL, '2024-02-25 06:02:45', '2024-02-25 06:02:45'),
(917, 892, 132, 'Sub-Ex', NULL, '2024-02-25 06:02:45', '2024-02-25 06:02:45'),
(918, 212, 197, 'Y-Solowarm', NULL, '2024-02-25 06:02:45', '2024-02-25 06:02:45'),
(919, 387, 11, 'Home Ing', NULL, '2024-02-25 06:02:45', '2024-02-25 06:02:45'),
(920, 813, 43, 'Bitwolf', NULL, '2024-02-25 06:02:45', '2024-02-25 06:02:45'),
(921, 98, 83, 'Bamity', NULL, '2024-02-25 06:02:45', '2024-02-25 06:02:45'),
(922, 281, 83, 'Prodder', NULL, '2024-02-25 06:02:45', '2024-02-25 06:02:45'),
(923, 129, 90, 'Zoolab', NULL, '2024-02-25 06:02:45', '2024-02-25 06:02:45'),
(924, 425, 110, 'Voltsillam', NULL, '2024-02-25 06:02:45', '2024-02-25 06:02:45'),
(925, 278, 215, 'Bitwolf', NULL, '2024-02-25 06:02:45', '2024-02-25 06:02:45'),
(926, 86, 115, 'Keylex', NULL, '2024-02-25 06:02:45', '2024-02-25 06:02:45'),
(927, 216, 130, 'Bitwolf', NULL, '2024-02-25 06:02:45', '2024-02-25 06:02:45'),
(928, 619, 118, 'Duobam', NULL, '2024-02-25 06:02:45', '2024-02-25 06:02:45'),
(929, 426, 4, 'Vagram', NULL, '2024-02-25 06:02:45', '2024-02-25 06:02:45'),
(930, 182, 33, 'Asoka', NULL, '2024-02-25 06:02:45', '2024-02-25 06:02:45'),
(931, 278, 210, 'It', NULL, '2024-02-25 06:02:45', '2024-02-25 06:02:45'),
(932, 2, 124, 'Ronstring', NULL, '2024-02-25 06:02:45', '2024-02-25 06:02:45'),
(933, 817, 16, 'Overhold', NULL, '2024-02-25 06:02:45', '2024-02-25 06:02:45'),
(934, 580, 161, 'Kanlam', NULL, '2024-02-25 06:02:45', '2024-02-25 06:02:45'),
(935, 72, 109, 'Domainer', NULL, '2024-02-25 06:02:45', '2024-02-25 06:02:45'),
(936, 952, 203, 'Tresom', NULL, '2024-02-25 06:02:45', '2024-02-25 06:02:45'),
(937, 983, 170, 'Zaam-Dox', NULL, '2024-02-25 06:02:45', '2024-02-25 06:02:45'),
(938, 566, 15, 'Flexidy', NULL, '2024-02-25 06:02:45', '2024-02-25 06:02:45'),
(939, 348, 115, 'Voyatouch', NULL, '2024-02-25 06:02:45', '2024-02-25 06:02:45'),
(940, 199, 218, 'Y-find', NULL, '2024-02-25 06:02:45', '2024-02-25 06:02:45'),
(941, 42, 42, 'Span', NULL, '2024-02-25 06:02:45', '2024-02-25 06:02:45'),
(942, 74, 213, 'Stringtough', NULL, '2024-02-25 06:02:45', '2024-02-25 06:02:45'),
(943, 28, 11, 'Bytecard', NULL, '2024-02-25 06:02:45', '2024-02-25 06:02:45'),
(944, 1011, 77, 'Vagram', NULL, '2024-02-25 06:02:45', '2024-02-25 06:02:45'),
(945, 775, 98, 'Treeflex', NULL, '2024-02-25 06:02:45', '2024-02-25 06:02:45'),
(946, 195, 213, 'It', NULL, '2024-02-25 06:02:45', '2024-02-25 06:02:45'),
(947, 257, 159, 'Overhold', NULL, '2024-02-25 06:02:45', '2024-02-25 06:02:45'),
(948, 271, 5, 'Andalax', NULL, '2024-02-25 06:02:45', '2024-02-25 06:02:45'),
(949, 630, 76, 'Bitwolf', NULL, '2024-02-25 06:02:45', '2024-02-25 06:02:45'),
(950, 513, 100, 'Ventosanzap', NULL, '2024-02-25 06:02:45', '2024-02-25 06:02:45'),
(951, 967, 127, 'Biodex', NULL, '2024-02-25 06:02:45', '2024-02-25 06:02:45'),
(952, 442, 90, 'Zontrax', NULL, '2024-02-25 06:02:45', '2024-02-25 06:02:45'),
(953, 547, 13, 'Job', NULL, '2024-02-25 06:02:45', '2024-02-25 06:02:45'),
(954, 538, 193, 'Voltsillam', NULL, '2024-02-25 06:02:45', '2024-02-25 06:02:45'),
(955, 805, 115, 'Asoka', NULL, '2024-02-25 06:02:45', '2024-02-25 06:02:45'),
(956, 493, 11, 'Sonair', NULL, '2024-02-25 06:02:45', '2024-02-25 06:02:45'),
(957, 1017, 172, 'Zoolab', NULL, '2024-02-25 06:02:45', '2024-02-25 06:02:45'),
(958, 595, 85, 'Stringtough', NULL, '2024-02-25 06:02:45', '2024-02-25 06:02:45'),
(959, 690, 137, 'Fintone', NULL, '2024-02-25 06:02:45', '2024-02-25 06:02:45'),
(960, 497, 13, 'Matsoft', NULL, '2024-02-25 06:02:46', '2024-02-25 06:02:46'),
(961, 594, 71, 'Lotstring', NULL, '2024-02-25 06:02:46', '2024-02-25 06:02:46'),
(962, 970, 213, 'Lotlux', NULL, '2024-02-25 06:02:46', '2024-02-25 06:02:46'),
(963, 122, 201, 'Otcom', NULL, '2024-02-25 06:02:46', '2024-02-25 06:02:46'),
(964, 477, 46, 'It', NULL, '2024-02-25 06:02:46', '2024-02-25 06:02:46'),
(965, 931, 138, 'Sonair', NULL, '2024-02-25 06:02:46', '2024-02-25 06:02:46'),
(966, 29, 73, 'Sonair', NULL, '2024-02-25 06:02:46', '2024-02-25 06:02:46'),
(967, 395, 14, 'Biodex', NULL, '2024-02-25 06:02:46', '2024-02-25 06:02:46'),
(968, 865, 30, 'Namfix', NULL, '2024-02-25 06:02:46', '2024-02-25 06:02:46'),
(969, 282, 3, 'Andalax', NULL, '2024-02-25 06:02:46', '2024-02-25 06:02:46'),
(970, 661, 218, 'Overhold', NULL, '2024-02-25 06:02:46', '2024-02-25 06:02:46'),
(971, 311, 206, 'Sub-Ex', NULL, '2024-02-25 06:02:46', '2024-02-25 06:02:46'),
(972, 11, 130, 'Sonair', NULL, '2024-02-25 06:02:46', '2024-02-25 06:02:46'),
(973, 472, 121, 'Fix San', NULL, '2024-02-25 06:02:46', '2024-02-25 06:02:46'),
(974, 304, 84, 'Greenlam', NULL, '2024-02-25 06:02:46', '2024-02-25 06:02:46'),
(975, 716, 152, 'Fix San', NULL, '2024-02-25 06:02:46', '2024-02-25 06:02:46'),
(976, 869, 194, 'Tampflex', NULL, '2024-02-25 06:02:46', '2024-02-25 06:02:46'),
(977, 621, 171, 'Aerified', NULL, '2024-02-25 06:02:46', '2024-02-25 06:02:46'),
(978, 730, 13, 'Span', NULL, '2024-02-25 06:02:46', '2024-02-25 06:02:46'),
(979, 683, 109, 'Kanlam', NULL, '2024-02-25 06:02:46', '2024-02-25 06:02:46'),
(980, 243, 183, 'Span', NULL, '2024-02-25 06:02:46', '2024-02-25 06:02:46'),
(981, 537, 76, 'Alphazap', NULL, '2024-02-25 06:02:46', '2024-02-25 06:02:46'),
(982, 976, 211, 'Stringtough', NULL, '2024-02-25 06:02:46', '2024-02-25 06:02:46'),
(983, 162, 189, 'Alpha', NULL, '2024-02-25 06:02:46', '2024-02-25 06:02:46'),
(984, 284, 110, 'Cardify', NULL, '2024-02-25 06:02:46', '2024-02-25 06:02:46'),
(985, 96, 70, 'Y-Solowarm', NULL, '2024-02-25 06:02:46', '2024-02-25 06:02:46'),
(986, 566, 62, 'Daltfresh', NULL, '2024-02-25 06:02:46', '2024-02-25 06:02:46'),
(987, 450, 60, 'Zathin', NULL, '2024-02-25 06:02:46', '2024-02-25 06:02:46'),
(988, 142, 180, 'Pannier', NULL, '2024-02-25 06:02:46', '2024-02-25 06:02:46'),
(989, 108, 73, 'Treeflex', NULL, '2024-02-25 06:02:46', '2024-02-25 06:02:46'),
(990, 732, 84, 'Viva', NULL, '2024-02-25 06:02:46', '2024-02-25 06:02:46'),
(991, 424, 148, 'Fixflex', NULL, '2024-02-25 06:02:46', '2024-02-25 06:02:46'),
(992, 254, 197, 'Rank', NULL, '2024-02-25 06:02:46', '2024-02-25 06:02:46'),
(993, 740, 179, 'Konklux', NULL, '2024-02-25 06:02:46', '2024-02-25 06:02:46'),
(994, 897, 137, 'Y-find', NULL, '2024-02-25 06:02:46', '2024-02-25 06:02:46'),
(995, 99, 65, 'Tres-Zap', NULL, '2024-02-25 06:02:46', '2024-02-25 06:02:46'),
(996, 637, 5, 'Zaam-Dox', NULL, '2024-02-25 06:02:46', '2024-02-25 06:02:46'),
(997, 378, 98, 'Quo Lux', NULL, '2024-02-25 06:02:46', '2024-02-25 06:02:46'),
(998, 542, 100, 'Flowdesk', NULL, '2024-02-25 06:02:46', '2024-02-25 06:02:46'),
(999, 776, 13, 'Tresom', NULL, '2024-02-25 06:02:46', '2024-02-25 06:02:46'),
(1000, 96, 26, 'Flexidy', NULL, '2024-02-25 06:02:46', '2024-02-25 06:02:46'),
(1001, 325, 149, 'Otcom', NULL, '2024-02-27 15:05:48', '2024-02-27 15:05:48'),
(1002, 438, 149, 'Redhold', NULL, '2024-02-27 15:05:48', '2024-02-27 15:05:48'),
(1003, 136, 149, 'Mat Lam Tam', NULL, '2024-02-27 15:05:48', '2024-02-27 15:05:48'),
(1004, 534, 149, 'Gembucket', NULL, '2024-02-27 15:05:48', '2024-02-27 15:05:48'),
(1005, 605, 149, 'Tampflex', NULL, '2024-02-27 15:05:48', '2024-02-27 15:05:48'),
(1006, 914, 149, 'Transcof', NULL, '2024-02-27 15:06:23', '2024-02-27 15:06:23'),
(1007, 181, 149, 'Bigtax', NULL, '2024-02-27 15:06:23', '2024-02-27 15:06:23'),
(1008, 501, 149, 'Bitwolf', NULL, '2024-02-27 15:06:23', '2024-02-27 15:06:23'),
(1009, 148, 149, 'Voltsillam', NULL, '2024-02-27 15:06:23', '2024-02-27 15:06:23'),
(1010, 851, 149, 'Stim', NULL, '2024-02-27 15:06:23', '2024-02-27 15:06:23'),
(1011, 15, 149, 'Y-find', 874, '2024-02-27 12:07:15', '2024-02-27 12:07:15'),
(1012, 7, 149, 'Sub-Ex', 1011, '2024-02-27 12:07:58', '2024-02-27 12:07:58'),
(1013, 10, 149, 'Nice', 874, '2024-02-27 12:08:25', '2024-02-27 12:08:25');

-- --------------------------------------------------------

--
-- Структура таблицы `Favorites`
--

CREATE TABLE `Favorites` (
  `favorite_id` int(11) NOT NULL,
  `user_id` int(11) DEFAULT NULL,
  `image_id` int(11) DEFAULT NULL,
  `added_at` timestamp NULL DEFAULT CURRENT_TIMESTAMP
) ENGINE=InnoDB DEFAULT CHARSET=utf8mb4 COLLATE=utf8mb4_unicode_ci;

--
-- Дамп данных таблицы `Favorites`
--

INSERT INTO `Favorites` (`favorite_id`, `user_id`, `image_id`, `added_at`) VALUES
(1, 1, 152, '2024-02-25 01:29:43'),
(2, 2, 63, '2024-02-25 01:29:43'),
(3, 3, 59, '2024-02-25 01:29:43'),
(4, 4, 205, '2024-02-25 01:29:43'),
(5, 5, 162, '2024-02-25 01:29:43'),
(6, 6, 94, '2024-02-25 01:29:43'),
(7, 7, 192, '2024-02-25 01:29:43'),
(8, 8, 20, '2024-02-25 01:29:43'),
(9, 9, 51, '2024-02-25 01:29:43'),
(10, 10, 43, '2024-02-25 01:29:43'),
(11, 11, 159, '2024-02-25 01:29:43'),
(12, 12, 81, '2024-02-25 01:29:43'),
(13, 13, 47, '2024-02-25 01:29:43'),
(14, 14, 219, '2024-02-25 01:29:43'),
(15, 15, 17, '2024-02-25 01:29:43'),
(16, 16, 108, '2024-02-25 01:29:43'),
(17, 17, 117, '2024-02-25 01:29:43'),
(18, 18, 202, '2024-02-25 01:29:43'),
(19, 19, 159, '2024-02-25 01:29:43'),
(20, 20, 215, '2024-02-25 01:29:43'),
(21, 21, 62, '2024-02-25 01:29:43'),
(22, 22, 34, '2024-02-25 01:29:43'),
(23, 23, 110, '2024-02-25 01:29:43'),
(24, 24, 151, '2024-02-25 01:29:43'),
(25, 25, 143, '2024-02-25 01:29:43'),
(26, 26, 132, '2024-02-25 01:29:43'),
(27, 27, 142, '2024-02-25 01:29:43'),
(28, 28, 83, '2024-02-25 01:29:43'),
(29, 29, 130, '2024-02-25 01:29:43'),
(30, 30, 94, '2024-02-25 01:29:43'),
(31, 31, 46, '2024-02-25 01:29:43'),
(32, 32, 49, '2024-02-25 01:29:43'),
(33, 33, 151, '2024-02-25 01:29:43'),
(34, 34, 196, '2024-02-25 01:29:43'),
(35, 35, 74, '2024-02-25 01:29:43'),
(36, 36, 146, '2024-02-25 01:29:43'),
(37, 37, 189, '2024-02-25 01:29:43'),
(38, 38, 127, '2024-02-25 01:29:43'),
(39, 39, 128, '2024-02-25 01:29:43'),
(40, 40, 99, '2024-02-25 01:29:43'),
(41, 41, 25, '2024-02-25 01:29:43'),
(42, 42, 26, '2024-02-25 01:29:43'),
(43, 43, 177, '2024-02-25 01:29:43'),
(44, 44, 17, '2024-02-25 01:29:43'),
(45, 45, 36, '2024-02-25 01:29:43'),
(46, 46, 35, '2024-02-25 01:29:43'),
(47, 47, 151, '2024-02-25 01:29:43'),
(48, 48, 187, '2024-02-25 01:29:43'),
(49, 49, 175, '2024-02-25 01:29:43'),
(50, 50, 110, '2024-02-25 01:29:43'),
(51, 51, 191, '2024-02-25 01:29:43'),
(52, 52, 74, '2024-02-25 01:29:43'),
(53, 53, 187, '2024-02-25 01:29:43'),
(54, 54, 196, '2024-02-25 01:29:44'),
(55, 55, 181, '2024-02-25 01:29:44'),
(56, 56, 46, '2024-02-25 01:29:44'),
(57, 57, 214, '2024-02-25 01:29:44'),
(58, 58, 144, '2024-02-25 01:29:44'),
(59, 59, 76, '2024-02-25 01:29:44'),
(60, 60, 219, '2024-02-25 01:29:44'),
(61, 61, 4, '2024-02-25 01:29:44'),
(62, 62, 194, '2024-02-25 01:29:44'),
(63, 63, 109, '2024-02-25 01:29:44'),
(64, 64, 60, '2024-02-25 01:29:44'),
(65, 65, 7, '2024-02-25 01:29:44'),
(66, 66, 166, '2024-02-25 01:29:44'),
(67, 67, 181, '2024-02-25 01:29:44'),
(68, 68, 202, '2024-02-25 01:29:44'),
(69, 69, 211, '2024-02-25 01:29:44'),
(70, 70, 139, '2024-02-25 01:29:44'),
(71, 71, 220, '2024-02-25 01:29:44'),
(72, 72, 168, '2024-02-25 01:29:44'),
(73, 73, 134, '2024-02-25 01:29:44'),
(74, 74, 145, '2024-02-25 01:29:44'),
(75, 75, 209, '2024-02-25 01:29:44'),
(76, 76, 160, '2024-02-25 01:29:44'),
(77, 77, 206, '2024-02-25 01:29:44'),
(78, 78, 4, '2024-02-25 01:29:44'),
(79, 79, 208, '2024-02-25 01:29:44'),
(80, 80, 158, '2024-02-25 01:29:44'),
(81, 81, 30, '2024-02-25 01:29:44'),
(82, 82, 10, '2024-02-25 01:29:44'),
(83, 83, 96, '2024-02-25 01:29:44'),
(84, 84, 199, '2024-02-25 01:29:44'),
(85, 85, 145, '2024-02-25 01:29:44'),
(86, 86, 217, '2024-02-25 01:29:44'),
(87, 87, 2, '2024-02-25 01:29:44'),
(88, 88, 178, '2024-02-25 01:29:44'),
(89, 89, 65, '2024-02-25 01:29:44'),
(90, 90, 91, '2024-02-25 01:29:44'),
(91, 91, 167, '2024-02-25 01:29:44'),
(92, 92, 201, '2024-02-25 01:29:44'),
(93, 93, 197, '2024-02-25 01:29:44'),
(94, 94, 94, '2024-02-25 01:29:44'),
(95, 95, 19, '2024-02-25 01:29:44'),
(96, 96, 45, '2024-02-25 01:29:44'),
(97, 97, 157, '2024-02-25 01:29:44'),
(98, 98, 48, '2024-02-25 01:29:44'),
(99, 99, 67, '2024-02-25 01:29:44'),
(100, 100, 203, '2024-02-25 01:29:44'),
(101, 101, 138, '2024-02-25 01:29:44'),
(102, 102, 94, '2024-02-25 01:29:44'),
(103, 103, 66, '2024-02-25 01:29:44'),
(104, 104, 153, '2024-02-25 01:29:44'),
(105, 105, 175, '2024-02-25 01:29:44'),
(106, 106, 64, '2024-02-25 01:29:44'),
(107, 107, 99, '2024-02-25 01:29:44'),
(108, 108, 81, '2024-02-25 01:29:44'),
(109, 109, 5, '2024-02-25 01:29:44'),
(110, 110, 89, '2024-02-25 01:29:44'),
(111, 111, 218, '2024-02-25 01:29:44'),
(112, 112, 122, '2024-02-25 01:29:44'),
(113, 113, 206, '2024-02-25 01:29:44'),
(114, 114, 204, '2024-02-25 01:29:44'),
(115, 115, 117, '2024-02-25 01:29:44'),
(116, 116, 34, '2024-02-25 01:29:44'),
(117, 117, 41, '2024-02-25 01:29:44'),
(118, 118, 70, '2024-02-25 01:29:44'),
(119, 119, 41, '2024-02-25 01:29:44'),
(120, 120, 30, '2024-02-25 01:29:44'),
(121, 121, 63, '2024-02-25 01:29:44'),
(122, 122, 105, '2024-02-25 01:29:44'),
(123, 123, 190, '2024-02-25 01:29:44'),
(124, 124, 124, '2024-02-25 01:29:44'),
(125, 125, 188, '2024-02-25 01:29:44'),
(126, 126, 190, '2024-02-25 01:29:44'),
(127, 127, 85, '2024-02-25 01:29:44'),
(128, 128, 135, '2024-02-25 01:29:44'),
(129, 129, 14, '2024-02-25 01:29:44'),
(130, 130, 130, '2024-02-25 01:29:44'),
(131, 131, 50, '2024-02-25 01:29:44'),
(132, 132, 64, '2024-02-25 01:29:44'),
(133, 133, 147, '2024-02-25 01:29:44'),
(134, 134, 212, '2024-02-25 01:29:44'),
(135, 135, 117, '2024-02-25 01:29:44'),
(136, 136, 69, '2024-02-25 01:29:44'),
(137, 137, 141, '2024-02-25 01:29:44'),
(138, 138, 129, '2024-02-25 01:29:44'),
(139, 139, 163, '2024-02-25 01:29:44'),
(140, 140, 104, '2024-02-25 01:29:44'),
(141, 141, 32, '2024-02-25 01:29:44'),
(142, 142, 63, '2024-02-25 01:29:44'),
(143, 143, 72, '2024-02-25 01:29:44'),
(144, 144, 27, '2024-02-25 01:29:44'),
(145, 145, 42, '2024-02-25 01:29:44'),
(146, 146, 170, '2024-02-25 01:29:44'),
(147, 147, 6, '2024-02-25 01:29:44'),
(148, 148, 106, '2024-02-25 01:29:44'),
(149, 149, 110, '2024-02-25 01:29:44'),
(150, 150, 203, '2024-02-25 01:29:44'),
(151, 151, 43, '2024-02-25 01:29:44'),
(152, 152, 140, '2024-02-25 01:29:44'),
(153, 153, 210, '2024-02-25 01:29:44'),
(154, 154, 27, '2024-02-25 01:29:44'),
(155, 155, 81, '2024-02-25 01:29:44'),
(156, 156, 140, '2024-02-25 01:29:44'),
(157, 157, 55, '2024-02-25 01:29:44'),
(158, 158, 63, '2024-02-25 01:29:44'),
(159, 159, 152, '2024-02-25 01:29:44'),
(160, 160, 154, '2024-02-25 01:29:44'),
(161, 161, 2, '2024-02-25 01:29:44'),
(162, 162, 157, '2024-02-25 01:29:44'),
(163, 163, 97, '2024-02-25 01:29:44'),
(164, 164, 20, '2024-02-25 01:29:44'),
(165, 165, 141, '2024-02-25 01:29:44'),
(166, 166, 221, '2024-02-25 01:29:44'),
(167, 167, 182, '2024-02-25 01:29:44'),
(168, 168, 189, '2024-02-25 01:29:44'),
(169, 169, 32, '2024-02-25 01:29:44'),
(170, 170, 7, '2024-02-25 01:29:44'),
(171, 171, 77, '2024-02-25 01:29:44'),
(172, 172, 124, '2024-02-25 01:29:44'),
(173, 173, 70, '2024-02-25 01:29:44'),
(174, 174, 64, '2024-02-25 01:29:44'),
(175, 175, 199, '2024-02-25 01:29:44'),
(176, 176, 39, '2024-02-25 01:29:44'),
(177, 177, 103, '2024-02-25 01:29:44'),
(178, 178, 99, '2024-02-25 01:29:44'),
(179, 179, 212, '2024-02-25 01:29:44'),
(180, 180, 8, '2024-02-25 01:29:44'),
(181, 181, 155, '2024-02-25 01:29:44'),
(182, 182, 77, '2024-02-25 01:29:44'),
(183, 183, 53, '2024-02-25 01:29:44'),
(184, 184, 65, '2024-02-25 01:29:44'),
(185, 185, 87, '2024-02-25 01:29:44'),
(186, 186, 181, '2024-02-25 01:29:44'),
(187, 187, 191, '2024-02-25 01:29:44'),
(188, 188, 102, '2024-02-25 01:29:44'),
(189, 189, 116, '2024-02-25 01:29:44'),
(190, 190, 38, '2024-02-25 01:29:44'),
(191, 191, 28, '2024-02-25 01:29:44'),
(192, 192, 133, '2024-02-25 01:29:44'),
(193, 193, 128, '2024-02-25 01:29:44'),
(194, 194, 173, '2024-02-25 01:29:44'),
(195, 195, 51, '2024-02-25 01:29:44'),
(196, 196, 168, '2024-02-25 01:29:44'),
(197, 197, 140, '2024-02-25 01:29:44'),
(198, 198, 5, '2024-02-25 01:29:44'),
(199, 199, 154, '2024-02-25 01:29:44'),
(200, 200, 80, '2024-02-25 01:29:44'),
(201, 201, 8, '2024-02-25 01:29:44'),
(202, 202, 218, '2024-02-25 01:29:44'),
(203, 203, 146, '2024-02-25 01:29:44'),
(204, 204, 19, '2024-02-25 01:29:44'),
(205, 205, 134, '2024-02-25 01:29:44'),
(206, 206, 14, '2024-02-25 01:29:44'),
(207, 207, 41, '2024-02-25 01:29:44'),
(208, 208, 142, '2024-02-25 01:29:44'),
(209, 209, 62, '2024-02-25 01:29:44'),
(210, 210, 208, '2024-02-25 01:29:44'),
(211, 211, 83, '2024-02-25 01:29:45'),
(212, 212, 65, '2024-02-25 01:29:45'),
(213, 213, 63, '2024-02-25 01:29:45'),
(214, 214, 212, '2024-02-25 01:29:45'),
(215, 215, 43, '2024-02-25 01:29:45'),
(216, 216, 49, '2024-02-25 01:29:45'),
(217, 217, 129, '2024-02-25 01:29:45'),
(218, 218, 27, '2024-02-25 01:29:45'),
(219, 219, 54, '2024-02-25 01:29:45'),
(220, 220, 131, '2024-02-25 01:29:45'),
(221, 221, 194, '2024-02-25 01:29:45'),
(222, 222, 219, '2024-02-25 01:29:45'),
(223, 223, 147, '2024-02-25 01:29:45'),
(224, 224, 25, '2024-02-25 01:29:45'),
(225, 225, 121, '2024-02-25 01:29:45'),
(226, 226, 166, '2024-02-25 01:29:45'),
(227, 227, 52, '2024-02-25 01:29:45'),
(228, 228, 26, '2024-02-25 01:29:45'),
(229, 229, 55, '2024-02-25 01:29:45'),
(230, 230, 61, '2024-02-25 01:29:45'),
(231, 231, 1, '2024-02-25 01:29:45'),
(232, 232, 33, '2024-02-25 01:29:45'),
(233, 233, 87, '2024-02-25 01:29:45'),
(234, 234, 77, '2024-02-25 01:29:45'),
(235, 235, 139, '2024-02-25 01:29:45'),
(236, 236, 78, '2024-02-25 01:29:45'),
(237, 237, 69, '2024-02-25 01:29:45'),
(238, 238, 134, '2024-02-25 01:29:45'),
(239, 239, 177, '2024-02-25 01:29:45'),
(240, 240, 18, '2024-02-25 01:29:45'),
(241, 241, 8, '2024-02-25 01:29:45'),
(242, 242, 16, '2024-02-25 01:29:45'),
(243, 243, 97, '2024-02-25 01:29:45'),
(244, 244, 82, '2024-02-25 01:29:45'),
(245, 245, 134, '2024-02-25 01:29:45'),
(246, 246, 25, '2024-02-25 01:29:45'),
(247, 247, 15, '2024-02-25 01:29:45'),
(248, 248, 161, '2024-02-25 01:29:45'),
(249, 249, 143, '2024-02-25 01:29:45'),
(250, 250, 126, '2024-02-25 01:29:45'),
(251, 251, 91, '2024-02-25 01:29:45'),
(252, 252, 166, '2024-02-25 01:29:45'),
(253, 253, 83, '2024-02-25 01:29:45'),
(254, 254, 160, '2024-02-25 01:29:45'),
(255, 255, 16, '2024-02-25 01:29:45'),
(256, 256, 10, '2024-02-25 01:29:45'),
(257, 257, 93, '2024-02-25 01:29:45'),
(258, 258, 97, '2024-02-25 01:29:45'),
(259, 259, 4, '2024-02-25 01:29:45'),
(260, 260, 31, '2024-02-25 01:29:45'),
(261, 261, 145, '2024-02-25 01:29:45'),
(262, 262, 199, '2024-02-25 01:29:45'),
(263, 263, 74, '2024-02-25 01:29:45'),
(264, 264, 74, '2024-02-25 01:29:45'),
(265, 265, 121, '2024-02-25 01:29:45'),
(266, 266, 88, '2024-02-25 01:29:45'),
(267, 267, 101, '2024-02-25 01:29:45'),
(268, 268, 176, '2024-02-25 01:29:45'),
(269, 269, 180, '2024-02-25 01:29:45'),
(270, 270, 78, '2024-02-25 01:29:45'),
(271, 271, 222, '2024-02-25 01:29:45'),
(272, 272, 80, '2024-02-25 01:29:45'),
(273, 273, 172, '2024-02-25 01:29:45'),
(274, 274, 95, '2024-02-25 01:29:45'),
(275, 275, 71, '2024-02-25 01:29:45'),
(276, 276, 77, '2024-02-25 01:29:45'),
(277, 277, 57, '2024-02-25 01:29:45'),
(278, 278, 216, '2024-02-25 01:29:45'),
(279, 279, 179, '2024-02-25 01:29:45'),
(280, 280, 48, '2024-02-25 01:29:45'),
(281, 281, 192, '2024-02-25 01:29:45'),
(282, 282, 140, '2024-02-25 01:29:45'),
(283, 283, 63, '2024-02-25 01:29:45'),
(284, 284, 216, '2024-02-25 01:29:45'),
(285, 285, 57, '2024-02-25 01:29:45'),
(286, 286, 82, '2024-02-25 01:29:45'),
(287, 287, 149, '2024-02-25 01:29:45'),
(288, 288, 31, '2024-02-25 01:29:45'),
(289, 289, 206, '2024-02-25 01:29:45'),
(290, 290, 23, '2024-02-25 01:29:45'),
(291, 291, 155, '2024-02-25 01:29:45'),
(292, 292, 4, '2024-02-25 01:29:45'),
(293, 293, 222, '2024-02-25 01:29:45'),
(294, 294, 144, '2024-02-25 01:29:45'),
(295, 295, 206, '2024-02-25 01:29:45'),
(296, 296, 162, '2024-02-25 01:29:45'),
(297, 297, 37, '2024-02-25 01:29:45'),
(298, 298, 11, '2024-02-25 01:29:45'),
(299, 299, 179, '2024-02-25 01:29:45'),
(300, 300, 125, '2024-02-25 01:29:46'),
(301, 301, 4, '2024-02-25 01:29:46'),
(302, 302, 7, '2024-02-25 01:29:46'),
(303, 303, 214, '2024-02-25 01:29:46'),
(304, 304, 192, '2024-02-25 01:29:46'),
(305, 305, 28, '2024-02-25 01:29:46'),
(306, 306, 53, '2024-02-25 01:29:46'),
(307, 307, 132, '2024-02-25 01:29:46'),
(308, 308, 58, '2024-02-25 01:29:46'),
(309, 309, 222, '2024-02-25 01:29:46'),
(310, 310, 76, '2024-02-25 01:29:46'),
(311, 311, 176, '2024-02-25 01:29:46'),
(312, 312, 45, '2024-02-25 01:29:46'),
(313, 313, 163, '2024-02-25 01:29:46'),
(314, 314, 86, '2024-02-25 01:29:46'),
(315, 315, 158, '2024-02-25 01:29:46'),
(316, 316, 94, '2024-02-25 01:29:46'),
(317, 317, 162, '2024-02-25 01:29:46'),
(318, 318, 197, '2024-02-25 01:29:46'),
(319, 319, 169, '2024-02-25 01:29:46'),
(320, 320, 120, '2024-02-25 01:29:46'),
(321, 321, 56, '2024-02-25 01:29:46'),
(322, 322, 131, '2024-02-25 01:29:46'),
(323, 323, 213, '2024-02-25 01:29:46'),
(324, 324, 65, '2024-02-25 01:29:46'),
(325, 325, 145, '2024-02-25 01:29:46'),
(326, 326, 25, '2024-02-25 01:29:46'),
(327, 327, 140, '2024-02-25 01:29:46'),
(328, 328, 102, '2024-02-25 01:29:46'),
(329, 329, 70, '2024-02-25 01:29:46'),
(330, 330, 46, '2024-02-25 01:29:46'),
(331, 331, 212, '2024-02-25 01:29:46'),
(332, 332, 56, '2024-02-25 01:29:46'),
(333, 333, 113, '2024-02-25 01:29:46'),
(334, 334, 71, '2024-02-25 01:29:46'),
(335, 335, 102, '2024-02-25 01:29:46'),
(336, 336, 160, '2024-02-25 01:29:46'),
(337, 337, 16, '2024-02-25 01:29:46'),
(338, 338, 219, '2024-02-25 01:29:46'),
(339, 339, 37, '2024-02-25 01:29:46'),
(340, 340, 145, '2024-02-25 01:29:46'),
(341, 341, 102, '2024-02-25 01:29:46'),
(342, 342, 22, '2024-02-25 01:29:46'),
(343, 343, 114, '2024-02-25 01:29:46'),
(344, 344, 158, '2024-02-25 01:29:46'),
(345, 345, 6, '2024-02-25 01:29:46'),
(346, 346, 184, '2024-02-25 01:29:46'),
(347, 347, 168, '2024-02-25 01:29:46'),
(348, 348, 184, '2024-02-25 01:29:46'),
(349, 349, 128, '2024-02-25 01:29:46'),
(350, 350, 98, '2024-02-25 01:29:46'),
(351, 351, 204, '2024-02-25 01:29:46'),
(352, 352, 217, '2024-02-25 01:29:46'),
(353, 353, 165, '2024-02-25 01:29:46'),
(354, 354, 129, '2024-02-25 01:29:46'),
(355, 355, 29, '2024-02-25 01:29:46'),
(356, 356, 184, '2024-02-25 01:29:46'),
(357, 357, 73, '2024-02-25 01:29:46'),
(358, 358, 59, '2024-02-25 01:29:46'),
(359, 359, 93, '2024-02-25 01:29:46'),
(360, 360, 219, '2024-02-25 01:29:46'),
(361, 361, 26, '2024-02-25 01:29:46'),
(362, 362, 73, '2024-02-25 01:29:46'),
(363, 363, 5, '2024-02-25 01:29:46'),
(364, 364, 39, '2024-02-25 01:29:46'),
(365, 365, 29, '2024-02-25 01:29:46'),
(366, 366, 108, '2024-02-25 01:29:46'),
(367, 367, 161, '2024-02-25 01:29:46'),
(368, 368, 128, '2024-02-25 01:29:46'),
(369, 369, 186, '2024-02-25 01:29:46'),
(370, 370, 175, '2024-02-25 01:29:46'),
(371, 371, 15, '2024-02-25 01:29:46'),
(372, 372, 122, '2024-02-25 01:29:46'),
(373, 373, 75, '2024-02-25 01:29:46'),
(374, 374, 10, '2024-02-25 01:29:46'),
(375, 375, 137, '2024-02-25 01:29:46'),
(376, 376, 137, '2024-02-25 01:29:46'),
(377, 377, 34, '2024-02-25 01:29:46'),
(378, 378, 120, '2024-02-25 01:29:46'),
(379, 379, 153, '2024-02-25 01:29:46'),
(380, 380, 109, '2024-02-25 01:29:46'),
(381, 381, 58, '2024-02-25 01:29:46'),
(382, 382, 64, '2024-02-25 01:29:46'),
(383, 383, 74, '2024-02-25 01:29:46'),
(384, 384, 159, '2024-02-25 01:29:46'),
(385, 385, 106, '2024-02-25 01:29:46'),
(386, 386, 143, '2024-02-25 01:29:46'),
(387, 387, 129, '2024-02-25 01:29:46'),
(388, 388, 183, '2024-02-25 01:29:46'),
(389, 389, 154, '2024-02-25 01:29:47'),
(390, 390, 151, '2024-02-25 01:29:47'),
(391, 391, 127, '2024-02-25 01:29:47'),
(392, 392, 130, '2024-02-25 01:29:47'),
(393, 393, 132, '2024-02-25 01:29:47'),
(394, 394, 204, '2024-02-25 01:29:47'),
(395, 395, 130, '2024-02-25 01:29:47'),
(396, 396, 178, '2024-02-25 01:29:47'),
(397, 397, 133, '2024-02-25 01:29:47'),
(398, 398, 60, '2024-02-25 01:29:47'),
(399, 399, 35, '2024-02-25 01:29:47'),
(400, 400, 134, '2024-02-25 01:29:47'),
(401, 401, 197, '2024-02-25 01:29:47'),
(402, 402, 34, '2024-02-25 01:29:47'),
(403, 403, 125, '2024-02-25 01:29:47'),
(404, 404, 91, '2024-02-25 01:29:47'),
(405, 405, 53, '2024-02-25 01:29:47'),
(406, 406, 218, '2024-02-25 01:29:47'),
(407, 407, 8, '2024-02-25 01:29:47'),
(408, 408, 127, '2024-02-25 01:29:47'),
(409, 409, 188, '2024-02-25 01:29:47'),
(410, 410, 184, '2024-02-25 01:29:47'),
(411, 411, 68, '2024-02-25 01:29:47'),
(412, 412, 183, '2024-02-25 01:29:47'),
(413, 413, 15, '2024-02-25 01:29:47'),
(414, 414, 119, '2024-02-25 01:29:47'),
(415, 415, 199, '2024-02-25 01:29:47'),
(416, 416, 126, '2024-02-25 01:29:47'),
(417, 417, 220, '2024-02-25 01:29:47'),
(418, 418, 114, '2024-02-25 01:29:47'),
(419, 419, 45, '2024-02-25 01:29:47'),
(420, 420, 114, '2024-02-25 01:29:47'),
(421, 421, 204, '2024-02-25 01:29:47'),
(422, 422, 103, '2024-02-25 01:29:47'),
(423, 423, 28, '2024-02-25 01:29:47'),
(424, 424, 190, '2024-02-25 01:29:47'),
(425, 425, 193, '2024-02-25 01:29:47'),
(426, 426, 78, '2024-02-25 01:29:47'),
(427, 427, 188, '2024-02-25 01:29:47'),
(428, 428, 152, '2024-02-25 01:29:47'),
(429, 429, 43, '2024-02-25 01:29:47'),
(430, 430, 55, '2024-02-25 01:29:47'),
(431, 431, 155, '2024-02-25 01:29:47'),
(432, 432, 8, '2024-02-25 01:29:47'),
(433, 433, 167, '2024-02-25 01:29:47'),
(434, 434, 84, '2024-02-25 01:29:47'),
(435, 435, 176, '2024-02-25 01:29:47'),
(436, 436, 94, '2024-02-25 01:29:47'),
(437, 437, 6, '2024-02-25 01:29:47'),
(438, 438, 157, '2024-02-25 01:29:47'),
(439, 439, 119, '2024-02-25 01:29:47'),
(440, 440, 103, '2024-02-25 01:29:47'),
(441, 441, 168, '2024-02-25 01:29:47'),
(442, 442, 60, '2024-02-25 01:29:47'),
(443, 443, 77, '2024-02-25 01:29:47'),
(444, 444, 204, '2024-02-25 01:29:47'),
(445, 445, 167, '2024-02-25 01:29:47'),
(446, 446, 139, '2024-02-25 01:29:47'),
(447, 447, 147, '2024-02-25 01:29:47'),
(448, 448, 170, '2024-02-25 01:29:47'),
(449, 449, 72, '2024-02-25 01:29:47'),
(450, 450, 56, '2024-02-25 01:29:47'),
(451, 451, 190, '2024-02-25 01:29:47'),
(452, 452, 196, '2024-02-25 01:29:47'),
(453, 453, 174, '2024-02-25 01:29:47'),
(454, 454, 21, '2024-02-25 01:29:47'),
(455, 455, 175, '2024-02-25 01:29:47'),
(456, 456, 208, '2024-02-25 01:29:47'),
(457, 457, 200, '2024-02-25 01:29:47'),
(458, 458, 68, '2024-02-25 01:29:47'),
(459, 459, 117, '2024-02-25 01:29:47'),
(460, 460, 156, '2024-02-25 01:29:47'),
(461, 461, 62, '2024-02-25 01:29:47'),
(462, 462, 166, '2024-02-25 01:29:47'),
(463, 463, 98, '2024-02-25 01:29:47'),
(464, 464, 204, '2024-02-25 01:29:47'),
(465, 465, 196, '2024-02-25 01:29:47'),
(466, 466, 81, '2024-02-25 01:29:47'),
(467, 467, 37, '2024-02-25 01:29:47'),
(468, 468, 78, '2024-02-25 01:29:47'),
(469, 469, 24, '2024-02-25 01:29:47'),
(470, 470, 59, '2024-02-25 01:29:47'),
(471, 471, 169, '2024-02-25 01:29:47'),
(472, 472, 43, '2024-02-25 01:29:47'),
(473, 473, 41, '2024-02-25 01:29:47'),
(474, 474, 1, '2024-02-25 01:29:47'),
(475, 475, 47, '2024-02-25 01:29:47'),
(476, 476, 72, '2024-02-25 01:29:47'),
(477, 477, 221, '2024-02-25 01:29:47'),
(478, 478, 56, '2024-02-25 01:29:48'),
(479, 479, 197, '2024-02-25 01:29:48'),
(480, 480, 102, '2024-02-25 01:29:48'),
(481, 481, 59, '2024-02-25 01:29:48'),
(482, 482, 194, '2024-02-25 01:29:48'),
(483, 483, 39, '2024-02-25 01:29:48'),
(484, 484, 199, '2024-02-25 01:29:48'),
(485, 485, 56, '2024-02-25 01:29:48'),
(486, 486, 145, '2024-02-25 01:29:48'),
(487, 487, 103, '2024-02-25 01:29:48'),
(488, 488, 188, '2024-02-25 01:29:48'),
(489, 489, 97, '2024-02-25 01:29:48'),
(490, 490, 44, '2024-02-25 01:29:48'),
(491, 491, 122, '2024-02-25 01:29:48'),
(492, 492, 128, '2024-02-25 01:29:48'),
(493, 493, 216, '2024-02-25 01:29:48'),
(494, 494, 145, '2024-02-25 01:29:48'),
(495, 495, 60, '2024-02-25 01:29:48'),
(496, 496, 216, '2024-02-25 01:29:48'),
(497, 497, 174, '2024-02-25 01:29:48'),
(498, 498, 18, '2024-02-25 01:29:48'),
(499, 499, 47, '2024-02-25 01:29:48'),
(500, 500, 150, '2024-02-25 01:29:48'),
(501, 501, 122, '2024-02-25 01:29:48'),
(502, 502, 120, '2024-02-25 01:29:48'),
(503, 503, 69, '2024-02-25 01:29:48'),
(504, 504, 149, '2024-02-25 01:29:48'),
(505, 505, 20, '2024-02-25 01:29:48'),
(506, 506, 152, '2024-02-25 01:29:48'),
(507, 507, 169, '2024-02-25 01:29:48'),
(508, 508, 24, '2024-02-25 01:29:48'),
(509, 509, 216, '2024-02-25 01:29:48'),
(510, 510, 159, '2024-02-25 01:29:48'),
(511, 511, 95, '2024-02-25 01:29:48'),
(512, 512, 105, '2024-02-25 01:29:48'),
(513, 513, 36, '2024-02-25 01:29:48'),
(514, 514, 122, '2024-02-25 01:29:48'),
(515, 515, 134, '2024-02-25 01:29:48'),
(516, 516, 51, '2024-02-25 01:29:48'),
(517, 517, 87, '2024-02-25 01:29:48'),
(518, 518, 142, '2024-02-25 01:29:48'),
(519, 519, 160, '2024-02-25 01:29:48'),
(520, 520, 100, '2024-02-25 01:29:48'),
(521, 521, 170, '2024-02-25 01:29:48'),
(522, 522, 4, '2024-02-25 01:29:48'),
(523, 523, 194, '2024-02-25 01:29:48'),
(524, 524, 17, '2024-02-25 01:29:48'),
(525, 525, 164, '2024-02-25 01:29:48'),
(526, 526, 3, '2024-02-25 01:29:48'),
(527, 527, 204, '2024-02-25 01:29:48'),
(528, 528, 119, '2024-02-25 01:29:48'),
(529, 529, 88, '2024-02-25 01:29:48'),
(530, 530, 188, '2024-02-25 01:29:48'),
(531, 531, 111, '2024-02-25 01:29:48'),
(532, 532, 124, '2024-02-25 01:29:48'),
(533, 533, 15, '2024-02-25 01:29:48'),
(534, 534, 138, '2024-02-25 01:29:48'),
(535, 535, 92, '2024-02-25 01:29:48'),
(536, 536, 167, '2024-02-25 01:29:48'),
(537, 537, 95, '2024-02-25 01:29:48'),
(538, 538, 56, '2024-02-25 01:29:48'),
(539, 539, 17, '2024-02-25 01:29:48'),
(540, 540, 202, '2024-02-25 01:29:48'),
(541, 541, 149, '2024-02-25 01:29:48'),
(542, 542, 152, '2024-02-25 01:29:48'),
(543, 543, 141, '2024-02-25 01:29:48'),
(544, 544, 80, '2024-02-25 01:29:48'),
(545, 545, 105, '2024-02-25 01:29:48'),
(546, 546, 74, '2024-02-25 01:29:48'),
(547, 547, 112, '2024-02-25 01:29:48'),
(548, 548, 82, '2024-02-25 01:29:48'),
(549, 549, 172, '2024-02-25 01:29:48'),
(550, 550, 107, '2024-02-25 01:29:48'),
(551, 551, 139, '2024-02-25 01:29:48'),
(552, 552, 13, '2024-02-25 01:29:48'),
(553, 553, 193, '2024-02-25 01:29:48'),
(554, 554, 178, '2024-02-25 01:29:48'),
(555, 555, 34, '2024-02-25 01:29:48'),
(556, 556, 51, '2024-02-25 01:29:48'),
(557, 557, 11, '2024-02-25 01:29:48'),
(558, 558, 128, '2024-02-25 01:29:48'),
(559, 559, 159, '2024-02-25 01:29:48'),
(560, 560, 183, '2024-02-25 01:29:48'),
(561, 561, 127, '2024-02-25 01:29:48'),
(562, 562, 84, '2024-02-25 01:29:48'),
(563, 563, 25, '2024-02-25 01:29:48'),
(564, 564, 111, '2024-02-25 01:29:48'),
(565, 565, 26, '2024-02-25 01:29:48'),
(566, 566, 8, '2024-02-25 01:29:48'),
(567, 567, 58, '2024-02-25 01:29:48'),
(568, 568, 125, '2024-02-25 01:29:49'),
(569, 569, 222, '2024-02-25 01:29:49'),
(570, 570, 158, '2024-02-25 01:29:49'),
(571, 571, 222, '2024-02-25 01:29:49'),
(572, 572, 86, '2024-02-25 01:29:49'),
(573, 573, 77, '2024-02-25 01:29:49'),
(574, 574, 96, '2024-02-25 01:29:49'),
(575, 575, 23, '2024-02-25 01:29:49'),
(576, 576, 179, '2024-02-25 01:29:49'),
(577, 577, 88, '2024-02-25 01:29:49'),
(578, 578, 195, '2024-02-25 01:29:49'),
(579, 579, 137, '2024-02-25 01:29:49'),
(580, 580, 140, '2024-02-25 01:29:49'),
(581, 581, 115, '2024-02-25 01:29:49'),
(582, 582, 33, '2024-02-25 01:29:49'),
(583, 583, 44, '2024-02-25 01:29:49'),
(584, 584, 214, '2024-02-25 01:29:49'),
(585, 585, 4, '2024-02-25 01:29:49'),
(586, 586, 150, '2024-02-25 01:29:49'),
(587, 587, 73, '2024-02-25 01:29:49'),
(588, 588, 162, '2024-02-25 01:29:49'),
(589, 589, 86, '2024-02-25 01:29:49'),
(590, 590, 191, '2024-02-25 01:29:49'),
(591, 591, 177, '2024-02-25 01:29:49'),
(592, 592, 192, '2024-02-25 01:29:49'),
(593, 593, 79, '2024-02-25 01:29:49'),
(594, 594, 59, '2024-02-25 01:29:49'),
(595, 595, 160, '2024-02-25 01:29:49'),
(596, 596, 199, '2024-02-25 01:29:49'),
(597, 597, 178, '2024-02-25 01:29:49'),
(598, 598, 182, '2024-02-25 01:29:49'),
(599, 599, 108, '2024-02-25 01:29:49'),
(600, 600, 122, '2024-02-25 01:29:49'),
(601, 601, 55, '2024-02-25 01:29:49'),
(602, 602, 97, '2024-02-25 01:29:49'),
(603, 603, 70, '2024-02-25 01:29:49'),
(604, 604, 186, '2024-02-25 01:29:49'),
(605, 605, 53, '2024-02-25 01:29:49'),
(606, 606, 119, '2024-02-25 01:29:49'),
(607, 607, 118, '2024-02-25 01:29:49'),
(608, 608, 41, '2024-02-25 01:29:49'),
(609, 609, 16, '2024-02-25 01:29:49'),
(610, 610, 118, '2024-02-25 01:29:49'),
(611, 611, 129, '2024-02-25 01:29:49'),
(612, 612, 8, '2024-02-25 01:29:49'),
(613, 613, 194, '2024-02-25 01:29:49'),
(614, 614, 99, '2024-02-25 01:29:49'),
(615, 615, 191, '2024-02-25 01:29:49'),
(616, 616, 23, '2024-02-25 01:29:49'),
(617, 617, 193, '2024-02-25 01:29:49'),
(618, 618, 142, '2024-02-25 01:29:49'),
(619, 619, 203, '2024-02-25 01:29:49'),
(620, 620, 63, '2024-02-25 01:29:49'),
(621, 621, 190, '2024-02-25 01:29:49'),
(622, 622, 191, '2024-02-25 01:29:49'),
(623, 623, 109, '2024-02-25 01:29:49'),
(624, 624, 144, '2024-02-25 01:29:49'),
(625, 625, 150, '2024-02-25 01:29:49'),
(626, 626, 222, '2024-02-25 01:29:49'),
(627, 627, 161, '2024-02-25 01:29:49'),
(628, 628, 201, '2024-02-25 01:29:49'),
(629, 629, 54, '2024-02-25 01:29:49'),
(630, 630, 15, '2024-02-25 01:29:49'),
(631, 631, 111, '2024-02-25 01:29:49'),
(632, 632, 37, '2024-02-25 01:29:49'),
(633, 633, 220, '2024-02-25 01:29:49'),
(634, 634, 10, '2024-02-25 01:29:49'),
(635, 635, 56, '2024-02-25 01:29:49'),
(636, 636, 63, '2024-02-25 01:29:49'),
(637, 637, 207, '2024-02-25 01:29:49'),
(638, 638, 135, '2024-02-25 01:29:49'),
(639, 639, 58, '2024-02-25 01:29:49'),
(640, 640, 16, '2024-02-25 01:29:49'),
(641, 641, 29, '2024-02-25 01:29:49'),
(642, 642, 79, '2024-02-25 01:29:49'),
(643, 643, 134, '2024-02-25 01:29:49'),
(644, 644, 99, '2024-02-25 01:29:49'),
(645, 645, 66, '2024-02-25 01:29:49'),
(646, 646, 216, '2024-02-25 01:29:49'),
(647, 647, 116, '2024-02-25 01:29:49'),
(648, 648, 153, '2024-02-25 01:29:49'),
(649, 649, 216, '2024-02-25 01:29:49'),
(650, 650, 219, '2024-02-25 01:29:49'),
(651, 651, 34, '2024-02-25 01:29:49'),
(652, 652, 53, '2024-02-25 01:29:49'),
(653, 653, 170, '2024-02-25 01:29:49'),
(654, 654, 72, '2024-02-25 01:29:49'),
(655, 655, 111, '2024-02-25 01:29:49'),
(656, 656, 122, '2024-02-25 01:29:49'),
(657, 657, 88, '2024-02-25 01:29:50'),
(658, 658, 141, '2024-02-25 01:29:50'),
(659, 659, 7, '2024-02-25 01:29:50'),
(660, 660, 145, '2024-02-25 01:29:50'),
(661, 661, 17, '2024-02-25 01:29:50'),
(662, 662, 106, '2024-02-25 01:29:50'),
(663, 663, 28, '2024-02-25 01:29:50'),
(664, 664, 143, '2024-02-25 01:29:50'),
(665, 665, 32, '2024-02-25 01:29:50'),
(666, 666, 38, '2024-02-25 01:29:50'),
(667, 667, 211, '2024-02-25 01:29:50'),
(668, 668, 210, '2024-02-25 01:29:50'),
(669, 669, 196, '2024-02-25 01:29:50'),
(670, 670, 140, '2024-02-25 01:29:50'),
(671, 671, 41, '2024-02-25 01:29:50'),
(672, 672, 206, '2024-02-25 01:29:50'),
(673, 673, 9, '2024-02-25 01:29:50'),
(674, 674, 217, '2024-02-25 01:29:50'),
(675, 675, 136, '2024-02-25 01:29:50'),
(676, 676, 68, '2024-02-25 01:29:50'),
(677, 677, 164, '2024-02-25 01:29:50'),
(678, 678, 222, '2024-02-25 01:29:50'),
(679, 679, 79, '2024-02-25 01:29:50'),
(680, 680, 126, '2024-02-25 01:29:50'),
(681, 681, 47, '2024-02-25 01:29:50'),
(682, 682, 35, '2024-02-25 01:29:50'),
(683, 683, 136, '2024-02-25 01:29:50'),
(684, 684, 210, '2024-02-25 01:29:50'),
(685, 685, 64, '2024-02-25 01:29:50'),
(686, 686, 67, '2024-02-25 01:29:50'),
(687, 687, 9, '2024-02-25 01:29:50'),
(688, 688, 127, '2024-02-25 01:29:50'),
(689, 689, 143, '2024-02-25 01:29:50'),
(690, 690, 63, '2024-02-25 01:29:50'),
(691, 691, 164, '2024-02-25 01:29:50'),
(692, 692, 191, '2024-02-25 01:29:50'),
(693, 693, 42, '2024-02-25 01:29:50'),
(694, 694, 183, '2024-02-25 01:29:50'),
(695, 695, 133, '2024-02-25 01:29:50'),
(696, 696, 92, '2024-02-25 01:29:50'),
(697, 697, 176, '2024-02-25 01:29:50'),
(698, 698, 174, '2024-02-25 01:29:50'),
(699, 699, 88, '2024-02-25 01:29:50'),
(700, 700, 125, '2024-02-25 01:29:50'),
(701, 701, 175, '2024-02-25 01:29:50'),
(702, 702, 110, '2024-02-25 01:29:50'),
(703, 703, 136, '2024-02-25 01:29:50'),
(704, 704, 91, '2024-02-25 01:29:50'),
(705, 705, 102, '2024-02-25 01:29:50'),
(706, 706, 180, '2024-02-25 01:29:50'),
(707, 707, 221, '2024-02-25 01:29:50'),
(708, 708, 191, '2024-02-25 01:29:50'),
(709, 709, 151, '2024-02-25 01:29:50'),
(710, 710, 206, '2024-02-25 01:29:50'),
(711, 711, 210, '2024-02-25 01:29:50'),
(712, 712, 221, '2024-02-25 01:29:50'),
(713, 713, 23, '2024-02-25 01:29:50'),
(714, 714, 94, '2024-02-25 01:29:50'),
(715, 715, 11, '2024-02-25 01:29:50'),
(716, 716, 158, '2024-02-25 01:29:50'),
(717, 717, 108, '2024-02-25 01:29:50'),
(718, 718, 127, '2024-02-25 01:29:50'),
(719, 719, 16, '2024-02-25 01:29:50'),
(720, 720, 123, '2024-02-25 01:29:50'),
(721, 721, 57, '2024-02-25 01:29:50'),
(722, 722, 100, '2024-02-25 01:29:50'),
(723, 723, 132, '2024-02-25 01:29:50'),
(724, 724, 119, '2024-02-25 01:29:50'),
(725, 725, 176, '2024-02-25 01:29:50'),
(726, 726, 48, '2024-02-25 01:29:50'),
(727, 727, 70, '2024-02-25 01:29:50'),
(728, 728, 27, '2024-02-25 01:29:50'),
(729, 729, 150, '2024-02-25 01:29:50'),
(730, 730, 82, '2024-02-25 01:29:50'),
(731, 731, 57, '2024-02-25 01:29:50'),
(732, 732, 151, '2024-02-25 01:29:50'),
(733, 733, 133, '2024-02-25 01:29:50'),
(734, 734, 68, '2024-02-25 01:29:50'),
(735, 735, 70, '2024-02-25 01:29:50'),
(736, 736, 62, '2024-02-25 01:29:50'),
(737, 737, 222, '2024-02-25 01:29:50'),
(738, 738, 68, '2024-02-25 01:29:50'),
(739, 739, 92, '2024-02-25 01:29:50'),
(740, 740, 93, '2024-02-25 01:29:50'),
(741, 741, 32, '2024-02-25 01:29:50'),
(742, 742, 110, '2024-02-25 01:29:50'),
(743, 743, 79, '2024-02-25 01:29:50'),
(744, 744, 154, '2024-02-25 01:29:50'),
(745, 745, 66, '2024-02-25 01:29:50'),
(746, 746, 152, '2024-02-25 01:29:50'),
(747, 747, 14, '2024-02-25 01:29:51'),
(748, 748, 187, '2024-02-25 01:29:51'),
(749, 749, 169, '2024-02-25 01:29:51'),
(750, 750, 115, '2024-02-25 01:29:51'),
(751, 751, 169, '2024-02-25 01:29:51'),
(752, 752, 221, '2024-02-25 01:29:51'),
(753, 753, 182, '2024-02-25 01:29:51'),
(754, 754, 144, '2024-02-25 01:29:51'),
(755, 755, 40, '2024-02-25 01:29:51'),
(756, 756, 137, '2024-02-25 01:29:51'),
(757, 757, 138, '2024-02-25 01:29:51'),
(758, 758, 163, '2024-02-25 01:29:51'),
(759, 759, 176, '2024-02-25 01:29:51'),
(760, 760, 113, '2024-02-25 01:29:51'),
(761, 761, 121, '2024-02-25 01:29:51'),
(762, 762, 23, '2024-02-25 01:29:51'),
(763, 763, 83, '2024-02-25 01:29:51'),
(764, 764, 49, '2024-02-25 01:29:51'),
(765, 765, 99, '2024-02-25 01:29:51'),
(766, 766, 87, '2024-02-25 01:29:51'),
(767, 767, 86, '2024-02-25 01:29:51'),
(768, 768, 209, '2024-02-25 01:29:51'),
(769, 769, 142, '2024-02-25 01:29:51'),
(770, 770, 204, '2024-02-25 01:29:51'),
(771, 771, 134, '2024-02-25 01:29:51'),
(772, 772, 138, '2024-02-25 01:29:51'),
(773, 773, 184, '2024-02-25 01:29:51'),
(774, 774, 132, '2024-02-25 01:29:51'),
(775, 775, 210, '2024-02-25 01:29:51'),
(776, 776, 177, '2024-02-25 01:29:51'),
(777, 777, 52, '2024-02-25 01:29:51'),
(778, 778, 188, '2024-02-25 01:29:51'),
(779, 779, 32, '2024-02-25 01:29:51'),
(780, 780, 53, '2024-02-25 01:29:51'),
(781, 781, 175, '2024-02-25 01:29:51'),
(782, 782, 169, '2024-02-25 01:29:51'),
(783, 783, 150, '2024-02-25 01:29:51'),
(784, 784, 2, '2024-02-25 01:29:51'),
(785, 785, 43, '2024-02-25 01:29:51'),
(786, 786, 83, '2024-02-25 01:29:51'),
(787, 787, 16, '2024-02-25 01:29:51'),
(788, 788, 173, '2024-02-25 01:29:51'),
(789, 789, 107, '2024-02-25 01:29:51'),
(790, 790, 117, '2024-02-25 01:29:51'),
(791, 791, 173, '2024-02-25 01:29:51'),
(792, 792, 19, '2024-02-25 01:29:51'),
(793, 793, 146, '2024-02-25 01:29:51'),
(794, 794, 35, '2024-02-25 01:29:51'),
(795, 795, 218, '2024-02-25 01:29:51'),
(796, 796, 60, '2024-02-25 01:29:51'),
(797, 797, 37, '2024-02-25 01:29:51'),
(798, 798, 194, '2024-02-25 01:29:51'),
(799, 799, 205, '2024-02-25 01:29:51'),
(800, 800, 28, '2024-02-25 01:29:51'),
(801, 801, 92, '2024-02-25 01:29:51'),
(802, 802, 40, '2024-02-25 01:29:51'),
(803, 803, 36, '2024-02-25 01:29:51'),
(804, 804, 52, '2024-02-25 01:29:51'),
(805, 805, 80, '2024-02-25 01:29:51'),
(806, 806, 60, '2024-02-25 01:29:51'),
(807, 807, 169, '2024-02-25 01:29:51'),
(808, 808, 117, '2024-02-25 01:29:51'),
(809, 809, 78, '2024-02-25 01:29:51'),
(810, 810, 44, '2024-02-25 01:29:51'),
(811, 811, 219, '2024-02-25 01:29:51'),
(812, 812, 180, '2024-02-25 01:29:51'),
(813, 813, 161, '2024-02-25 01:29:51'),
(814, 814, 23, '2024-02-25 01:29:51'),
(815, 815, 18, '2024-02-25 01:29:51'),
(816, 816, 179, '2024-02-25 01:29:51'),
(817, 817, 92, '2024-02-25 01:29:51'),
(818, 818, 41, '2024-02-25 01:29:51'),
(819, 819, 151, '2024-02-25 01:29:51'),
(820, 820, 28, '2024-02-25 01:29:51'),
(821, 821, 183, '2024-02-25 01:29:51'),
(822, 822, 173, '2024-02-25 01:29:51'),
(823, 823, 71, '2024-02-25 01:29:51'),
(824, 824, 219, '2024-02-25 01:29:51'),
(825, 825, 143, '2024-02-25 01:29:51'),
(826, 826, 193, '2024-02-25 01:29:51'),
(827, 827, 72, '2024-02-25 01:29:51'),
(828, 828, 55, '2024-02-25 01:29:51'),
(829, 829, 123, '2024-02-25 01:29:51'),
(830, 830, 83, '2024-02-25 01:29:51'),
(831, 831, 44, '2024-02-25 01:29:51'),
(832, 832, 117, '2024-02-25 01:29:51'),
(833, 833, 116, '2024-02-25 01:29:51'),
(834, 834, 37, '2024-02-25 01:29:51'),
(835, 835, 96, '2024-02-25 01:29:51'),
(836, 836, 16, '2024-02-25 01:29:51'),
(837, 837, 101, '2024-02-25 01:29:52'),
(838, 838, 83, '2024-02-25 01:29:52'),
(839, 839, 90, '2024-02-25 01:29:52'),
(840, 840, 127, '2024-02-25 01:29:52'),
(841, 841, 195, '2024-02-25 01:29:52'),
(842, 842, 50, '2024-02-25 01:29:52'),
(843, 843, 72, '2024-02-25 01:29:52'),
(844, 844, 83, '2024-02-25 01:29:52'),
(845, 845, 105, '2024-02-25 01:29:52'),
(846, 846, 64, '2024-02-25 01:29:52'),
(847, 847, 22, '2024-02-25 01:29:52'),
(848, 848, 30, '2024-02-25 01:29:52'),
(849, 849, 222, '2024-02-25 01:29:52'),
(850, 850, 208, '2024-02-25 01:29:52'),
(851, 851, 136, '2024-02-25 01:29:52'),
(852, 852, 44, '2024-02-25 01:29:52'),
(853, 853, 155, '2024-02-25 01:29:52'),
(854, 854, 45, '2024-02-25 01:29:52'),
(855, 855, 217, '2024-02-25 01:29:52'),
(856, 856, 39, '2024-02-25 01:29:52'),
(857, 857, 2, '2024-02-25 01:29:52'),
(858, 858, 140, '2024-02-25 01:29:52'),
(859, 859, 72, '2024-02-25 01:29:52'),
(860, 860, 216, '2024-02-25 01:29:52'),
(861, 861, 63, '2024-02-25 01:29:52'),
(862, 862, 83, '2024-02-25 01:29:52'),
(863, 863, 7, '2024-02-25 01:29:52'),
(864, 864, 118, '2024-02-25 01:29:52'),
(865, 865, 17, '2024-02-25 01:29:52'),
(866, 866, 19, '2024-02-25 01:29:52'),
(867, 867, 201, '2024-02-25 01:29:52'),
(868, 868, 27, '2024-02-25 01:29:52'),
(869, 869, 213, '2024-02-25 01:29:52'),
(870, 870, 158, '2024-02-25 01:29:52'),
(871, 871, 84, '2024-02-25 01:29:52'),
(872, 872, 146, '2024-02-25 01:29:52'),
(873, 873, 200, '2024-02-25 01:29:52'),
(874, 874, 198, '2024-02-25 01:29:52'),
(875, 875, 101, '2024-02-25 01:29:52'),
(876, 876, 169, '2024-02-25 01:29:52'),
(877, 877, 53, '2024-02-25 01:29:52'),
(878, 878, 199, '2024-02-25 01:29:52'),
(879, 879, 24, '2024-02-25 01:29:52'),
(880, 880, 171, '2024-02-25 01:29:52'),
(881, 881, 190, '2024-02-25 01:29:52'),
(882, 882, 59, '2024-02-25 01:29:52'),
(883, 883, 47, '2024-02-25 01:29:52'),
(884, 884, 16, '2024-02-25 01:29:52'),
(885, 885, 87, '2024-02-25 01:29:52'),
(886, 886, 174, '2024-02-25 01:29:52'),
(887, 887, 122, '2024-02-25 01:29:52'),
(888, 888, 155, '2024-02-25 01:29:52'),
(889, 889, 66, '2024-02-25 01:29:52'),
(890, 890, 202, '2024-02-25 01:29:52'),
(891, 891, 113, '2024-02-25 01:29:52'),
(892, 892, 154, '2024-02-25 01:29:52'),
(893, 893, 110, '2024-02-25 01:29:52'),
(894, 894, 178, '2024-02-25 01:29:52'),
(895, 895, 102, '2024-02-25 01:29:52'),
(896, 896, 150, '2024-02-25 01:29:52'),
(897, 897, 53, '2024-02-25 01:29:52'),
(898, 898, 186, '2024-02-25 01:29:52'),
(899, 899, 161, '2024-02-25 01:29:52'),
(900, 900, 32, '2024-02-25 01:29:52'),
(901, 901, 27, '2024-02-25 01:29:52'),
(902, 902, 176, '2024-02-25 01:29:52'),
(903, 903, 211, '2024-02-25 01:29:52'),
(904, 904, 103, '2024-02-25 01:29:52'),
(905, 905, 197, '2024-02-25 01:29:52'),
(906, 906, 170, '2024-02-25 01:29:52'),
(907, 907, 153, '2024-02-25 01:29:52'),
(908, 908, 211, '2024-02-25 01:29:52'),
(909, 909, 194, '2024-02-25 01:29:52'),
(910, 910, 149, '2024-02-25 01:29:52'),
(911, 911, 19, '2024-02-25 01:29:52'),
(912, 912, 55, '2024-02-25 01:29:52'),
(913, 913, 80, '2024-02-25 01:29:52'),
(914, 914, 163, '2024-02-25 01:29:52'),
(915, 915, 194, '2024-02-25 01:29:52'),
(916, 916, 50, '2024-02-25 01:29:52'),
(917, 917, 198, '2024-02-25 01:29:52'),
(918, 918, 66, '2024-02-25 01:29:52'),
(919, 919, 4, '2024-02-25 01:29:52'),
(920, 920, 21, '2024-02-25 01:29:52'),
(921, 921, 51, '2024-02-25 01:29:52'),
(922, 922, 10, '2024-02-25 01:29:52'),
(923, 923, 142, '2024-02-25 01:29:52'),
(924, 924, 64, '2024-02-25 01:29:52'),
(925, 925, 73, '2024-02-25 01:29:52'),
(926, 926, 79, '2024-02-25 01:29:52'),
(927, 927, 44, '2024-02-25 01:29:53'),
(928, 928, 132, '2024-02-25 01:29:53'),
(929, 929, 8, '2024-02-25 01:29:53'),
(930, 930, 67, '2024-02-25 01:29:53'),
(931, 931, 203, '2024-02-25 01:29:53'),
(932, 932, 81, '2024-02-25 01:29:53'),
(933, 933, 143, '2024-02-25 01:29:53'),
(934, 934, 110, '2024-02-25 01:29:53'),
(935, 935, 18, '2024-02-25 01:29:53'),
(936, 936, 173, '2024-02-25 01:29:53'),
(937, 937, 11, '2024-02-25 01:29:53'),
(938, 938, 144, '2024-02-25 01:29:53'),
(939, 939, 200, '2024-02-25 01:29:53'),
(940, 940, 35, '2024-02-25 01:29:53'),
(941, 941, 8, '2024-02-25 01:29:53'),
(942, 942, 9, '2024-02-25 01:29:53'),
(943, 943, 46, '2024-02-25 01:29:53'),
(944, 944, 158, '2024-02-25 01:29:53'),
(945, 945, 162, '2024-02-25 01:29:53'),
(946, 946, 212, '2024-02-25 01:29:53'),
(947, 947, 29, '2024-02-25 01:29:53'),
(948, 948, 193, '2024-02-25 01:29:53'),
(949, 949, 154, '2024-02-25 01:29:53'),
(950, 950, 175, '2024-02-25 01:29:53'),
(951, 951, 165, '2024-02-25 01:29:53'),
(952, 952, 100, '2024-02-25 01:29:53'),
(953, 953, 2, '2024-02-25 01:29:53'),
(954, 954, 40, '2024-02-25 01:29:53'),
(955, 955, 170, '2024-02-25 01:29:53'),
(956, 956, 88, '2024-02-25 01:29:53'),
(957, 957, 113, '2024-02-25 01:29:53'),
(958, 958, 180, '2024-02-25 01:29:53'),
(959, 959, 79, '2024-02-25 01:29:53'),
(960, 960, 25, '2024-02-25 01:29:53'),
(961, 961, 139, '2024-02-25 01:29:53'),
(962, 962, 136, '2024-02-25 01:29:53'),
(963, 963, 187, '2024-02-25 01:29:53'),
(964, 964, 150, '2024-02-25 01:29:53'),
(965, 965, 157, '2024-02-25 01:29:53'),
(966, 966, 171, '2024-02-25 01:29:53'),
(967, 967, 6, '2024-02-25 01:29:53'),
(968, 968, 176, '2024-02-25 01:29:53'),
(969, 969, 222, '2024-02-25 01:29:53'),
(970, 970, 21, '2024-02-25 01:29:53'),
(971, 971, 86, '2024-02-25 01:29:53'),
(972, 972, 41, '2024-02-25 01:29:53'),
(973, 973, 183, '2024-02-25 01:29:53'),
(974, 974, 129, '2024-02-25 01:29:53'),
(975, 975, 147, '2024-02-25 01:29:53'),
(976, 976, 84, '2024-02-25 01:29:53'),
(977, 977, 145, '2024-02-25 01:29:53'),
(978, 978, 145, '2024-02-25 01:29:53'),
(979, 979, 205, '2024-02-25 01:29:53'),
(980, 980, 184, '2024-02-25 01:29:53'),
(981, 981, 174, '2024-02-25 01:29:53'),
(982, 982, 84, '2024-02-25 01:29:53'),
(983, 983, 219, '2024-02-25 01:29:53'),
(984, 984, 61, '2024-02-25 01:29:53'),
(985, 985, 148, '2024-02-25 01:29:53'),
(986, 986, 45, '2024-02-25 01:29:53'),
(987, 987, 32, '2024-02-25 01:29:53'),
(988, 988, 47, '2024-02-25 01:29:53'),
(989, 989, 61, '2024-02-25 01:29:53'),
(990, 990, 2, '2024-02-25 01:29:53'),
(991, 991, 106, '2024-02-25 01:29:53'),
(992, 992, 7, '2024-02-25 01:29:53'),
(993, 993, 122, '2024-02-25 01:29:53'),
(994, 994, 40, '2024-02-25 01:29:53'),
(995, 995, 144, '2024-02-25 01:29:53'),
(996, 996, 128, '2024-02-25 01:29:53'),
(997, 997, 98, '2024-02-25 01:29:53'),
(998, 998, 154, '2024-02-25 01:29:53'),
(999, 999, 8, '2024-02-25 01:29:53'),
(1000, 1000, 95, '2024-02-25 01:29:53'),
(1001, 25, 192, '2024-02-25 01:37:05'),
(1002, 236, 150, '2024-02-25 01:37:05'),
(1003, 403, 58, '2024-02-25 01:37:05'),
(1004, 472, 205, '2024-02-25 01:37:05'),
(1005, 461, 96, '2024-02-25 01:37:05'),
(1006, 932, 143, '2024-02-25 01:37:05'),
(1007, 922, 173, '2024-02-25 01:37:05'),
(1008, 593, 201, '2024-02-25 01:37:05'),
(1009, 370, 38, '2024-02-25 01:37:05'),
(1010, 425, 143, '2024-02-25 01:37:06'),
(1011, 38, 52, '2024-02-25 01:37:06'),
(1012, 196, 97, '2024-02-25 01:37:06'),
(1013, 146, 200, '2024-02-25 01:37:06'),
(1014, 357, 90, '2024-02-25 01:37:06'),
(1015, 454, 92, '2024-02-25 01:37:06'),
(1016, 434, 96, '2024-02-25 01:37:06'),
(1017, 64, 218, '2024-02-25 01:37:06'),
(1018, 753, 149, '2024-02-25 01:37:06'),
(1019, 417, 30, '2024-02-25 01:37:06'),
(1020, 82, 68, '2024-02-25 01:37:06'),
(1021, 624, 49, '2024-02-25 01:37:06'),
(1022, 780, 109, '2024-02-25 01:37:06'),
(1023, 804, 24, '2024-02-25 01:37:06'),
(1024, 145, 106, '2024-02-25 01:37:06'),
(1025, 369, 95, '2024-02-25 01:37:06'),
(1026, 925, 163, '2024-02-25 01:37:06'),
(1027, 801, 37, '2024-02-25 01:37:06'),
(1028, 4, 83, '2024-02-25 01:37:06'),
(1029, 221, 75, '2024-02-25 01:37:06'),
(1030, 578, 203, '2024-02-25 01:37:06'),
(1031, 201, 102, '2024-02-25 01:37:06'),
(1032, 782, 107, '2024-02-25 01:37:06'),
(1033, 10, 126, '2024-02-25 01:37:06'),
(1034, 32, 188, '2024-02-25 01:37:06'),
(1035, 571, 14, '2024-02-25 01:37:06'),
(1036, 134, 167, '2024-02-25 01:37:06'),
(1037, 126, 62, '2024-02-25 01:37:06'),
(1038, 255, 203, '2024-02-25 01:37:06'),
(1039, 229, 8, '2024-02-25 01:37:06'),
(1040, 725, 220, '2024-02-25 01:37:06'),
(1041, 308, 11, '2024-02-25 01:37:06'),
(1042, 600, 217, '2024-02-25 01:37:06'),
(1043, 322, 32, '2024-02-25 01:37:06'),
(1044, 456, 14, '2024-02-25 01:37:06'),
(1045, 343, 193, '2024-02-25 01:37:06'),
(1046, 863, 98, '2024-02-25 01:37:06'),
(1047, 996, 62, '2024-02-25 01:37:06'),
(1048, 39, 178, '2024-02-25 01:37:06'),
(1049, 146, 148, '2024-02-25 01:37:06'),
(1050, 8, 176, '2024-02-25 01:37:06'),
(1051, 611, 47, '2024-02-25 01:37:06'),
(1052, 448, 144, '2024-02-25 01:37:06'),
(1053, 173, 181, '2024-02-25 01:37:06'),
(1054, 871, 155, '2024-02-25 01:37:06'),
(1055, 449, 105, '2024-02-25 01:37:06'),
(1056, 417, 28, '2024-02-25 01:37:06'),
(1057, 242, 144, '2024-02-25 01:37:06'),
(1058, 977, 149, '2024-02-25 01:37:06'),
(1059, 627, 118, '2024-02-25 01:37:06'),
(1060, 645, 33, '2024-02-25 01:37:06'),
(1061, 502, 55, '2024-02-25 01:37:06'),
(1062, 508, 221, '2024-02-25 01:37:06'),
(1063, 558, 105, '2024-02-25 01:37:06'),
(1064, 106, 106, '2024-02-25 01:37:06'),
(1065, 601, 55, '2024-02-25 01:37:06'),
(1066, 185, 182, '2024-02-25 01:37:06'),
(1067, 1012, 163, '2024-02-25 01:37:06'),
(1068, 318, 209, '2024-02-25 01:37:06'),
(1069, 1021, 105, '2024-02-25 01:37:06'),
(1070, 902, 155, '2024-02-25 01:37:06'),
(1071, 80, 57, '2024-02-25 01:37:06'),
(1072, 313, 183, '2024-02-25 01:37:06'),
(1073, 81, 194, '2024-02-25 01:37:06'),
(1074, 313, 104, '2024-02-25 01:37:06'),
(1075, 477, 167, '2024-02-25 01:37:06'),
(1076, 311, 114, '2024-02-25 01:37:06'),
(1077, 276, 142, '2024-02-25 01:37:06'),
(1078, 46, 221, '2024-02-25 01:37:06'),
(1079, 1009, 115, '2024-02-25 01:37:06'),
(1080, 750, 115, '2024-02-25 01:37:06'),
(1081, 541, 33, '2024-02-25 01:37:06'),
(1082, 529, 32, '2024-02-25 01:37:06'),
(1083, 916, 79, '2024-02-25 01:37:06'),
(1084, 362, 111, '2024-02-25 01:37:06'),
(1085, 372, 152, '2024-02-25 01:37:06'),
(1086, 820, 209, '2024-02-25 01:37:06'),
(1087, 137, 187, '2024-02-25 01:37:06'),
(1088, 146, 36, '2024-02-25 01:37:06'),
(1089, 1014, 42, '2024-02-25 01:37:06'),
(1090, 604, 200, '2024-02-25 01:37:06'),
(1091, 357, 91, '2024-02-25 01:37:06'),
(1092, 597, 189, '2024-02-25 01:37:06'),
(1093, 198, 16, '2024-02-25 01:37:06'),
(1094, 220, 87, '2024-02-25 01:37:06'),
(1095, 923, 102, '2024-02-25 01:37:06'),
(1096, 301, 104, '2024-02-25 01:37:06'),
(1097, 534, 192, '2024-02-25 01:37:06'),
(1098, 458, 87, '2024-02-25 01:37:06'),
(1099, 444, 47, '2024-02-25 01:37:06'),
(1100, 485, 158, '2024-02-25 01:37:06'),
(1101, 1022, 88, '2024-02-25 01:37:06'),
(1102, 822, 203, '2024-02-25 01:37:06'),
(1103, 8, 19, '2024-02-25 01:37:06'),
(1104, 359, 143, '2024-02-25 01:37:06'),
(1105, 129, 83, '2024-02-25 01:37:06'),
(1106, 964, 90, '2024-02-25 01:37:07'),
(1107, 966, 23, '2024-02-25 01:37:07'),
(1108, 813, 192, '2024-02-25 01:37:07'),
(1109, 637, 23, '2024-02-25 01:37:07'),
(1110, 27, 143, '2024-02-25 01:37:07'),
(1111, 555, 20, '2024-02-25 01:37:07'),
(1112, 186, 167, '2024-02-25 01:37:07'),
(1113, 256, 98, '2024-02-25 01:37:07'),
(1114, 813, 194, '2024-02-25 01:37:07'),
(1115, 887, 163, '2024-02-25 01:37:07'),
(1116, 722, 213, '2024-02-25 01:37:07'),
(1117, 546, 216, '2024-02-25 01:37:07'),
(1118, 207, 47, '2024-02-25 01:37:07'),
(1119, 850, 193, '2024-02-25 01:37:07'),
(1120, 439, 150, '2024-02-25 01:37:07'),
(1121, 453, 62, '2024-02-25 01:37:07'),
(1122, 475, 222, '2024-02-25 01:37:07'),
(1123, 583, 65, '2024-02-25 01:37:07'),
(1124, 701, 105, '2024-02-25 01:37:07'),
(1125, 438, 137, '2024-02-25 01:37:07'),
(1126, 254, 90, '2024-02-25 01:37:07'),
(1127, 29, 141, '2024-02-25 01:37:07'),
(1128, 359, 187, '2024-02-25 01:37:07'),
(1129, 812, 122, '2024-02-25 01:37:07'),
(1130, 648, 171, '2024-02-25 01:37:07'),
(1131, 614, 184, '2024-02-25 01:37:07'),
(1132, 409, 19, '2024-02-25 01:37:07'),
(1133, 919, 136, '2024-02-25 01:37:07'),
(1134, 758, 207, '2024-02-25 01:37:07'),
(1135, 796, 22, '2024-02-25 01:37:07'),
(1136, 87, 24, '2024-02-25 01:37:07'),
(1137, 479, 119, '2024-02-25 01:37:07'),
(1138, 849, 160, '2024-02-25 01:37:07'),
(1139, 234, 127, '2024-02-25 01:37:07'),
(1140, 922, 92, '2024-02-25 01:37:07'),
(1141, 360, 183, '2024-02-25 01:37:07'),
(1142, 236, 30, '2024-02-25 01:37:07'),
(1143, 132, 65, '2024-02-25 01:37:07'),
(1144, 477, 76, '2024-02-25 01:37:07'),
(1145, 1014, 49, '2024-02-25 01:37:07'),
(1146, 730, 69, '2024-02-25 01:37:07'),
(1147, 868, 114, '2024-02-25 01:37:07'),
(1148, 408, 165, '2024-02-25 01:37:07'),
(1149, 1004, 34, '2024-02-25 01:37:07'),
(1150, 650, 198, '2024-02-25 01:37:07'),
(1151, 869, 188, '2024-02-25 01:37:07'),
(1152, 392, 56, '2024-02-25 01:37:07'),
(1153, 64, 157, '2024-02-25 01:37:07'),
(1154, 536, 49, '2024-02-25 01:37:07'),
(1155, 820, 4, '2024-02-25 01:37:07'),
(1156, 26, 205, '2024-02-25 01:37:07'),
(1157, 884, 2, '2024-02-25 01:37:07'),
(1158, 61, 17, '2024-02-25 01:37:07'),
(1159, 906, 134, '2024-02-25 01:37:07'),
(1160, 928, 92, '2024-02-25 01:37:07'),
(1161, 574, 176, '2024-02-25 01:37:07'),
(1162, 647, 72, '2024-02-25 01:37:07'),
(1163, 717, 164, '2024-02-25 01:37:07'),
(1164, 410, 59, '2024-02-25 01:37:07'),
(1165, 103, 129, '2024-02-25 01:37:07'),
(1166, 195, 3, '2024-02-25 01:37:07'),
(1167, 190, 53, '2024-02-25 01:37:07'),
(1168, 859, 155, '2024-02-25 01:37:07'),
(1169, 721, 205, '2024-02-25 01:37:07'),
(1170, 1019, 26, '2024-02-25 01:37:07'),
(1171, 977, 15, '2024-02-25 01:37:07'),
(1172, 46, 3, '2024-02-25 01:37:07'),
(1173, 868, 141, '2024-02-25 01:37:07'),
(1174, 99, 42, '2024-02-25 01:37:07'),
(1175, 430, 126, '2024-02-25 01:37:07'),
(1176, 177, 32, '2024-02-25 01:37:07'),
(1177, 888, 61, '2024-02-25 01:37:07'),
(1178, 393, 38, '2024-02-25 01:37:07'),
(1179, 434, 192, '2024-02-25 01:37:07'),
(1180, 668, 147, '2024-02-25 01:37:07'),
(1181, 937, 71, '2024-02-25 01:37:07'),
(1182, 141, 172, '2024-02-25 01:37:07'),
(1183, 166, 196, '2024-02-25 01:37:07'),
(1184, 1020, 151, '2024-02-25 01:37:07'),
(1185, 19, 194, '2024-02-25 01:37:07'),
(1186, 230, 9, '2024-02-25 01:37:07'),
(1187, 728, 91, '2024-02-25 01:37:07'),
(1188, 519, 119, '2024-02-25 01:37:07'),
(1189, 563, 211, '2024-02-25 01:37:07'),
(1190, 1013, 217, '2024-02-25 01:37:07'),
(1191, 33, 197, '2024-02-25 01:37:07'),
(1192, 999, 15, '2024-02-25 01:37:07'),
(1193, 166, 99, '2024-02-25 01:37:08'),
(1194, 222, 181, '2024-02-25 01:37:08'),
(1195, 389, 5, '2024-02-25 01:37:08'),
(1196, 191, 44, '2024-02-25 01:37:08'),
(1197, 799, 99, '2024-02-25 01:37:08'),
(1198, 897, 114, '2024-02-25 01:37:08'),
(1199, 99, 56, '2024-02-25 01:37:08'),
(1200, 343, 4, '2024-02-25 01:37:08'),
(1201, 141, 20, '2024-02-25 01:37:08'),
(1202, 577, 210, '2024-02-25 01:37:08'),
(1203, 778, 166, '2024-02-25 01:37:08'),
(1204, 995, 220, '2024-02-25 01:37:08'),
(1205, 319, 182, '2024-02-25 01:37:08'),
(1206, 961, 222, '2024-02-25 01:37:08'),
(1207, 559, 202, '2024-02-25 01:37:08'),
(1208, 834, 61, '2024-02-25 01:37:08'),
(1209, 436, 5, '2024-02-25 01:37:08'),
(1210, 163, 101, '2024-02-25 01:37:08'),
(1211, 55, 27, '2024-02-25 01:37:08'),
(1212, 143, 27, '2024-02-25 01:37:08'),
(1213, 125, 12, '2024-02-25 01:37:08'),
(1214, 545, 90, '2024-02-25 01:37:08'),
(1215, 95, 115, '2024-02-25 01:37:08'),
(1216, 790, 198, '2024-02-25 01:37:08'),
(1217, 820, 54, '2024-02-25 01:37:08'),
(1218, 969, 120, '2024-02-25 01:37:08'),
(1219, 1010, 168, '2024-02-25 01:37:08'),
(1220, 1022, 141, '2024-02-25 01:37:08'),
(1221, 706, 179, '2024-02-25 01:37:08'),
(1222, 237, 24, '2024-02-25 01:37:08'),
(1223, 450, 177, '2024-02-25 01:37:08'),
(1224, 891, 196, '2024-02-25 01:37:08'),
(1225, 75, 203, '2024-02-25 01:37:08'),
(1226, 352, 192, '2024-02-25 01:37:08'),
(1227, 396, 121, '2024-02-25 01:37:08'),
(1228, 258, 41, '2024-02-25 01:37:08'),
(1229, 611, 97, '2024-02-25 01:37:08'),
(1230, 621, 25, '2024-02-25 01:37:08'),
(1231, 681, 60, '2024-02-25 01:37:08'),
(1232, 665, 107, '2024-02-25 01:37:08'),
(1233, 890, 145, '2024-02-25 01:37:08'),
(1234, 985, 9, '2024-02-25 01:37:08'),
(1235, 475, 102, '2024-02-25 01:37:08'),
(1236, 750, 9, '2024-02-25 01:37:08'),
(1237, 530, 112, '2024-02-25 01:37:08'),
(1238, 556, 182, '2024-02-25 01:37:08'),
(1239, 217, 186, '2024-02-25 01:37:08'),
(1240, 319, 147, '2024-02-25 01:37:08'),
(1241, 202, 189, '2024-02-25 01:37:08'),
(1242, 353, 211, '2024-02-25 01:37:08'),
(1243, 933, 220, '2024-02-25 01:37:08'),
(1244, 610, 64, '2024-02-25 01:37:08'),
(1245, 865, 29, '2024-02-25 01:37:08'),
(1246, 99, 222, '2024-02-25 01:37:08'),
(1247, 419, 21, '2024-02-25 01:37:08'),
(1248, 50, 104, '2024-02-25 01:37:08'),
(1249, 999, 139, '2024-02-25 01:37:08'),
(1250, 544, 93, '2024-02-25 01:37:08'),
(1251, 426, 132, '2024-02-25 01:37:08'),
(1252, 986, 205, '2024-02-25 01:37:08'),
(1253, 450, 47, '2024-02-25 01:37:08'),
(1254, 633, 222, '2024-02-25 01:37:08'),
(1255, 663, 167, '2024-02-25 01:37:08'),
(1256, 387, 19, '2024-02-25 01:37:08'),
(1257, 24, 148, '2024-02-25 01:37:08'),
(1258, 552, 153, '2024-02-25 01:37:08'),
(1259, 938, 138, '2024-02-25 01:37:08'),
(1260, 479, 177, '2024-02-25 01:37:08'),
(1261, 915, 109, '2024-02-25 01:37:08'),
(1262, 31, 115, '2024-02-25 01:37:08'),
(1263, 984, 172, '2024-02-25 01:37:08'),
(1264, 958, 203, '2024-02-25 01:37:08'),
(1265, 342, 57, '2024-02-25 01:37:08'),
(1266, 129, 215, '2024-02-25 01:37:08'),
(1267, 250, 105, '2024-02-25 01:37:08'),
(1268, 300, 193, '2024-02-25 01:37:08'),
(1269, 120, 114, '2024-02-25 01:37:08'),
(1270, 449, 198, '2024-02-25 01:37:08'),
(1271, 106, 35, '2024-02-25 01:37:08'),
(1272, 737, 147, '2024-02-25 01:37:08'),
(1273, 343, 209, '2024-02-25 01:37:08'),
(1274, 233, 55, '2024-02-25 01:37:08'),
(1275, 1018, 15, '2024-02-25 01:37:08'),
(1276, 904, 24, '2024-02-25 01:37:08'),
(1277, 484, 12, '2024-02-25 01:37:08'),
(1278, 70, 136, '2024-02-25 01:37:09'),
(1279, 946, 210, '2024-02-25 01:37:09'),
(1280, 788, 125, '2024-02-25 01:37:09'),
(1281, 828, 167, '2024-02-25 01:37:09'),
(1282, 563, 203, '2024-02-25 01:37:09'),
(1283, 823, 216, '2024-02-25 01:37:09'),
(1284, 163, 102, '2024-02-25 01:37:09'),
(1285, 926, 45, '2024-02-25 01:37:09'),
(1286, 970, 59, '2024-02-25 01:37:09'),
(1287, 154, 137, '2024-02-25 01:37:09'),
(1288, 180, 97, '2024-02-25 01:37:09'),
(1289, 998, 81, '2024-02-25 01:37:09'),
(1290, 429, 139, '2024-02-25 01:37:09'),
(1291, 963, 9, '2024-02-25 01:37:09'),
(1292, 313, 200, '2024-02-25 01:37:09'),
(1293, 188, 84, '2024-02-25 01:37:09'),
(1294, 855, 199, '2024-02-25 01:37:09'),
(1295, 533, 5, '2024-02-25 01:37:09'),
(1296, 106, 158, '2024-02-25 01:37:09'),
(1297, 131, 130, '2024-02-25 01:37:09'),
(1298, 584, 68, '2024-02-25 01:37:09'),
(1299, 794, 220, '2024-02-25 01:37:09'),
(1300, 239, 15, '2024-02-25 01:37:09'),
(1301, 609, 188, '2024-02-25 01:37:09'),
(1302, 405, 87, '2024-02-25 01:37:09'),
(1303, 669, 89, '2024-02-25 01:37:09'),
(1304, 683, 208, '2024-02-25 01:37:09'),
(1305, 501, 113, '2024-02-25 01:37:09'),
(1306, 173, 106, '2024-02-25 01:37:09'),
(1307, 806, 172, '2024-02-25 01:37:09'),
(1308, 24, 39, '2024-02-25 01:37:09'),
(1309, 838, 83, '2024-02-25 01:37:09'),
(1310, 422, 76, '2024-02-25 01:37:09'),
(1311, 51, 214, '2024-02-25 01:37:09'),
(1312, 298, 75, '2024-02-25 01:37:09'),
(1313, 413, 136, '2024-02-25 01:37:09'),
(1314, 402, 197, '2024-02-25 01:37:09'),
(1315, 344, 157, '2024-02-25 01:37:09'),
(1316, 405, 8, '2024-02-25 01:37:09'),
(1317, 489, 175, '2024-02-25 01:37:09'),
(1318, 561, 24, '2024-02-25 01:37:09'),
(1319, 916, 32, '2024-02-25 01:37:09'),
(1320, 497, 65, '2024-02-25 01:37:09'),
(1321, 525, 155, '2024-02-25 01:37:09'),
(1322, 423, 203, '2024-02-25 01:37:09'),
(1323, 616, 23, '2024-02-25 01:37:09'),
(1324, 713, 100, '2024-02-25 01:37:09'),
(1325, 484, 4, '2024-02-25 01:37:09'),
(1326, 731, 160, '2024-02-25 01:37:09'),
(1327, 123, 48, '2024-02-25 01:37:09'),
(1328, 644, 131, '2024-02-25 01:37:09');
INSERT INTO `Favorites` (`favorite_id`, `user_id`, `image_id`, `added_at`) VALUES
(1329, 400, 104, '2024-02-25 01:37:09'),
(1330, 352, 105, '2024-02-25 01:37:09'),
(1331, 110, 209, '2024-02-25 01:37:09'),
(1332, 111, 172, '2024-02-25 01:37:09'),
(1333, 495, 27, '2024-02-25 01:37:09'),
(1334, 573, 217, '2024-02-25 01:37:09'),
(1335, 882, 174, '2024-02-25 01:37:09'),
(1336, 269, 111, '2024-02-25 01:37:09'),
(1337, 692, 48, '2024-02-25 01:37:09'),
(1338, 534, 103, '2024-02-25 01:37:09'),
(1339, 749, 163, '2024-02-25 01:37:09'),
(1340, 771, 134, '2024-02-25 01:37:09'),
(1341, 168, 100, '2024-02-25 01:37:09'),
(1342, 98, 150, '2024-02-25 01:37:09'),
(1343, 86, 146, '2024-02-25 01:37:09'),
(1344, 24, 138, '2024-02-25 01:37:09'),
(1345, 327, 147, '2024-02-25 01:37:09'),
(1346, 837, 146, '2024-02-25 01:37:09'),
(1347, 123, 196, '2024-02-25 01:37:09'),
(1348, 700, 119, '2024-02-25 01:37:09'),
(1349, 158, 162, '2024-02-25 01:37:09'),
(1350, 523, 174, '2024-02-25 01:37:09'),
(1351, 480, 121, '2024-02-25 01:37:09'),
(1352, 111, 123, '2024-02-25 01:37:09'),
(1353, 901, 70, '2024-02-25 01:37:09'),
(1354, 86, 196, '2024-02-25 01:37:09'),
(1355, 942, 35, '2024-02-25 01:37:09'),
(1356, 883, 53, '2024-02-25 01:37:09'),
(1357, 1010, 48, '2024-02-25 01:37:09'),
(1358, 868, 134, '2024-02-25 01:37:09'),
(1359, 81, 212, '2024-02-25 01:37:09'),
(1360, 472, 193, '2024-02-25 01:37:09'),
(1361, 117, 147, '2024-02-25 01:37:09'),
(1362, 392, 149, '2024-02-25 01:37:09'),
(1363, 994, 88, '2024-02-25 01:37:09'),
(1364, 604, 206, '2024-02-25 01:37:09'),
(1365, 624, 144, '2024-02-25 01:37:10'),
(1366, 40, 39, '2024-02-25 01:37:10'),
(1367, 680, 128, '2024-02-25 01:37:10'),
(1368, 113, 214, '2024-02-25 01:37:10'),
(1369, 513, 112, '2024-02-25 01:37:10'),
(1370, 860, 143, '2024-02-25 01:37:10'),
(1371, 21, 76, '2024-02-25 01:37:10'),
(1372, 578, 78, '2024-02-25 01:37:10'),
(1373, 775, 106, '2024-02-25 01:37:10'),
(1374, 112, 100, '2024-02-25 01:37:10'),
(1375, 615, 71, '2024-02-25 01:37:10'),
(1376, 339, 159, '2024-02-25 01:37:10'),
(1377, 881, 111, '2024-02-25 01:37:10'),
(1378, 949, 221, '2024-02-25 01:37:10'),
(1379, 560, 69, '2024-02-25 01:37:10'),
(1380, 692, 127, '2024-02-25 01:37:10'),
(1381, 836, 112, '2024-02-25 01:37:10'),
(1382, 577, 72, '2024-02-25 01:37:10'),
(1383, 40, 134, '2024-02-25 01:37:10'),
(1384, 149, 157, '2024-02-25 01:37:10'),
(1385, 186, 38, '2024-02-25 01:37:10'),
(1386, 669, 49, '2024-02-25 01:37:10'),
(1387, 961, 114, '2024-02-25 01:37:10'),
(1388, 269, 195, '2024-02-25 01:37:10'),
(1389, 87, 3, '2024-02-25 01:37:10'),
(1390, 608, 34, '2024-02-25 01:37:10'),
(1391, 841, 81, '2024-02-25 01:37:10'),
(1392, 839, 216, '2024-02-25 01:37:10'),
(1393, 642, 150, '2024-02-25 01:37:10'),
(1394, 535, 87, '2024-02-25 01:37:10'),
(1395, 735, 152, '2024-02-25 01:37:10'),
(1396, 458, 208, '2024-02-25 01:37:10'),
(1397, 831, 81, '2024-02-25 01:37:10'),
(1398, 83, 133, '2024-02-25 01:37:10'),
(1399, 837, 48, '2024-02-25 01:37:10'),
(1400, 822, 51, '2024-02-25 01:37:10'),
(1401, 560, 121, '2024-02-25 01:37:10'),
(1402, 545, 109, '2024-02-25 01:37:10'),
(1403, 986, 119, '2024-02-25 01:37:10'),
(1404, 101, 159, '2024-02-25 01:37:10'),
(1405, 352, 149, '2024-02-25 01:37:10'),
(1406, 990, 44, '2024-02-25 01:37:10'),
(1407, 107, 43, '2024-02-25 01:37:10'),
(1408, 577, 113, '2024-02-25 01:37:10'),
(1409, 834, 220, '2024-02-25 01:37:10'),
(1410, 167, 142, '2024-02-25 01:37:10'),
(1411, 473, 168, '2024-02-25 01:37:10'),
(1412, 458, 212, '2024-02-25 01:37:10'),
(1413, 509, 38, '2024-02-25 01:37:10'),
(1414, 955, 2, '2024-02-25 01:37:10'),
(1415, 954, 166, '2024-02-25 01:37:10'),
(1416, 427, 91, '2024-02-25 01:37:10'),
(1417, 173, 61, '2024-02-25 01:37:10'),
(1418, 464, 152, '2024-02-25 01:37:10'),
(1419, 812, 213, '2024-02-25 01:37:10'),
(1420, 217, 37, '2024-02-25 01:37:10'),
(1421, 206, 12, '2024-02-25 01:37:10'),
(1422, 294, 1, '2024-02-25 01:37:10'),
(1423, 594, 219, '2024-02-25 01:37:10'),
(1424, 479, 103, '2024-02-25 01:37:10'),
(1425, 518, 49, '2024-02-25 01:37:10'),
(1426, 48, 175, '2024-02-25 01:37:10'),
(1427, 269, 23, '2024-02-25 01:37:10'),
(1428, 955, 63, '2024-02-25 01:37:10'),
(1429, 701, 95, '2024-02-25 01:37:10'),
(1430, 789, 164, '2024-02-25 01:37:10'),
(1431, 598, 26, '2024-02-25 01:37:10'),
(1432, 549, 90, '2024-02-25 01:37:10'),
(1433, 153, 213, '2024-02-25 01:37:10'),
(1434, 61, 134, '2024-02-25 01:37:10'),
(1435, 285, 144, '2024-02-25 01:37:10'),
(1436, 200, 43, '2024-02-25 01:37:10'),
(1437, 673, 92, '2024-02-25 01:37:10'),
(1438, 347, 159, '2024-02-25 01:37:10'),
(1439, 481, 86, '2024-02-25 01:37:10'),
(1440, 789, 46, '2024-02-25 01:37:10'),
(1441, 145, 24, '2024-02-25 01:37:10'),
(1442, 155, 140, '2024-02-25 01:37:10'),
(1443, 297, 195, '2024-02-25 01:37:10'),
(1444, 711, 212, '2024-02-25 01:37:10'),
(1445, 28, 153, '2024-02-25 01:37:10'),
(1446, 979, 120, '2024-02-25 01:37:10'),
(1447, 520, 137, '2024-02-25 01:37:10'),
(1448, 995, 11, '2024-02-25 01:37:10'),
(1449, 250, 35, '2024-02-25 01:37:10'),
(1450, 514, 59, '2024-02-25 01:37:10'),
(1451, 362, 123, '2024-02-25 01:37:10'),
(1452, 913, 108, '2024-02-25 01:37:10'),
(1453, 974, 149, '2024-02-25 01:37:11'),
(1454, 934, 145, '2024-02-25 01:37:11'),
(1455, 862, 57, '2024-02-25 01:37:11'),
(1456, 242, 31, '2024-02-25 01:37:11'),
(1457, 633, 163, '2024-02-25 01:37:11'),
(1458, 895, 174, '2024-02-25 01:37:11'),
(1459, 210, 119, '2024-02-25 01:37:11'),
(1460, 1003, 157, '2024-02-25 01:37:11'),
(1461, 563, 25, '2024-02-25 01:37:11'),
(1462, 342, 111, '2024-02-25 01:37:11'),
(1463, 352, 59, '2024-02-25 01:37:11'),
(1464, 299, 164, '2024-02-25 01:37:11'),
(1465, 52, 52, '2024-02-25 01:37:11'),
(1466, 846, 37, '2024-02-25 01:37:11'),
(1467, 691, 174, '2024-02-25 01:37:11'),
(1468, 264, 35, '2024-02-25 01:37:11'),
(1469, 177, 119, '2024-02-25 01:37:11'),
(1470, 998, 47, '2024-02-25 01:37:11'),
(1471, 577, 98, '2024-02-25 01:37:11'),
(1472, 825, 63, '2024-02-25 01:37:11'),
(1473, 894, 24, '2024-02-25 01:37:11'),
(1474, 876, 18, '2024-02-25 01:37:11'),
(1475, 274, 132, '2024-02-25 01:37:11'),
(1476, 393, 20, '2024-02-25 01:37:11'),
(1477, 266, 87, '2024-02-25 01:37:11'),
(1478, 828, 2, '2024-02-25 01:37:11'),
(1479, 453, 18, '2024-02-25 01:37:11'),
(1480, 208, 116, '2024-02-25 01:37:11'),
(1481, 808, 79, '2024-02-25 01:37:11'),
(1482, 594, 117, '2024-02-25 01:37:11'),
(1483, 24, 186, '2024-02-25 01:37:11'),
(1484, 212, 67, '2024-02-25 01:37:11'),
(1485, 492, 167, '2024-02-25 01:37:11'),
(1486, 450, 219, '2024-02-25 01:37:11'),
(1487, 58, 116, '2024-02-25 01:37:11'),
(1488, 575, 199, '2024-02-25 01:37:11'),
(1489, 294, 211, '2024-02-25 01:37:11'),
(1490, 1002, 84, '2024-02-25 01:37:11'),
(1491, 269, 176, '2024-02-25 01:37:11'),
(1492, 893, 49, '2024-02-25 01:37:11'),
(1493, 423, 167, '2024-02-25 01:37:11'),
(1494, 754, 47, '2024-02-25 01:37:11'),
(1495, 680, 212, '2024-02-25 01:37:11'),
(1496, 702, 9, '2024-02-25 01:37:11'),
(1497, 474, 215, '2024-02-25 01:37:11'),
(1498, 580, 157, '2024-02-25 01:37:11'),
(1499, 243, 172, '2024-02-25 01:37:11'),
(1500, 904, 214, '2024-02-25 01:37:11'),
(1501, 710, 3, '2024-02-25 01:37:11'),
(1502, 454, 67, '2024-02-25 01:37:11'),
(1503, 255, 13, '2024-02-25 01:37:11'),
(1504, 296, 45, '2024-02-25 01:37:11'),
(1505, 105, 57, '2024-02-25 01:37:11'),
(1506, 97, 3, '2024-02-25 01:37:11'),
(1507, 834, 82, '2024-02-25 01:37:11'),
(1508, 179, 52, '2024-02-25 01:37:11'),
(1509, 316, 14, '2024-02-25 01:37:11'),
(1510, 204, 181, '2024-02-25 01:37:11'),
(1511, 498, 15, '2024-02-25 01:37:11'),
(1512, 42, 218, '2024-02-25 01:37:11'),
(1513, 545, 93, '2024-02-25 01:37:11'),
(1514, 555, 169, '2024-02-25 01:37:11'),
(1515, 931, 190, '2024-02-25 01:37:11'),
(1516, 817, 185, '2024-02-25 01:37:11'),
(1517, 860, 123, '2024-02-25 01:37:11'),
(1518, 935, 193, '2024-02-25 01:37:11'),
(1519, 514, 154, '2024-02-25 01:37:11'),
(1520, 543, 59, '2024-02-25 01:37:11'),
(1521, 275, 189, '2024-02-25 01:37:11'),
(1522, 677, 189, '2024-02-25 01:37:11'),
(1523, 305, 103, '2024-02-25 01:37:11'),
(1524, 673, 85, '2024-02-25 01:37:11'),
(1525, 114, 136, '2024-02-25 01:37:11'),
(1526, 917, 55, '2024-02-25 01:37:11'),
(1527, 118, 57, '2024-02-25 01:37:11'),
(1528, 757, 163, '2024-02-25 01:37:11'),
(1529, 598, 133, '2024-02-25 01:37:11'),
(1530, 373, 24, '2024-02-25 01:37:11'),
(1531, 279, 8, '2024-02-25 01:37:11'),
(1532, 267, 165, '2024-02-25 01:37:11'),
(1533, 974, 167, '2024-02-25 01:37:11'),
(1534, 497, 70, '2024-02-25 01:37:11'),
(1535, 304, 73, '2024-02-25 01:37:11'),
(1536, 456, 19, '2024-02-25 01:37:11'),
(1537, 884, 122, '2024-02-25 01:37:11'),
(1538, 22, 172, '2024-02-25 01:37:11'),
(1539, 259, 50, '2024-02-25 01:37:11'),
(1540, 690, 116, '2024-02-25 01:37:12'),
(1541, 920, 123, '2024-02-25 01:37:12'),
(1542, 165, 10, '2024-02-25 01:37:12'),
(1543, 710, 53, '2024-02-25 01:37:12'),
(1544, 365, 213, '2024-02-25 01:37:12'),
(1545, 19, 65, '2024-02-25 01:37:12'),
(1546, 766, 106, '2024-02-25 01:37:12'),
(1547, 192, 173, '2024-02-25 01:37:12'),
(1548, 59, 156, '2024-02-25 01:37:12'),
(1549, 200, 135, '2024-02-25 01:37:12'),
(1550, 720, 55, '2024-02-25 01:37:12'),
(1551, 570, 22, '2024-02-25 01:37:12'),
(1552, 679, 196, '2024-02-25 01:37:12'),
(1553, 982, 122, '2024-02-25 01:37:12'),
(1554, 49, 75, '2024-02-25 01:37:12'),
(1555, 189, 17, '2024-02-25 01:37:12'),
(1556, 1019, 136, '2024-02-25 01:37:12'),
(1557, 697, 160, '2024-02-25 01:37:12'),
(1558, 443, 127, '2024-02-25 01:37:12'),
(1559, 44, 10, '2024-02-25 01:37:12'),
(1560, 68, 113, '2024-02-25 01:37:12'),
(1561, 233, 17, '2024-02-25 01:37:12'),
(1562, 836, 160, '2024-02-25 01:37:12'),
(1563, 235, 128, '2024-02-25 01:37:12'),
(1564, 883, 82, '2024-02-25 01:37:12'),
(1565, 915, 187, '2024-02-25 01:37:12'),
(1566, 571, 29, '2024-02-25 01:37:12'),
(1567, 662, 207, '2024-02-25 01:37:12'),
(1568, 292, 162, '2024-02-25 01:37:12'),
(1569, 481, 219, '2024-02-25 01:37:12'),
(1570, 45, 150, '2024-02-25 01:37:12'),
(1571, 408, 4, '2024-02-25 01:37:12'),
(1572, 159, 54, '2024-02-25 01:37:12'),
(1573, 48, 23, '2024-02-25 01:37:12'),
(1574, 988, 76, '2024-02-25 01:37:12'),
(1575, 83, 35, '2024-02-25 01:37:12'),
(1576, 154, 95, '2024-02-25 01:37:12'),
(1577, 706, 115, '2024-02-25 01:37:12'),
(1578, 928, 187, '2024-02-25 01:37:12'),
(1579, 490, 20, '2024-02-25 01:37:12'),
(1580, 276, 200, '2024-02-25 01:37:12'),
(1581, 639, 195, '2024-02-25 01:37:12'),
(1582, 670, 33, '2024-02-25 01:37:12'),
(1583, 949, 169, '2024-02-25 01:37:12'),
(1584, 363, 98, '2024-02-25 01:37:12'),
(1585, 265, 164, '2024-02-25 01:37:12'),
(1586, 993, 39, '2024-02-25 01:37:12'),
(1587, 601, 186, '2024-02-25 01:37:12'),
(1588, 438, 207, '2024-02-25 01:37:12'),
(1589, 864, 165, '2024-02-25 01:37:12'),
(1590, 687, 10, '2024-02-25 01:37:12'),
(1591, 408, 182, '2024-02-25 01:37:12'),
(1592, 101, 194, '2024-02-25 01:37:12'),
(1593, 512, 107, '2024-02-25 01:37:12'),
(1594, 616, 19, '2024-02-25 01:37:12'),
(1595, 199, 218, '2024-02-25 01:37:12'),
(1596, 820, 142, '2024-02-25 01:37:12'),
(1597, 676, 173, '2024-02-25 01:37:12'),
(1598, 226, 188, '2024-02-25 01:37:12'),
(1599, 893, 169, '2024-02-25 01:37:12'),
(1600, 527, 142, '2024-02-25 01:37:12'),
(1601, 1013, 86, '2024-02-25 01:37:12'),
(1602, 436, 221, '2024-02-25 01:37:12'),
(1603, 453, 110, '2024-02-25 01:37:12'),
(1604, 626, 128, '2024-02-25 01:37:12'),
(1605, 483, 4, '2024-02-25 01:37:12'),
(1606, 406, 130, '2024-02-25 01:37:12'),
(1607, 461, 147, '2024-02-25 01:37:12'),
(1608, 275, 21, '2024-02-25 01:37:12'),
(1609, 352, 57, '2024-02-25 01:37:12'),
(1610, 614, 192, '2024-02-25 01:37:12'),
(1611, 582, 128, '2024-02-25 01:37:12'),
(1612, 436, 63, '2024-02-25 01:37:12'),
(1613, 709, 145, '2024-02-25 01:37:12'),
(1614, 736, 31, '2024-02-25 01:37:12'),
(1615, 848, 165, '2024-02-25 01:37:12'),
(1616, 237, 60, '2024-02-25 01:37:12'),
(1617, 559, 8, '2024-02-25 01:37:12'),
(1618, 428, 220, '2024-02-25 01:37:12'),
(1619, 506, 65, '2024-02-25 01:37:12'),
(1620, 780, 144, '2024-02-25 01:37:12'),
(1621, 147, 113, '2024-02-25 01:37:12'),
(1622, 114, 106, '2024-02-25 01:37:12'),
(1623, 216, 56, '2024-02-25 01:37:12'),
(1624, 271, 78, '2024-02-25 01:37:12'),
(1625, 28, 222, '2024-02-25 01:37:12'),
(1626, 816, 87, '2024-02-25 01:37:12'),
(1627, 226, 198, '2024-02-25 01:37:12'),
(1628, 241, 41, '2024-02-25 01:37:13'),
(1629, 486, 116, '2024-02-25 01:37:13'),
(1630, 859, 42, '2024-02-25 01:37:13'),
(1631, 531, 30, '2024-02-25 01:37:13'),
(1632, 512, 63, '2024-02-25 01:37:13'),
(1633, 498, 61, '2024-02-25 01:37:13'),
(1634, 195, 83, '2024-02-25 01:37:13'),
(1635, 380, 87, '2024-02-25 01:37:13'),
(1636, 522, 151, '2024-02-25 01:37:13'),
(1637, 148, 160, '2024-02-25 01:37:13'),
(1638, 918, 83, '2024-02-25 01:37:13'),
(1639, 629, 74, '2024-02-25 01:37:13'),
(1640, 698, 6, '2024-02-25 01:37:13'),
(1641, 590, 195, '2024-02-25 01:37:13'),
(1642, 710, 130, '2024-02-25 01:37:13'),
(1643, 1023, 131, '2024-02-25 01:37:13'),
(1644, 121, 61, '2024-02-25 01:37:13'),
(1645, 935, 33, '2024-02-25 01:37:13'),
(1646, 461, 197, '2024-02-25 01:37:13'),
(1647, 76, 112, '2024-02-25 01:37:13'),
(1648, 245, 202, '2024-02-25 01:37:13'),
(1649, 994, 109, '2024-02-25 01:37:13'),
(1650, 407, 65, '2024-02-25 01:37:13'),
(1651, 971, 118, '2024-02-25 01:37:13'),
(1652, 505, 49, '2024-02-25 01:37:13'),
(1653, 921, 126, '2024-02-25 01:37:13'),
(1654, 444, 179, '2024-02-25 01:37:13'),
(1655, 868, 92, '2024-02-25 01:37:13'),
(1656, 81, 36, '2024-02-25 01:37:13'),
(1657, 611, 59, '2024-02-25 01:37:13'),
(1658, 49, 2, '2024-02-25 01:37:13'),
(1659, 189, 175, '2024-02-25 01:37:13'),
(1660, 264, 29, '2024-02-25 01:37:13'),
(1661, 530, 87, '2024-02-25 01:37:13'),
(1662, 973, 126, '2024-02-25 01:37:13'),
(1663, 612, 101, '2024-02-25 01:37:13'),
(1664, 577, 34, '2024-02-25 01:37:13'),
(1665, 440, 28, '2024-02-25 01:37:13'),
(1666, 253, 181, '2024-02-25 01:37:13'),
(1667, 814, 74, '2024-02-25 01:37:13'),
(1668, 675, 139, '2024-02-25 01:37:13'),
(1669, 533, 124, '2024-02-25 01:37:13'),
(1670, 496, 61, '2024-02-25 01:37:13'),
(1671, 1015, 45, '2024-02-25 01:37:13'),
(1672, 215, 70, '2024-02-25 01:37:13'),
(1673, 353, 4, '2024-02-25 01:37:13'),
(1674, 131, 157, '2024-02-25 01:37:13'),
(1675, 745, 25, '2024-02-25 01:37:13'),
(1676, 415, 114, '2024-02-25 01:37:13'),
(1677, 752, 3, '2024-02-25 01:37:13'),
(1678, 860, 139, '2024-02-25 01:37:13'),
(1679, 733, 37, '2024-02-25 01:37:13'),
(1680, 269, 128, '2024-02-25 01:37:13'),
(1681, 491, 173, '2024-02-25 01:37:13'),
(1682, 446, 119, '2024-02-25 01:37:13'),
(1683, 531, 9, '2024-02-25 01:37:13'),
(1684, 559, 183, '2024-02-25 01:37:13'),
(1685, 74, 183, '2024-02-25 01:37:13'),
(1686, 462, 215, '2024-02-25 01:37:13'),
(1687, 296, 39, '2024-02-25 01:37:13'),
(1688, 555, 91, '2024-02-25 01:37:13'),
(1689, 474, 87, '2024-02-25 01:37:13'),
(1690, 388, 97, '2024-02-25 01:37:13'),
(1691, 142, 32, '2024-02-25 01:37:13'),
(1692, 678, 220, '2024-02-25 01:37:13'),
(1693, 23, 222, '2024-02-25 01:37:13'),
(1694, 735, 114, '2024-02-25 01:37:13'),
(1695, 639, 199, '2024-02-25 01:37:13'),
(1696, 240, 146, '2024-02-25 01:37:13'),
(1697, 933, 172, '2024-02-25 01:37:13'),
(1698, 434, 159, '2024-02-25 01:37:13'),
(1699, 629, 103, '2024-02-25 01:37:13'),
(1700, 873, 185, '2024-02-25 01:37:13'),
(1701, 119, 190, '2024-02-25 01:37:13'),
(1702, 792, 13, '2024-02-25 01:37:13'),
(1703, 474, 194, '2024-02-25 01:37:13'),
(1704, 1020, 156, '2024-02-25 01:37:13'),
(1705, 83, 166, '2024-02-25 01:37:13'),
(1706, 23, 210, '2024-02-25 01:37:13'),
(1707, 1006, 127, '2024-02-25 01:37:13'),
(1708, 64, 75, '2024-02-25 01:37:13'),
(1709, 967, 202, '2024-02-25 01:37:13'),
(1710, 964, 100, '2024-02-25 01:37:13'),
(1711, 40, 59, '2024-02-25 01:37:13'),
(1712, 438, 222, '2024-02-25 01:37:13'),
(1713, 269, 91, '2024-02-25 01:37:13'),
(1714, 983, 50, '2024-02-25 01:37:13'),
(1715, 607, 198, '2024-02-25 01:37:13'),
(1716, 845, 32, '2024-02-25 01:37:13'),
(1717, 12, 50, '2024-02-25 01:37:13'),
(1718, 702, 207, '2024-02-25 01:37:13'),
(1719, 810, 18, '2024-02-25 01:37:13'),
(1720, 938, 82, '2024-02-25 01:37:13'),
(1721, 735, 114, '2024-02-25 01:37:13'),
(1722, 498, 154, '2024-02-25 01:37:13'),
(1723, 724, 212, '2024-02-25 01:37:13'),
(1724, 861, 132, '2024-02-25 01:37:13'),
(1725, 199, 21, '2024-02-25 01:37:13'),
(1726, 181, 98, '2024-02-25 01:37:13'),
(1727, 1010, 146, '2024-02-25 01:37:13'),
(1728, 217, 194, '2024-02-25 01:37:13'),
(1729, 57, 179, '2024-02-25 01:37:13'),
(1730, 902, 209, '2024-02-25 01:37:13'),
(1731, 701, 188, '2024-02-25 01:37:13'),
(1732, 180, 82, '2024-02-25 01:37:13'),
(1733, 6, 168, '2024-02-25 01:37:13'),
(1734, 935, 217, '2024-02-25 01:37:13'),
(1735, 572, 154, '2024-02-25 01:37:14'),
(1736, 422, 95, '2024-02-25 01:37:14'),
(1737, 301, 141, '2024-02-25 01:37:14'),
(1738, 718, 87, '2024-02-25 01:37:14'),
(1739, 279, 152, '2024-02-25 01:37:14'),
(1740, 276, 17, '2024-02-25 01:37:14'),
(1741, 729, 188, '2024-02-25 01:37:14'),
(1742, 110, 163, '2024-02-25 01:37:14'),
(1743, 807, 194, '2024-02-25 01:37:14'),
(1744, 151, 148, '2024-02-25 01:37:14'),
(1745, 468, 16, '2024-02-25 01:37:14'),
(1746, 334, 35, '2024-02-25 01:37:14'),
(1747, 448, 26, '2024-02-25 01:37:14'),
(1748, 329, 152, '2024-02-25 01:37:14'),
(1749, 169, 98, '2024-02-25 01:37:14'),
(1750, 423, 96, '2024-02-25 01:37:14'),
(1751, 166, 114, '2024-02-25 01:37:14'),
(1752, 210, 119, '2024-02-25 01:37:14'),
(1753, 178, 44, '2024-02-25 01:37:14'),
(1754, 582, 22, '2024-02-25 01:37:14'),
(1755, 947, 128, '2024-02-25 01:37:14'),
(1756, 515, 168, '2024-02-25 01:37:14'),
(1757, 907, 135, '2024-02-25 01:37:14'),
(1758, 437, 135, '2024-02-25 01:37:14'),
(1759, 390, 63, '2024-02-25 01:37:14'),
(1760, 79, 220, '2024-02-25 01:37:14'),
(1761, 921, 167, '2024-02-25 01:37:14'),
(1762, 391, 99, '2024-02-25 01:37:14'),
(1763, 993, 30, '2024-02-25 01:37:14'),
(1764, 769, 222, '2024-02-25 01:37:14'),
(1765, 521, 129, '2024-02-25 01:37:14'),
(1766, 919, 190, '2024-02-25 01:37:14'),
(1767, 398, 2, '2024-02-25 01:37:14'),
(1768, 262, 129, '2024-02-25 01:37:14'),
(1769, 792, 181, '2024-02-25 01:37:14'),
(1770, 1022, 202, '2024-02-25 01:37:14'),
(1771, 741, 16, '2024-02-25 01:37:14'),
(1772, 558, 180, '2024-02-25 01:37:14'),
(1773, 136, 1, '2024-02-25 01:37:14'),
(1774, 464, 112, '2024-02-25 01:37:14'),
(1775, 460, 41, '2024-02-25 01:37:14'),
(1776, 318, 20, '2024-02-25 01:37:14'),
(1777, 482, 55, '2024-02-25 01:37:14'),
(1778, 804, 128, '2024-02-25 01:37:14'),
(1779, 52, 211, '2024-02-25 01:37:14'),
(1780, 379, 92, '2024-02-25 01:37:14'),
(1781, 66, 134, '2024-02-25 01:37:14'),
(1782, 202, 29, '2024-02-25 01:37:14'),
(1783, 46, 19, '2024-02-25 01:37:14'),
(1784, 874, 38, '2024-02-25 01:37:14'),
(1785, 92, 111, '2024-02-25 01:37:14'),
(1786, 490, 104, '2024-02-25 01:37:14'),
(1787, 277, 153, '2024-02-25 01:37:14'),
(1788, 152, 21, '2024-02-25 01:37:14'),
(1789, 416, 168, '2024-02-25 01:37:14'),
(1790, 592, 164, '2024-02-25 01:37:14'),
(1791, 743, 24, '2024-02-25 01:37:14'),
(1792, 636, 176, '2024-02-25 01:37:14'),
(1793, 85, 10, '2024-02-25 01:37:14'),
(1794, 530, 174, '2024-02-25 01:37:14'),
(1795, 431, 113, '2024-02-25 01:37:14'),
(1796, 528, 195, '2024-02-25 01:37:14'),
(1797, 442, 191, '2024-02-25 01:37:14'),
(1798, 439, 151, '2024-02-25 01:37:14'),
(1799, 436, 144, '2024-02-25 01:37:14'),
(1800, 1021, 4, '2024-02-25 01:37:14'),
(1801, 461, 211, '2024-02-25 01:37:14'),
(1802, 418, 170, '2024-02-25 01:37:14'),
(1803, 781, 123, '2024-02-25 01:37:14'),
(1804, 589, 56, '2024-02-25 01:37:14'),
(1805, 580, 208, '2024-02-25 01:37:14'),
(1806, 414, 146, '2024-02-25 01:37:14'),
(1807, 360, 83, '2024-02-25 01:37:14'),
(1808, 670, 75, '2024-02-25 01:37:14'),
(1809, 439, 209, '2024-02-25 01:37:14'),
(1810, 498, 206, '2024-02-25 01:37:14'),
(1811, 749, 13, '2024-02-25 01:37:14'),
(1812, 1018, 106, '2024-02-25 01:37:14'),
(1813, 912, 100, '2024-02-25 01:37:14'),
(1814, 881, 166, '2024-02-25 01:37:14'),
(1815, 477, 114, '2024-02-25 01:37:14'),
(1816, 841, 105, '2024-02-25 01:37:14'),
(1817, 643, 83, '2024-02-25 01:37:14'),
(1818, 659, 62, '2024-02-25 01:37:14'),
(1819, 189, 125, '2024-02-25 01:37:14'),
(1820, 676, 41, '2024-02-25 01:37:14'),
(1821, 568, 89, '2024-02-25 01:37:14'),
(1822, 698, 53, '2024-02-25 01:37:14'),
(1823, 326, 61, '2024-02-25 01:37:14'),
(1824, 811, 50, '2024-02-25 01:37:14'),
(1825, 584, 183, '2024-02-25 01:37:14'),
(1826, 165, 138, '2024-02-25 01:37:14'),
(1827, 966, 88, '2024-02-25 01:37:14'),
(1828, 247, 196, '2024-02-25 01:37:14'),
(1829, 456, 123, '2024-02-25 01:37:14'),
(1830, 931, 212, '2024-02-25 01:37:14'),
(1831, 1019, 82, '2024-02-25 01:37:14'),
(1832, 484, 106, '2024-02-25 01:37:14'),
(1833, 415, 23, '2024-02-25 01:37:14'),
(1834, 426, 202, '2024-02-25 01:37:14'),
(1835, 887, 64, '2024-02-25 01:37:14'),
(1836, 467, 111, '2024-02-25 01:37:14'),
(1837, 769, 168, '2024-02-25 01:37:14'),
(1838, 627, 45, '2024-02-25 01:37:14'),
(1839, 490, 196, '2024-02-25 01:37:14'),
(1840, 205, 168, '2024-02-25 01:37:14'),
(1841, 56, 159, '2024-02-25 01:37:14'),
(1842, 817, 97, '2024-02-25 01:37:14'),
(1843, 455, 30, '2024-02-25 01:37:14'),
(1844, 305, 146, '2024-02-25 01:37:14'),
(1845, 200, 167, '2024-02-25 01:37:14'),
(1846, 109, 123, '2024-02-25 01:37:14'),
(1847, 353, 173, '2024-02-25 01:37:14'),
(1848, 1012, 10, '2024-02-25 01:37:14'),
(1849, 633, 217, '2024-02-25 01:37:14'),
(1850, 798, 111, '2024-02-25 01:37:14'),
(1851, 437, 175, '2024-02-25 01:37:14'),
(1852, 612, 163, '2024-02-25 01:37:14'),
(1853, 943, 9, '2024-02-25 01:37:14'),
(1854, 708, 162, '2024-02-25 01:37:14'),
(1855, 956, 6, '2024-02-25 01:37:14'),
(1856, 626, 184, '2024-02-25 01:37:14'),
(1857, 833, 163, '2024-02-25 01:37:14'),
(1858, 615, 104, '2024-02-25 01:37:14'),
(1859, 40, 88, '2024-02-25 01:37:14'),
(1860, 2, 186, '2024-02-25 01:37:14'),
(1861, 1017, 102, '2024-02-25 01:37:14'),
(1862, 185, 118, '2024-02-25 01:37:14'),
(1863, 210, 19, '2024-02-25 01:37:14'),
(1864, 271, 174, '2024-02-25 01:37:14'),
(1865, 1011, 48, '2024-02-25 01:37:14'),
(1866, 683, 105, '2024-02-25 01:37:14'),
(1867, 597, 133, '2024-02-25 01:37:14'),
(1868, 85, 155, '2024-02-25 01:37:14'),
(1869, 267, 99, '2024-02-25 01:37:14'),
(1870, 734, 183, '2024-02-25 01:37:14'),
(1871, 726, 132, '2024-02-25 01:37:14'),
(1872, 216, 126, '2024-02-25 01:37:14'),
(1873, 266, 219, '2024-02-25 01:37:14'),
(1874, 3, 53, '2024-02-25 01:37:14'),
(1875, 382, 194, '2024-02-25 01:37:14'),
(1876, 152, 68, '2024-02-25 01:37:14'),
(1877, 482, 66, '2024-02-25 01:37:14'),
(1878, 996, 30, '2024-02-25 01:37:14'),
(1879, 568, 161, '2024-02-25 01:37:14'),
(1880, 595, 73, '2024-02-25 01:37:14'),
(1881, 532, 69, '2024-02-25 01:37:14'),
(1882, 89, 196, '2024-02-25 01:37:14'),
(1883, 488, 89, '2024-02-25 01:37:14'),
(1884, 354, 194, '2024-02-25 01:37:14'),
(1885, 583, 72, '2024-02-25 01:37:14'),
(1886, 99, 201, '2024-02-25 01:37:14'),
(1887, 820, 119, '2024-02-25 01:37:14'),
(1888, 111, 8, '2024-02-25 01:37:14'),
(1889, 542, 25, '2024-02-25 01:37:14'),
(1890, 20, 169, '2024-02-25 01:37:14'),
(1891, 214, 200, '2024-02-25 01:37:14'),
(1892, 77, 28, '2024-02-25 01:37:14'),
(1893, 393, 196, '2024-02-25 01:37:14'),
(1894, 154, 8, '2024-02-25 01:37:14'),
(1895, 859, 38, '2024-02-25 01:37:14'),
(1896, 713, 189, '2024-02-25 01:37:15'),
(1897, 860, 115, '2024-02-25 01:37:15'),
(1898, 925, 39, '2024-02-25 01:37:15'),
(1899, 790, 119, '2024-02-25 01:37:15'),
(1900, 61, 22, '2024-02-25 01:37:15'),
(1901, 995, 132, '2024-02-25 01:37:15'),
(1902, 619, 111, '2024-02-25 01:37:15'),
(1903, 353, 187, '2024-02-25 01:37:15'),
(1904, 102, 184, '2024-02-25 01:37:15'),
(1905, 766, 57, '2024-02-25 01:37:15'),
(1906, 413, 115, '2024-02-25 01:37:15'),
(1907, 822, 205, '2024-02-25 01:37:15'),
(1908, 998, 102, '2024-02-25 01:37:15'),
(1909, 334, 122, '2024-02-25 01:37:15'),
(1910, 322, 138, '2024-02-25 01:37:15'),
(1911, 276, 166, '2024-02-25 01:37:15'),
(1912, 305, 144, '2024-02-25 01:37:15'),
(1913, 681, 18, '2024-02-25 01:37:15'),
(1914, 318, 88, '2024-02-25 01:37:15'),
(1915, 719, 206, '2024-02-25 01:37:15'),
(1916, 984, 68, '2024-02-25 01:37:15'),
(1917, 927, 138, '2024-02-25 01:37:15'),
(1918, 930, 43, '2024-02-25 01:37:15'),
(1919, 241, 107, '2024-02-25 01:37:15'),
(1920, 703, 121, '2024-02-25 01:37:15'),
(1921, 156, 4, '2024-02-25 01:37:15'),
(1922, 289, 36, '2024-02-25 01:37:15'),
(1923, 189, 115, '2024-02-25 01:37:15'),
(1924, 810, 160, '2024-02-25 01:37:15'),
(1925, 801, 150, '2024-02-25 01:37:15'),
(1926, 274, 82, '2024-02-25 01:37:15'),
(1927, 814, 87, '2024-02-25 01:37:15'),
(1928, 374, 75, '2024-02-25 01:37:15'),
(1929, 99, 157, '2024-02-25 01:37:15'),
(1930, 313, 155, '2024-02-25 01:37:15'),
(1931, 831, 164, '2024-02-25 01:37:15'),
(1932, 619, 157, '2024-02-25 01:37:15'),
(1933, 31, 134, '2024-02-25 01:37:15'),
(1934, 176, 52, '2024-02-25 01:37:15'),
(1935, 536, 199, '2024-02-25 01:37:15'),
(1936, 815, 156, '2024-02-25 01:37:15'),
(1937, 578, 60, '2024-02-25 01:37:15'),
(1938, 13, 165, '2024-02-25 01:37:15'),
(1939, 735, 95, '2024-02-25 01:37:15'),
(1940, 212, 31, '2024-02-25 01:37:15'),
(1941, 886, 105, '2024-02-25 01:37:15'),
(1942, 587, 76, '2024-02-25 01:37:15'),
(1943, 256, 171, '2024-02-25 01:37:15'),
(1944, 375, 151, '2024-02-25 01:37:15'),
(1945, 718, 175, '2024-02-25 01:37:15'),
(1946, 936, 141, '2024-02-25 01:37:15'),
(1947, 294, 169, '2024-02-25 01:37:15'),
(1948, 577, 180, '2024-02-25 01:37:15'),
(1949, 488, 5, '2024-02-25 01:37:15'),
(1950, 648, 188, '2024-02-25 01:37:15'),
(1951, 781, 203, '2024-02-25 01:37:15'),
(1952, 604, 127, '2024-02-25 01:37:15'),
(1953, 823, 184, '2024-02-25 01:37:15'),
(1954, 963, 151, '2024-02-25 01:37:15'),
(1955, 188, 7, '2024-02-25 01:37:15'),
(1956, 223, 184, '2024-02-25 01:37:15'),
(1957, 363, 34, '2024-02-25 01:37:15'),
(1958, 680, 198, '2024-02-25 01:37:15'),
(1959, 680, 143, '2024-02-25 01:37:15'),
(1960, 1007, 96, '2024-02-25 01:37:15'),
(1961, 327, 132, '2024-02-25 01:37:15'),
(1962, 974, 29, '2024-02-25 01:37:15'),
(1963, 372, 121, '2024-02-25 01:37:15'),
(1964, 514, 165, '2024-02-25 01:37:15'),
(1965, 337, 214, '2024-02-25 01:37:15'),
(1966, 36, 2, '2024-02-25 01:37:15'),
(1967, 679, 92, '2024-02-25 01:37:15'),
(1968, 685, 5, '2024-02-25 01:37:15'),
(1969, 818, 103, '2024-02-25 01:37:15'),
(1970, 822, 136, '2024-02-25 01:37:15'),
(1971, 120, 70, '2024-02-25 01:37:15'),
(1972, 132, 55, '2024-02-25 01:37:15'),
(1973, 908, 98, '2024-02-25 01:37:15'),
(1974, 636, 167, '2024-02-25 01:37:15'),
(1975, 421, 127, '2024-02-25 01:37:15'),
(1976, 82, 187, '2024-02-25 01:37:15'),
(1977, 127, 205, '2024-02-25 01:37:16'),
(1978, 678, 19, '2024-02-25 01:37:16'),
(1979, 327, 166, '2024-02-25 01:37:16'),
(1980, 602, 111, '2024-02-25 01:37:16'),
(1981, 302, 30, '2024-02-25 01:37:16'),
(1982, 111, 106, '2024-02-25 01:37:16'),
(1983, 58, 133, '2024-02-25 01:37:16'),
(1984, 182, 144, '2024-02-25 01:37:16'),
(1985, 476, 39, '2024-02-25 01:37:16'),
(1986, 231, 209, '2024-02-25 01:37:16'),
(1987, 489, 95, '2024-02-25 01:37:16'),
(1988, 709, 98, '2024-02-25 01:37:16'),
(1989, 749, 200, '2024-02-25 01:37:16'),
(1990, 98, 209, '2024-02-25 01:37:16'),
(1991, 630, 73, '2024-02-25 01:37:16'),
(1992, 314, 116, '2024-02-25 01:37:16'),
(1993, 436, 140, '2024-02-25 01:37:16'),
(1994, 47, 26, '2024-02-25 01:37:16'),
(1995, 112, 9, '2024-02-25 01:37:16'),
(1996, 313, 173, '2024-02-25 01:37:16'),
(1997, 636, 60, '2024-02-25 01:37:16'),
(1998, 976, 220, '2024-02-25 01:37:16'),
(1999, 77, 214, '2024-02-25 01:37:16'),
(2000, 752, 108, '2024-02-25 01:37:16'),
(2001, 190, 203, '2024-02-25 01:37:53'),
(2002, 724, 135, '2024-02-25 01:37:53'),
(2003, 792, 41, '2024-02-25 01:37:53'),
(2004, 142, 139, '2024-02-25 01:37:53'),
(2005, 406, 101, '2024-02-25 01:37:53'),
(2006, 839, 69, '2024-02-25 01:37:53'),
(2007, 584, 39, '2024-02-25 01:37:53'),
(2008, 780, 211, '2024-02-25 01:37:53'),
(2009, 36, 72, '2024-02-25 01:37:53'),
(2010, 81, 121, '2024-02-25 01:37:53'),
(2011, 897, 32, '2024-02-25 01:37:53'),
(2012, 451, 126, '2024-02-25 01:37:53'),
(2013, 819, 197, '2024-02-25 01:37:53'),
(2014, 620, 14, '2024-02-25 01:37:53'),
(2015, 651, 24, '2024-02-25 01:37:53'),
(2016, 807, 25, '2024-02-25 01:37:53'),
(2017, 477, 25, '2024-02-25 01:37:53'),
(2018, 259, 29, '2024-02-25 01:37:53'),
(2019, 644, 155, '2024-02-25 01:37:53'),
(2020, 255, 77, '2024-02-25 01:37:53'),
(2021, 696, 70, '2024-02-25 01:37:53'),
(2022, 973, 96, '2024-02-25 01:37:53'),
(2023, 70, 85, '2024-02-25 01:37:53'),
(2024, 851, 99, '2024-02-25 01:37:54'),
(2025, 922, 103, '2024-02-25 01:37:54'),
(2026, 1017, 9, '2024-02-25 01:37:54'),
(2027, 245, 8, '2024-02-25 01:37:54'),
(2028, 455, 117, '2024-02-25 01:37:54'),
(2029, 890, 185, '2024-02-25 01:37:54'),
(2030, 89, 148, '2024-02-25 01:37:54'),
(2031, 297, 73, '2024-02-25 01:37:54'),
(2032, 786, 199, '2024-02-25 01:37:54'),
(2033, 44, 124, '2024-02-25 01:37:54'),
(2034, 123, 11, '2024-02-25 01:37:54'),
(2035, 939, 71, '2024-02-25 01:37:54'),
(2036, 1010, 64, '2024-02-25 01:37:54'),
(2037, 14, 104, '2024-02-25 01:37:54'),
(2038, 590, 194, '2024-02-25 01:37:54'),
(2039, 489, 58, '2024-02-25 01:37:54'),
(2040, 38, 206, '2024-02-25 01:37:54'),
(2041, 816, 53, '2024-02-25 01:37:54'),
(2042, 83, 13, '2024-02-25 01:37:54'),
(2043, 570, 210, '2024-02-25 01:37:54'),
(2044, 602, 36, '2024-02-25 01:37:54'),
(2045, 256, 116, '2024-02-25 01:37:54'),
(2046, 930, 42, '2024-02-25 01:37:54'),
(2047, 851, 105, '2024-02-25 01:37:54'),
(2048, 339, 192, '2024-02-25 01:37:54'),
(2049, 778, 89, '2024-02-25 01:37:54'),
(2050, 422, 7, '2024-02-25 01:37:54'),
(2051, 488, 123, '2024-02-25 01:37:54'),
(2052, 372, 154, '2024-02-25 01:37:54'),
(2053, 313, 180, '2024-02-25 01:37:54'),
(2054, 501, 2, '2024-02-25 01:37:54'),
(2055, 514, 2, '2024-02-25 01:37:54'),
(2056, 991, 129, '2024-02-25 01:37:54'),
(2057, 547, 165, '2024-02-25 01:37:54'),
(2058, 194, 206, '2024-02-25 01:37:54'),
(2059, 1016, 68, '2024-02-25 01:37:54'),
(2060, 879, 32, '2024-02-25 01:37:54'),
(2061, 302, 124, '2024-02-25 01:37:54'),
(2062, 1000, 139, '2024-02-25 01:37:54'),
(2063, 900, 29, '2024-02-25 01:37:54'),
(2064, 274, 10, '2024-02-25 01:37:54'),
(2065, 627, 10, '2024-02-25 01:37:54'),
(2066, 755, 164, '2024-02-25 01:37:54'),
(2067, 836, 197, '2024-02-25 01:37:54'),
(2068, 47, 157, '2024-02-25 01:37:54'),
(2069, 875, 3, '2024-02-25 01:37:54'),
(2070, 313, 163, '2024-02-25 01:37:54'),
(2071, 132, 124, '2024-02-25 01:37:54'),
(2072, 1005, 156, '2024-02-25 01:37:54'),
(2073, 367, 109, '2024-02-25 01:37:54'),
(2074, 607, 36, '2024-02-25 01:37:54'),
(2075, 198, 38, '2024-02-25 01:37:54'),
(2076, 827, 163, '2024-02-25 01:37:54'),
(2077, 764, 33, '2024-02-25 01:37:54'),
(2078, 666, 54, '2024-02-25 01:37:54'),
(2079, 896, 162, '2024-02-25 01:37:54'),
(2080, 366, 15, '2024-02-25 01:37:54'),
(2081, 478, 183, '2024-02-25 01:37:54'),
(2082, 123, 130, '2024-02-25 01:37:54'),
(2083, 534, 10, '2024-02-25 01:37:54'),
(2084, 995, 14, '2024-02-25 01:37:54'),
(2085, 63, 168, '2024-02-25 01:37:54'),
(2086, 201, 184, '2024-02-25 01:37:54'),
(2087, 1016, 156, '2024-02-25 01:37:54'),
(2088, 107, 195, '2024-02-25 01:37:54'),
(2089, 169, 189, '2024-02-25 01:37:54'),
(2090, 570, 156, '2024-02-25 01:37:54'),
(2091, 111, 2, '2024-02-25 01:37:54'),
(2092, 14, 81, '2024-02-25 01:37:54'),
(2093, 216, 112, '2024-02-25 01:37:54'),
(2094, 114, 75, '2024-02-25 01:37:54'),
(2095, 537, 187, '2024-02-25 01:37:54'),
(2096, 391, 98, '2024-02-25 01:37:54'),
(2097, 134, 165, '2024-02-25 01:37:54'),
(2098, 30, 161, '2024-02-25 01:37:54'),
(2099, 161, 95, '2024-02-25 01:37:54'),
(2100, 255, 163, '2024-02-25 01:37:54'),
(2101, 772, 218, '2024-02-25 01:37:54'),
(2102, 407, 102, '2024-02-25 01:37:54'),
(2103, 376, 52, '2024-02-25 01:37:54'),
(2104, 935, 159, '2024-02-25 01:37:54'),
(2105, 417, 62, '2024-02-25 01:37:54'),
(2106, 37, 26, '2024-02-25 01:37:54'),
(2107, 719, 204, '2024-02-25 01:37:54'),
(2108, 584, 151, '2024-02-25 01:37:54'),
(2109, 76, 177, '2024-02-25 01:37:54'),
(2110, 877, 205, '2024-02-25 01:37:54'),
(2111, 993, 7, '2024-02-25 01:37:54'),
(2112, 23, 220, '2024-02-25 01:37:54'),
(2113, 647, 43, '2024-02-25 01:37:54'),
(2114, 20, 66, '2024-02-25 01:37:54'),
(2115, 129, 210, '2024-02-25 01:37:54'),
(2116, 730, 141, '2024-02-25 01:37:54'),
(2117, 84, 164, '2024-02-25 01:37:54'),
(2118, 16, 65, '2024-02-25 01:37:54'),
(2119, 501, 164, '2024-02-25 01:37:54'),
(2120, 915, 202, '2024-02-25 01:37:54'),
(2121, 176, 168, '2024-02-25 01:37:54'),
(2122, 32, 135, '2024-02-25 01:37:55'),
(2123, 85, 98, '2024-02-25 01:37:55'),
(2124, 902, 17, '2024-02-25 01:37:55'),
(2125, 212, 211, '2024-02-25 01:37:55'),
(2126, 690, 150, '2024-02-25 01:37:55'),
(2127, 5, 198, '2024-02-25 01:37:55'),
(2128, 169, 57, '2024-02-25 01:37:55'),
(2129, 339, 81, '2024-02-25 01:37:55'),
(2130, 694, 88, '2024-02-25 01:37:55'),
(2131, 119, 4, '2024-02-25 01:37:55'),
(2132, 732, 181, '2024-02-25 01:37:55'),
(2133, 756, 109, '2024-02-25 01:37:55'),
(2134, 667, 156, '2024-02-25 01:37:55'),
(2135, 420, 193, '2024-02-25 01:37:55'),
(2136, 951, 212, '2024-02-25 01:37:55'),
(2137, 445, 176, '2024-02-25 01:37:55'),
(2138, 618, 2, '2024-02-25 01:37:55'),
(2139, 677, 140, '2024-02-25 01:37:55'),
(2140, 565, 147, '2024-02-25 01:37:55'),
(2141, 948, 121, '2024-02-25 01:37:55'),
(2142, 873, 71, '2024-02-25 01:37:55'),
(2143, 759, 165, '2024-02-25 01:37:55'),
(2144, 104, 213, '2024-02-25 01:37:55'),
(2145, 924, 79, '2024-02-25 01:37:55'),
(2146, 641, 174, '2024-02-25 01:37:55'),
(2147, 732, 150, '2024-02-25 01:37:55'),
(2148, 225, 207, '2024-02-25 01:37:55'),
(2149, 371, 214, '2024-02-25 01:37:55'),
(2150, 387, 179, '2024-02-25 01:37:55'),
(2151, 499, 106, '2024-02-25 01:37:55'),
(2152, 160, 9, '2024-02-25 01:37:55'),
(2153, 784, 221, '2024-02-25 01:37:55'),
(2154, 833, 25, '2024-02-25 01:37:55'),
(2155, 596, 190, '2024-02-25 01:37:55'),
(2156, 805, 34, '2024-02-25 01:37:55'),
(2157, 543, 179, '2024-02-25 01:37:55'),
(2158, 341, 1, '2024-02-25 01:37:55'),
(2159, 493, 93, '2024-02-25 01:37:55'),
(2160, 65, 86, '2024-02-25 01:37:55'),
(2161, 56, 177, '2024-02-25 01:37:55'),
(2162, 366, 37, '2024-02-25 01:37:55'),
(2163, 773, 79, '2024-02-25 01:37:55'),
(2164, 1020, 57, '2024-02-25 01:37:55'),
(2165, 124, 163, '2024-02-25 01:37:55'),
(2166, 425, 117, '2024-02-25 01:37:55'),
(2167, 880, 174, '2024-02-25 01:37:55'),
(2168, 562, 64, '2024-02-25 01:37:55'),
(2169, 450, 114, '2024-02-25 01:37:55'),
(2170, 442, 178, '2024-02-25 01:37:55'),
(2171, 913, 171, '2024-02-25 01:37:55'),
(2172, 207, 55, '2024-02-25 01:37:55'),
(2173, 663, 109, '2024-02-25 01:37:55'),
(2174, 596, 69, '2024-02-25 01:37:55'),
(2175, 135, 186, '2024-02-25 01:37:55'),
(2176, 197, 186, '2024-02-25 01:37:55'),
(2177, 844, 209, '2024-02-25 01:37:55'),
(2178, 76, 200, '2024-02-25 01:37:55'),
(2179, 812, 189, '2024-02-25 01:37:55'),
(2180, 304, 73, '2024-02-25 01:37:55'),
(2181, 241, 39, '2024-02-25 01:37:55'),
(2182, 468, 29, '2024-02-25 01:37:55'),
(2183, 399, 217, '2024-02-25 01:37:55'),
(2184, 487, 149, '2024-02-25 01:37:55'),
(2185, 951, 86, '2024-02-25 01:37:55'),
(2186, 199, 68, '2024-02-25 01:37:55'),
(2187, 848, 120, '2024-02-25 01:37:55'),
(2188, 341, 30, '2024-02-25 01:37:55'),
(2189, 892, 82, '2024-02-25 01:37:55'),
(2190, 350, 167, '2024-02-25 01:37:55'),
(2191, 369, 172, '2024-02-25 01:37:55'),
(2192, 408, 107, '2024-02-25 01:37:55'),
(2193, 57, 219, '2024-02-25 01:37:55'),
(2194, 771, 131, '2024-02-25 01:37:55'),
(2195, 1006, 214, '2024-02-25 01:37:55'),
(2196, 993, 54, '2024-02-25 01:37:55'),
(2197, 411, 154, '2024-02-25 01:37:55'),
(2198, 242, 200, '2024-02-25 01:37:55'),
(2199, 778, 123, '2024-02-25 01:37:55'),
(2200, 315, 31, '2024-02-25 01:37:55'),
(2201, 984, 5, '2024-02-25 01:37:55'),
(2202, 574, 91, '2024-02-25 01:37:55'),
(2203, 461, 109, '2024-02-25 01:37:55'),
(2204, 394, 1, '2024-02-25 01:37:55'),
(2205, 207, 5, '2024-02-25 01:37:55'),
(2206, 609, 157, '2024-02-25 01:37:55'),
(2207, 843, 220, '2024-02-25 01:37:55'),
(2208, 68, 179, '2024-02-25 01:37:56'),
(2209, 730, 124, '2024-02-25 01:37:56'),
(2210, 993, 80, '2024-02-25 01:37:56'),
(2211, 916, 14, '2024-02-25 01:37:56'),
(2212, 387, 192, '2024-02-25 01:37:56'),
(2213, 359, 193, '2024-02-25 01:37:56'),
(2214, 916, 14, '2024-02-25 01:37:56'),
(2215, 837, 80, '2024-02-25 01:37:56'),
(2216, 944, 3, '2024-02-25 01:37:56'),
(2217, 372, 220, '2024-02-25 01:37:56'),
(2218, 759, 169, '2024-02-25 01:37:56'),
(2219, 511, 64, '2024-02-25 01:37:56'),
(2220, 509, 88, '2024-02-25 01:37:56'),
(2221, 349, 141, '2024-02-25 01:37:56'),
(2222, 191, 91, '2024-02-25 01:37:56'),
(2223, 608, 205, '2024-02-25 01:37:56'),
(2224, 171, 146, '2024-02-25 01:37:56'),
(2225, 459, 199, '2024-02-25 01:37:56'),
(2226, 636, 99, '2024-02-25 01:37:56'),
(2227, 821, 204, '2024-02-25 01:37:56'),
(2228, 374, 42, '2024-02-25 01:37:56'),
(2229, 895, 48, '2024-02-25 01:37:56'),
(2230, 907, 184, '2024-02-25 01:37:56'),
(2231, 282, 84, '2024-02-25 01:37:56'),
(2232, 87, 13, '2024-02-25 01:37:56'),
(2233, 887, 86, '2024-02-25 01:37:56'),
(2234, 734, 140, '2024-02-25 01:37:56'),
(2235, 124, 164, '2024-02-25 01:37:56'),
(2236, 648, 28, '2024-02-25 01:37:56'),
(2237, 447, 133, '2024-02-25 01:37:56'),
(2238, 708, 170, '2024-02-25 01:37:56'),
(2239, 946, 166, '2024-02-25 01:37:56'),
(2240, 226, 199, '2024-02-25 01:37:56'),
(2241, 34, 83, '2024-02-25 01:37:56'),
(2242, 668, 140, '2024-02-25 01:37:56'),
(2243, 203, 214, '2024-02-25 01:37:56'),
(2244, 368, 165, '2024-02-25 01:37:56'),
(2245, 570, 152, '2024-02-25 01:37:56'),
(2246, 596, 218, '2024-02-25 01:37:56'),
(2247, 802, 25, '2024-02-25 01:37:56'),
(2248, 836, 167, '2024-02-25 01:37:56'),
(2249, 378, 136, '2024-02-25 01:37:56'),
(2250, 775, 44, '2024-02-25 01:37:56'),
(2251, 113, 87, '2024-02-25 01:37:56'),
(2252, 842, 120, '2024-02-25 01:37:56'),
(2253, 940, 155, '2024-02-25 01:37:56'),
(2254, 251, 63, '2024-02-25 01:37:56'),
(2255, 439, 57, '2024-02-25 01:37:56'),
(2256, 33, 31, '2024-02-25 01:37:56'),
(2257, 864, 26, '2024-02-25 01:37:56'),
(2258, 964, 75, '2024-02-25 01:37:56'),
(2259, 281, 83, '2024-02-25 01:37:56'),
(2260, 636, 168, '2024-02-25 01:37:56'),
(2261, 565, 211, '2024-02-25 01:37:56'),
(2262, 443, 123, '2024-02-25 01:37:56'),
(2263, 202, 201, '2024-02-25 01:37:56'),
(2264, 882, 162, '2024-02-25 01:37:56'),
(2265, 67, 5, '2024-02-25 01:37:56'),
(2266, 785, 87, '2024-02-25 01:37:56'),
(2267, 292, 179, '2024-02-25 01:37:56'),
(2268, 685, 113, '2024-02-25 01:37:56'),
(2269, 504, 76, '2024-02-25 01:37:56'),
(2270, 195, 128, '2024-02-25 01:37:56'),
(2271, 197, 48, '2024-02-25 01:37:56'),
(2272, 305, 38, '2024-02-25 01:37:56'),
(2273, 548, 9, '2024-02-25 01:37:56'),
(2274, 260, 50, '2024-02-25 01:37:56'),
(2275, 551, 138, '2024-02-25 01:37:56'),
(2276, 446, 159, '2024-02-25 01:37:56'),
(2277, 200, 216, '2024-02-25 01:37:56'),
(2278, 179, 168, '2024-02-25 01:37:56'),
(2279, 716, 71, '2024-02-25 01:37:56'),
(2280, 42, 163, '2024-02-25 01:37:56'),
(2281, 480, 6, '2024-02-25 01:37:56'),
(2282, 238, 124, '2024-02-25 01:37:56'),
(2283, 345, 161, '2024-02-25 01:37:56'),
(2284, 462, 47, '2024-02-25 01:37:56'),
(2285, 778, 109, '2024-02-25 01:37:56'),
(2286, 430, 79, '2024-02-25 01:37:56'),
(2287, 499, 134, '2024-02-25 01:37:56'),
(2288, 345, 108, '2024-02-25 01:37:56'),
(2289, 985, 171, '2024-02-25 01:37:56'),
(2290, 966, 37, '2024-02-25 01:37:56'),
(2291, 156, 133, '2024-02-25 01:37:56'),
(2292, 541, 144, '2024-02-25 01:37:57'),
(2293, 456, 76, '2024-02-25 01:37:57'),
(2294, 337, 180, '2024-02-25 01:37:57'),
(2295, 658, 119, '2024-02-25 01:37:57'),
(2296, 269, 183, '2024-02-25 01:37:57'),
(2297, 396, 10, '2024-02-25 01:37:57'),
(2298, 65, 18, '2024-02-25 01:37:57'),
(2299, 532, 83, '2024-02-25 01:37:57'),
(2300, 195, 61, '2024-02-25 01:37:57'),
(2301, 958, 147, '2024-02-25 01:37:57'),
(2302, 878, 92, '2024-02-25 01:37:57'),
(2303, 840, 216, '2024-02-25 01:37:57'),
(2304, 234, 37, '2024-02-25 01:37:57'),
(2305, 91, 100, '2024-02-25 01:37:57'),
(2306, 610, 52, '2024-02-25 01:37:57'),
(2307, 952, 144, '2024-02-25 01:37:57'),
(2308, 213, 96, '2024-02-25 01:37:57'),
(2309, 673, 2, '2024-02-25 01:37:57'),
(2310, 435, 9, '2024-02-25 01:37:57'),
(2311, 109, 166, '2024-02-25 01:37:57'),
(2312, 92, 208, '2024-02-25 01:37:57'),
(2313, 374, 65, '2024-02-25 01:37:57'),
(2314, 825, 139, '2024-02-25 01:37:57'),
(2315, 186, 14, '2024-02-25 01:37:57'),
(2316, 493, 114, '2024-02-25 01:37:57'),
(2317, 771, 104, '2024-02-25 01:37:57'),
(2318, 124, 151, '2024-02-25 01:37:57'),
(2319, 248, 94, '2024-02-25 01:37:57'),
(2320, 949, 205, '2024-02-25 01:37:57'),
(2321, 526, 173, '2024-02-25 01:37:57'),
(2322, 6, 61, '2024-02-25 01:37:57'),
(2323, 1017, 169, '2024-02-25 01:37:57'),
(2324, 774, 17, '2024-02-25 01:37:57'),
(2325, 151, 69, '2024-02-25 01:37:57'),
(2326, 7, 145, '2024-02-25 01:37:57'),
(2327, 639, 43, '2024-02-25 01:37:57'),
(2328, 743, 221, '2024-02-25 01:37:57'),
(2329, 464, 70, '2024-02-25 01:37:57'),
(2330, 724, 25, '2024-02-25 01:37:57'),
(2331, 514, 28, '2024-02-25 01:37:57'),
(2332, 623, 199, '2024-02-25 01:37:57'),
(2333, 389, 98, '2024-02-25 01:37:57'),
(2334, 948, 185, '2024-02-25 01:37:57'),
(2335, 338, 86, '2024-02-25 01:37:57'),
(2336, 907, 6, '2024-02-25 01:37:57'),
(2337, 137, 126, '2024-02-25 01:37:57'),
(2338, 386, 109, '2024-02-25 01:37:57'),
(2339, 447, 214, '2024-02-25 01:37:57'),
(2340, 111, 130, '2024-02-25 01:37:57'),
(2341, 1, 213, '2024-02-25 01:37:57'),
(2342, 940, 157, '2024-02-25 01:37:57'),
(2343, 228, 28, '2024-02-25 01:37:57'),
(2344, 742, 150, '2024-02-25 01:37:57'),
(2345, 845, 86, '2024-02-25 01:37:57'),
(2346, 460, 214, '2024-02-25 01:37:57'),
(2347, 915, 167, '2024-02-25 01:37:57'),
(2348, 605, 156, '2024-02-25 01:37:57'),
(2349, 595, 170, '2024-02-25 01:37:57'),
(2350, 761, 171, '2024-02-25 01:37:57'),
(2351, 1009, 112, '2024-02-25 01:37:57'),
(2352, 361, 47, '2024-02-25 01:37:57'),
(2353, 46, 208, '2024-02-25 01:37:57'),
(2354, 181, 146, '2024-02-25 01:37:57'),
(2355, 563, 220, '2024-02-25 01:37:57'),
(2356, 202, 132, '2024-02-25 01:37:57'),
(2357, 859, 22, '2024-02-25 01:37:57'),
(2358, 594, 159, '2024-02-25 01:37:57'),
(2359, 297, 82, '2024-02-25 01:37:57'),
(2360, 1009, 186, '2024-02-25 01:37:57'),
(2361, 200, 214, '2024-02-25 01:37:57'),
(2362, 777, 154, '2024-02-25 01:37:57'),
(2363, 695, 59, '2024-02-25 01:37:57'),
(2364, 811, 51, '2024-02-25 01:37:57'),
(2365, 192, 168, '2024-02-25 01:37:57'),
(2366, 375, 84, '2024-02-25 01:37:57'),
(2367, 463, 201, '2024-02-25 01:37:57'),
(2368, 32, 22, '2024-02-25 01:37:57'),
(2369, 280, 145, '2024-02-25 01:37:57'),
(2370, 410, 7, '2024-02-25 01:37:57'),
(2371, 575, 44, '2024-02-25 01:37:57'),
(2372, 263, 198, '2024-02-25 01:37:57'),
(2373, 205, 168, '2024-02-25 01:37:57'),
(2374, 325, 145, '2024-02-25 01:37:57'),
(2375, 819, 124, '2024-02-25 01:37:57'),
(2376, 206, 219, '2024-02-25 01:37:57'),
(2377, 127, 150, '2024-02-25 01:37:58'),
(2378, 911, 178, '2024-02-25 01:37:58'),
(2379, 630, 219, '2024-02-25 01:37:58'),
(2380, 509, 37, '2024-02-25 01:37:58'),
(2381, 498, 142, '2024-02-25 01:37:58'),
(2382, 886, 171, '2024-02-25 01:37:58'),
(2383, 584, 60, '2024-02-25 01:37:58'),
(2384, 457, 148, '2024-02-25 01:37:58'),
(2385, 349, 217, '2024-02-25 01:37:58'),
(2386, 219, 110, '2024-02-25 01:37:58'),
(2387, 1011, 159, '2024-02-25 01:37:58'),
(2388, 668, 222, '2024-02-25 01:37:58'),
(2389, 524, 120, '2024-02-25 01:37:58'),
(2390, 609, 210, '2024-02-25 01:37:58'),
(2391, 279, 218, '2024-02-25 01:37:58'),
(2392, 377, 107, '2024-02-25 01:37:58'),
(2393, 419, 158, '2024-02-25 01:37:58'),
(2394, 1018, 187, '2024-02-25 01:37:58'),
(2395, 30, 72, '2024-02-25 01:37:58'),
(2396, 8, 120, '2024-02-25 01:37:58'),
(2397, 947, 72, '2024-02-25 01:37:58'),
(2398, 968, 185, '2024-02-25 01:37:58'),
(2399, 134, 61, '2024-02-25 01:37:58'),
(2400, 391, 172, '2024-02-25 01:37:58'),
(2401, 175, 3, '2024-02-25 01:37:58'),
(2402, 314, 125, '2024-02-25 01:37:58'),
(2403, 686, 4, '2024-02-25 01:37:58'),
(2404, 825, 120, '2024-02-25 01:37:58'),
(2405, 987, 109, '2024-02-25 01:37:58'),
(2406, 33, 51, '2024-02-25 01:37:58'),
(2407, 101, 99, '2024-02-25 01:37:58'),
(2408, 938, 82, '2024-02-25 01:37:58'),
(2409, 347, 17, '2024-02-25 01:37:58'),
(2410, 607, 117, '2024-02-25 01:37:58'),
(2411, 840, 191, '2024-02-25 01:37:58'),
(2412, 663, 102, '2024-02-25 01:37:58'),
(2413, 614, 39, '2024-02-25 01:37:58'),
(2414, 825, 34, '2024-02-25 01:37:58'),
(2415, 752, 110, '2024-02-25 01:37:58'),
(2416, 441, 120, '2024-02-25 01:37:58'),
(2417, 67, 218, '2024-02-25 01:37:58'),
(2418, 16, 161, '2024-02-25 01:37:58'),
(2419, 213, 43, '2024-02-25 01:37:58'),
(2420, 228, 177, '2024-02-25 01:37:58'),
(2421, 168, 81, '2024-02-25 01:37:58'),
(2422, 623, 213, '2024-02-25 01:37:58'),
(2423, 535, 143, '2024-02-25 01:37:58'),
(2424, 135, 102, '2024-02-25 01:37:58'),
(2425, 589, 155, '2024-02-25 01:37:58'),
(2426, 619, 217, '2024-02-25 01:37:58'),
(2427, 853, 31, '2024-02-25 01:37:58'),
(2428, 927, 192, '2024-02-25 01:37:58'),
(2429, 168, 200, '2024-02-25 01:37:58'),
(2430, 40, 60, '2024-02-25 01:37:58'),
(2431, 708, 168, '2024-02-25 01:37:58'),
(2432, 427, 165, '2024-02-25 01:37:58'),
(2433, 248, 56, '2024-02-25 01:37:58'),
(2434, 809, 152, '2024-02-25 01:37:58'),
(2435, 188, 164, '2024-02-25 01:37:58'),
(2436, 347, 139, '2024-02-25 01:37:58'),
(2437, 697, 1, '2024-02-25 01:37:58'),
(2438, 491, 166, '2024-02-25 01:37:58'),
(2439, 633, 194, '2024-02-25 01:37:58'),
(2440, 925, 186, '2024-02-25 01:37:58'),
(2441, 491, 119, '2024-02-25 01:37:58'),
(2442, 471, 186, '2024-02-25 01:37:58'),
(2443, 970, 167, '2024-02-25 01:37:58'),
(2444, 151, 220, '2024-02-25 01:37:58'),
(2445, 604, 35, '2024-02-25 01:37:58'),
(2446, 1006, 218, '2024-02-25 01:37:58'),
(2447, 896, 40, '2024-02-25 01:37:58'),
(2448, 524, 79, '2024-02-25 01:37:58'),
(2449, 595, 38, '2024-02-25 01:37:58'),
(2450, 408, 121, '2024-02-25 01:37:58'),
(2451, 578, 76, '2024-02-25 01:37:58'),
(2452, 127, 41, '2024-02-25 01:37:58'),
(2453, 925, 215, '2024-02-25 01:37:58'),
(2454, 786, 35, '2024-02-25 01:37:58'),
(2455, 979, 42, '2024-02-25 01:37:58'),
(2456, 684, 172, '2024-02-25 01:37:58'),
(2457, 535, 166, '2024-02-25 01:37:58'),
(2458, 181, 61, '2024-02-25 01:37:58'),
(2459, 160, 14, '2024-02-25 01:37:58'),
(2460, 554, 157, '2024-02-25 01:37:58'),
(2461, 473, 152, '2024-02-25 01:37:58'),
(2462, 775, 92, '2024-02-25 01:37:58'),
(2463, 817, 108, '2024-02-25 01:37:58'),
(2464, 106, 76, '2024-02-25 01:37:58'),
(2465, 638, 60, '2024-02-25 01:37:59'),
(2466, 1023, 19, '2024-02-25 01:37:59'),
(2467, 613, 201, '2024-02-25 01:37:59'),
(2468, 722, 198, '2024-02-25 01:37:59'),
(2469, 17, 107, '2024-02-25 01:37:59'),
(2470, 279, 143, '2024-02-25 01:37:59'),
(2471, 550, 149, '2024-02-25 01:37:59'),
(2472, 214, 29, '2024-02-25 01:37:59'),
(2473, 416, 45, '2024-02-25 01:37:59'),
(2474, 700, 94, '2024-02-25 01:37:59'),
(2475, 576, 86, '2024-02-25 01:37:59'),
(2476, 552, 99, '2024-02-25 01:37:59'),
(2477, 229, 123, '2024-02-25 01:37:59'),
(2478, 852, 77, '2024-02-25 01:37:59'),
(2479, 783, 61, '2024-02-25 01:37:59'),
(2480, 573, 73, '2024-02-25 01:37:59'),
(2481, 950, 150, '2024-02-25 01:37:59'),
(2482, 219, 88, '2024-02-25 01:37:59'),
(2483, 709, 178, '2024-02-25 01:37:59'),
(2484, 586, 49, '2024-02-25 01:37:59'),
(2485, 924, 110, '2024-02-25 01:37:59'),
(2486, 576, 140, '2024-02-25 01:37:59'),
(2487, 199, 87, '2024-02-25 01:37:59'),
(2488, 887, 218, '2024-02-25 01:37:59'),
(2489, 814, 180, '2024-02-25 01:37:59'),
(2490, 793, 145, '2024-02-25 01:37:59'),
(2491, 331, 60, '2024-02-25 01:37:59'),
(2492, 366, 6, '2024-02-25 01:37:59'),
(2493, 247, 58, '2024-02-25 01:37:59'),
(2494, 362, 41, '2024-02-25 01:37:59'),
(2495, 798, 197, '2024-02-25 01:37:59'),
(2496, 751, 12, '2024-02-25 01:37:59'),
(2497, 625, 114, '2024-02-25 01:37:59'),
(2498, 60, 170, '2024-02-25 01:37:59'),
(2499, 74, 154, '2024-02-25 01:37:59'),
(2500, 889, 36, '2024-02-25 01:37:59'),
(2501, 403, 208, '2024-02-25 01:37:59'),
(2502, 573, 108, '2024-02-25 01:37:59'),
(2503, 567, 129, '2024-02-25 01:37:59'),
(2504, 965, 203, '2024-02-25 01:37:59'),
(2505, 411, 114, '2024-02-25 01:37:59'),
(2506, 596, 139, '2024-02-25 01:37:59'),
(2507, 17, 207, '2024-02-25 01:37:59'),
(2508, 510, 9, '2024-02-25 01:37:59'),
(2509, 172, 168, '2024-02-25 01:37:59'),
(2510, 230, 119, '2024-02-25 01:37:59'),
(2511, 243, 218, '2024-02-25 01:37:59'),
(2512, 469, 222, '2024-02-25 01:37:59'),
(2513, 634, 162, '2024-02-25 01:37:59'),
(2514, 543, 179, '2024-02-25 01:37:59'),
(2515, 205, 121, '2024-02-25 01:37:59'),
(2516, 219, 106, '2024-02-25 01:37:59'),
(2517, 822, 152, '2024-02-25 01:37:59'),
(2518, 432, 222, '2024-02-25 01:37:59'),
(2519, 951, 55, '2024-02-25 01:37:59'),
(2520, 136, 58, '2024-02-25 01:37:59'),
(2521, 832, 42, '2024-02-25 01:37:59'),
(2522, 941, 127, '2024-02-25 01:37:59'),
(2523, 995, 199, '2024-02-25 01:37:59'),
(2524, 944, 196, '2024-02-25 01:37:59'),
(2525, 441, 193, '2024-02-25 01:37:59'),
(2526, 676, 180, '2024-02-25 01:37:59'),
(2527, 198, 136, '2024-02-25 01:37:59'),
(2528, 259, 179, '2024-02-25 01:37:59'),
(2529, 969, 47, '2024-02-25 01:37:59'),
(2530, 664, 95, '2024-02-25 01:37:59'),
(2531, 908, 170, '2024-02-25 01:37:59'),
(2532, 183, 113, '2024-02-25 01:37:59'),
(2533, 833, 89, '2024-02-25 01:37:59'),
(2534, 914, 188, '2024-02-25 01:37:59'),
(2535, 639, 189, '2024-02-25 01:37:59'),
(2536, 519, 46, '2024-02-25 01:37:59'),
(2537, 83, 137, '2024-02-25 01:37:59'),
(2538, 497, 23, '2024-02-25 01:37:59'),
(2539, 993, 124, '2024-02-25 01:37:59'),
(2540, 677, 89, '2024-02-25 01:37:59'),
(2541, 40, 11, '2024-02-25 01:37:59'),
(2542, 446, 40, '2024-02-25 01:37:59'),
(2543, 616, 199, '2024-02-25 01:37:59'),
(2544, 658, 183, '2024-02-25 01:37:59'),
(2545, 512, 72, '2024-02-25 01:37:59'),
(2546, 610, 77, '2024-02-25 01:37:59'),
(2547, 530, 1, '2024-02-25 01:37:59'),
(2548, 596, 66, '2024-02-25 01:37:59'),
(2549, 474, 37, '2024-02-25 01:37:59'),
(2550, 254, 10, '2024-02-25 01:37:59'),
(2551, 375, 66, '2024-02-25 01:37:59'),
(2552, 753, 201, '2024-02-25 01:38:00'),
(2553, 632, 54, '2024-02-25 01:38:00'),
(2554, 815, 189, '2024-02-25 01:38:00'),
(2555, 1011, 1, '2024-02-25 01:38:00'),
(2556, 38, 9, '2024-02-25 01:38:00'),
(2557, 822, 22, '2024-02-25 01:38:00'),
(2558, 650, 133, '2024-02-25 01:38:00'),
(2559, 381, 51, '2024-02-25 01:38:00'),
(2560, 127, 120, '2024-02-25 01:38:00'),
(2561, 820, 114, '2024-02-25 01:38:00'),
(2562, 373, 209, '2024-02-25 01:38:00'),
(2563, 507, 197, '2024-02-25 01:38:00'),
(2564, 97, 45, '2024-02-25 01:38:00'),
(2565, 321, 8, '2024-02-25 01:38:00'),
(2566, 646, 158, '2024-02-25 01:38:00'),
(2567, 621, 182, '2024-02-25 01:38:00'),
(2568, 779, 141, '2024-02-25 01:38:00'),
(2569, 557, 180, '2024-02-25 01:38:00'),
(2570, 57, 139, '2024-02-25 01:38:00'),
(2571, 777, 178, '2024-02-25 01:38:00'),
(2572, 692, 130, '2024-02-25 01:38:00'),
(2573, 805, 205, '2024-02-25 01:38:00'),
(2574, 920, 8, '2024-02-25 01:38:00'),
(2575, 946, 49, '2024-02-25 01:38:00'),
(2576, 768, 219, '2024-02-25 01:38:00'),
(2577, 448, 122, '2024-02-25 01:38:00'),
(2578, 867, 184, '2024-02-25 01:38:00'),
(2579, 263, 162, '2024-02-25 01:38:00'),
(2580, 328, 105, '2024-02-25 01:38:00'),
(2581, 53, 95, '2024-02-25 01:38:00'),
(2582, 1013, 103, '2024-02-25 01:38:00'),
(2583, 973, 149, '2024-02-25 01:38:00'),
(2584, 497, 100, '2024-02-25 01:38:00'),
(2585, 984, 18, '2024-02-25 01:38:00'),
(2586, 550, 6, '2024-02-25 01:38:00'),
(2587, 235, 5, '2024-02-25 01:38:00'),
(2588, 836, 123, '2024-02-25 01:38:00'),
(2589, 455, 118, '2024-02-25 01:38:00'),
(2590, 374, 182, '2024-02-25 01:38:00'),
(2591, 590, 85, '2024-02-25 01:38:00'),
(2592, 620, 24, '2024-02-25 01:38:00'),
(2593, 283, 114, '2024-02-25 01:38:00'),
(2594, 1001, 203, '2024-02-25 01:38:00'),
(2595, 764, 62, '2024-02-25 01:38:00'),
(2596, 761, 155, '2024-02-25 01:38:00'),
(2597, 681, 101, '2024-02-25 01:38:00'),
(2598, 683, 182, '2024-02-25 01:38:00'),
(2599, 111, 106, '2024-02-25 01:38:00'),
(2600, 239, 82, '2024-02-25 01:38:00'),
(2601, 755, 105, '2024-02-25 01:38:00'),
(2602, 555, 47, '2024-02-25 01:38:00'),
(2603, 82, 169, '2024-02-25 01:38:00'),
(2604, 748, 146, '2024-02-25 01:38:00'),
(2605, 458, 23, '2024-02-25 01:38:00'),
(2606, 571, 204, '2024-02-25 01:38:00'),
(2607, 950, 173, '2024-02-25 01:38:00'),
(2608, 63, 165, '2024-02-25 01:38:00'),
(2609, 34, 145, '2024-02-25 01:38:00'),
(2610, 908, 153, '2024-02-25 01:38:00'),
(2611, 232, 213, '2024-02-25 01:38:00'),
(2612, 757, 198, '2024-02-25 01:38:00'),
(2613, 642, 67, '2024-02-25 01:38:00'),
(2614, 925, 48, '2024-02-25 01:38:00'),
(2615, 497, 13, '2024-02-25 01:38:00'),
(2616, 249, 119, '2024-02-25 01:38:00'),
(2617, 489, 93, '2024-02-25 01:38:00'),
(2618, 940, 190, '2024-02-25 01:38:00'),
(2619, 655, 75, '2024-02-25 01:38:00'),
(2620, 862, 15, '2024-02-25 01:38:00'),
(2621, 576, 126, '2024-02-25 01:38:00'),
(2622, 842, 145, '2024-02-25 01:38:00'),
(2623, 644, 16, '2024-02-25 01:38:00'),
(2624, 139, 64, '2024-02-25 01:38:00'),
(2625, 73, 206, '2024-02-25 01:38:00');
INSERT INTO `Favorites` (`favorite_id`, `user_id`, `image_id`, `added_at`) VALUES
(2626, 322, 136, '2024-02-25 01:38:00'),
(2627, 705, 149, '2024-02-25 01:38:00'),
(2628, 5, 217, '2024-02-25 01:38:00'),
(2629, 600, 77, '2024-02-25 01:38:00'),
(2630, 513, 159, '2024-02-25 01:38:00'),
(2631, 858, 199, '2024-02-25 01:38:00'),
(2632, 457, 89, '2024-02-25 01:38:00'),
(2633, 611, 16, '2024-02-25 01:38:00'),
(2634, 343, 204, '2024-02-25 01:38:00'),
(2635, 675, 136, '2024-02-25 01:38:00'),
(2636, 553, 53, '2024-02-25 01:38:00'),
(2637, 919, 185, '2024-02-25 01:38:00'),
(2638, 593, 43, '2024-02-25 01:38:01'),
(2639, 531, 111, '2024-02-25 01:38:01'),
(2640, 965, 17, '2024-02-25 01:38:01'),
(2641, 700, 219, '2024-02-25 01:38:01'),
(2642, 143, 76, '2024-02-25 01:38:01'),
(2643, 906, 217, '2024-02-25 01:38:01'),
(2644, 732, 180, '2024-02-25 01:38:01'),
(2645, 972, 16, '2024-02-25 01:38:01'),
(2646, 275, 104, '2024-02-25 01:38:01'),
(2647, 613, 181, '2024-02-25 01:38:01'),
(2648, 904, 176, '2024-02-25 01:38:01'),
(2649, 473, 65, '2024-02-25 01:38:01'),
(2650, 845, 177, '2024-02-25 01:38:01'),
(2651, 431, 98, '2024-02-25 01:38:01'),
(2652, 977, 27, '2024-02-25 01:38:01'),
(2653, 902, 49, '2024-02-25 01:38:01'),
(2654, 779, 212, '2024-02-25 01:38:01'),
(2655, 52, 32, '2024-02-25 01:38:01'),
(2656, 222, 162, '2024-02-25 01:38:01'),
(2657, 260, 136, '2024-02-25 01:38:01'),
(2658, 92, 187, '2024-02-25 01:38:01'),
(2659, 915, 174, '2024-02-25 01:38:01'),
(2660, 344, 199, '2024-02-25 01:38:01'),
(2661, 70, 7, '2024-02-25 01:38:01'),
(2662, 888, 50, '2024-02-25 01:38:01'),
(2663, 66, 152, '2024-02-25 01:38:01'),
(2664, 883, 190, '2024-02-25 01:38:01'),
(2665, 989, 196, '2024-02-25 01:38:01'),
(2666, 570, 87, '2024-02-25 01:38:01'),
(2667, 832, 203, '2024-02-25 01:38:01'),
(2668, 839, 205, '2024-02-25 01:38:01'),
(2669, 585, 194, '2024-02-25 01:38:01'),
(2670, 61, 148, '2024-02-25 01:38:01'),
(2671, 13, 30, '2024-02-25 01:38:01'),
(2672, 909, 98, '2024-02-25 01:38:01'),
(2673, 423, 20, '2024-02-25 01:38:01'),
(2674, 548, 52, '2024-02-25 01:38:01'),
(2675, 589, 170, '2024-02-25 01:38:01'),
(2676, 123, 44, '2024-02-25 01:38:01'),
(2677, 446, 131, '2024-02-25 01:38:01'),
(2678, 436, 85, '2024-02-25 01:38:01'),
(2679, 840, 100, '2024-02-25 01:38:01'),
(2680, 192, 173, '2024-02-25 01:38:01'),
(2681, 163, 135, '2024-02-25 01:38:01'),
(2682, 786, 210, '2024-02-25 01:38:01'),
(2683, 287, 169, '2024-02-25 01:38:01'),
(2684, 759, 202, '2024-02-25 01:38:01'),
(2685, 511, 212, '2024-02-25 01:38:01'),
(2686, 664, 180, '2024-02-25 01:38:01'),
(2687, 676, 128, '2024-02-25 01:38:01'),
(2688, 961, 173, '2024-02-25 01:38:01'),
(2689, 65, 54, '2024-02-25 01:38:01'),
(2690, 129, 6, '2024-02-25 01:38:01'),
(2691, 434, 78, '2024-02-25 01:38:01'),
(2692, 511, 160, '2024-02-25 01:38:01'),
(2693, 405, 2, '2024-02-25 01:38:01'),
(2694, 804, 18, '2024-02-25 01:38:01'),
(2695, 129, 154, '2024-02-25 01:38:01'),
(2696, 459, 64, '2024-02-25 01:38:01'),
(2697, 471, 204, '2024-02-25 01:38:01'),
(2698, 562, 66, '2024-02-25 01:38:01'),
(2699, 961, 162, '2024-02-25 01:38:01'),
(2700, 109, 123, '2024-02-25 01:38:01'),
(2701, 115, 125, '2024-02-25 01:38:01'),
(2702, 90, 42, '2024-02-25 01:38:01'),
(2703, 451, 149, '2024-02-25 01:38:01'),
(2704, 207, 98, '2024-02-25 01:38:01'),
(2705, 314, 21, '2024-02-25 01:38:01'),
(2706, 666, 159, '2024-02-25 01:38:01'),
(2707, 752, 77, '2024-02-25 01:38:01'),
(2708, 75, 56, '2024-02-25 01:38:01'),
(2709, 641, 149, '2024-02-25 01:38:01'),
(2710, 1004, 30, '2024-02-25 01:38:01'),
(2711, 185, 26, '2024-02-25 01:38:01'),
(2712, 963, 217, '2024-02-25 01:38:01'),
(2713, 22, 29, '2024-02-25 01:38:01'),
(2714, 445, 82, '2024-02-25 01:38:01'),
(2715, 467, 42, '2024-02-25 01:38:01'),
(2716, 951, 218, '2024-02-25 01:38:01'),
(2717, 989, 104, '2024-02-25 01:38:01'),
(2718, 137, 176, '2024-02-25 01:38:01'),
(2719, 356, 15, '2024-02-25 01:38:01'),
(2720, 911, 74, '2024-02-25 01:38:01'),
(2721, 986, 160, '2024-02-25 01:38:01'),
(2722, 732, 132, '2024-02-25 01:38:01'),
(2723, 150, 117, '2024-02-25 01:38:01'),
(2724, 151, 44, '2024-02-25 01:38:01'),
(2725, 697, 123, '2024-02-25 01:38:01'),
(2726, 969, 115, '2024-02-25 01:38:01'),
(2727, 839, 168, '2024-02-25 01:38:01'),
(2728, 879, 204, '2024-02-25 01:38:02'),
(2729, 660, 195, '2024-02-25 01:38:02'),
(2730, 150, 217, '2024-02-25 01:38:02'),
(2731, 490, 144, '2024-02-25 01:38:02'),
(2732, 737, 23, '2024-02-25 01:38:02'),
(2733, 127, 172, '2024-02-25 01:38:02'),
(2734, 625, 102, '2024-02-25 01:38:02'),
(2735, 995, 36, '2024-02-25 01:38:02'),
(2736, 113, 163, '2024-02-25 01:38:02'),
(2737, 91, 108, '2024-02-25 01:38:02'),
(2738, 361, 47, '2024-02-25 01:38:02'),
(2739, 196, 20, '2024-02-25 01:38:02'),
(2740, 328, 90, '2024-02-25 01:38:02'),
(2741, 1016, 86, '2024-02-25 01:38:02'),
(2742, 440, 138, '2024-02-25 01:38:02'),
(2743, 426, 96, '2024-02-25 01:38:02'),
(2744, 552, 106, '2024-02-25 01:38:02'),
(2745, 124, 134, '2024-02-25 01:38:02'),
(2746, 735, 81, '2024-02-25 01:38:02'),
(2747, 346, 158, '2024-02-25 01:38:02'),
(2748, 707, 163, '2024-02-25 01:38:02'),
(2749, 930, 131, '2024-02-25 01:38:02'),
(2750, 121, 31, '2024-02-25 01:38:02'),
(2751, 389, 90, '2024-02-25 01:38:02'),
(2752, 191, 52, '2024-02-25 01:38:02'),
(2753, 306, 83, '2024-02-25 01:38:02'),
(2754, 675, 116, '2024-02-25 01:38:02'),
(2755, 960, 117, '2024-02-25 01:38:02'),
(2756, 156, 206, '2024-02-25 01:38:02'),
(2757, 659, 45, '2024-02-25 01:38:02'),
(2758, 364, 54, '2024-02-25 01:38:02'),
(2759, 661, 59, '2024-02-25 01:38:02'),
(2760, 419, 105, '2024-02-25 01:38:02'),
(2761, 339, 111, '2024-02-25 01:38:02'),
(2762, 363, 152, '2024-02-25 01:38:02'),
(2763, 131, 116, '2024-02-25 01:38:02'),
(2764, 75, 41, '2024-02-25 01:38:02'),
(2765, 341, 30, '2024-02-25 01:38:02'),
(2766, 26, 182, '2024-02-25 01:38:02'),
(2767, 98, 186, '2024-02-25 01:38:02'),
(2768, 59, 18, '2024-02-25 01:38:02'),
(2769, 394, 14, '2024-02-25 01:38:02'),
(2770, 478, 95, '2024-02-25 01:38:02'),
(2771, 473, 167, '2024-02-25 01:38:02'),
(2772, 773, 54, '2024-02-25 01:38:02'),
(2773, 67, 219, '2024-02-25 01:38:02'),
(2774, 889, 66, '2024-02-25 01:38:02'),
(2775, 17, 195, '2024-02-25 01:38:02'),
(2776, 28, 110, '2024-02-25 01:38:02'),
(2777, 124, 46, '2024-02-25 01:38:02'),
(2778, 511, 104, '2024-02-25 01:38:02'),
(2779, 973, 106, '2024-02-25 01:38:02'),
(2780, 515, 73, '2024-02-25 01:38:02'),
(2781, 378, 4, '2024-02-25 01:38:02'),
(2782, 175, 214, '2024-02-25 01:38:02'),
(2783, 197, 121, '2024-02-25 01:38:02'),
(2784, 654, 123, '2024-02-25 01:38:02'),
(2785, 542, 172, '2024-02-25 01:38:02'),
(2786, 624, 43, '2024-02-25 01:38:02'),
(2787, 735, 38, '2024-02-25 01:38:02'),
(2788, 915, 185, '2024-02-25 01:38:02'),
(2789, 463, 49, '2024-02-25 01:38:02'),
(2790, 88, 1, '2024-02-25 01:38:02'),
(2791, 165, 66, '2024-02-25 01:38:02'),
(2792, 535, 172, '2024-02-25 01:38:02'),
(2793, 806, 165, '2024-02-25 01:38:02'),
(2794, 733, 98, '2024-02-25 01:38:02'),
(2795, 716, 175, '2024-02-25 01:38:02'),
(2796, 435, 78, '2024-02-25 01:38:02'),
(2797, 821, 29, '2024-02-25 01:38:02'),
(2798, 732, 39, '2024-02-25 01:38:02'),
(2799, 399, 10, '2024-02-25 01:38:02'),
(2800, 672, 167, '2024-02-25 01:38:02'),
(2801, 552, 152, '2024-02-25 01:38:02'),
(2802, 106, 133, '2024-02-25 01:38:02'),
(2803, 89, 62, '2024-02-25 01:38:02'),
(2804, 711, 87, '2024-02-25 01:38:02'),
(2805, 740, 173, '2024-02-25 01:38:02'),
(2806, 408, 191, '2024-02-25 01:38:02'),
(2807, 765, 17, '2024-02-25 01:38:02'),
(2808, 992, 10, '2024-02-25 01:38:02'),
(2809, 291, 204, '2024-02-25 01:38:02'),
(2810, 856, 141, '2024-02-25 01:38:02'),
(2811, 390, 75, '2024-02-25 01:38:02'),
(2812, 27, 72, '2024-02-25 01:38:02'),
(2813, 392, 43, '2024-02-25 01:38:02'),
(2814, 1000, 216, '2024-02-25 01:38:03'),
(2815, 103, 187, '2024-02-25 01:38:03'),
(2816, 593, 98, '2024-02-25 01:38:03'),
(2817, 255, 58, '2024-02-25 01:38:03'),
(2818, 726, 202, '2024-02-25 01:38:03'),
(2819, 908, 5, '2024-02-25 01:38:03'),
(2820, 119, 176, '2024-02-25 01:38:03'),
(2821, 511, 74, '2024-02-25 01:38:03'),
(2822, 727, 212, '2024-02-25 01:38:03'),
(2823, 851, 201, '2024-02-25 01:38:03'),
(2824, 354, 188, '2024-02-25 01:38:03'),
(2825, 947, 57, '2024-02-25 01:38:03'),
(2826, 172, 203, '2024-02-25 01:38:03'),
(2827, 238, 106, '2024-02-25 01:38:03'),
(2828, 800, 126, '2024-02-25 01:38:03'),
(2829, 402, 141, '2024-02-25 01:38:03'),
(2830, 598, 48, '2024-02-25 01:38:03'),
(2831, 828, 212, '2024-02-25 01:38:03'),
(2832, 151, 4, '2024-02-25 01:38:03'),
(2833, 440, 58, '2024-02-25 01:38:03'),
(2834, 650, 22, '2024-02-25 01:38:03'),
(2835, 573, 63, '2024-02-25 01:38:03'),
(2836, 616, 181, '2024-02-25 01:38:03'),
(2837, 950, 168, '2024-02-25 01:38:03'),
(2838, 396, 49, '2024-02-25 01:38:03'),
(2839, 728, 48, '2024-02-25 01:38:03'),
(2840, 954, 123, '2024-02-25 01:38:03'),
(2841, 132, 219, '2024-02-25 01:38:03'),
(2842, 1013, 9, '2024-02-25 01:38:03'),
(2843, 995, 93, '2024-02-25 01:38:03'),
(2844, 56, 174, '2024-02-25 01:38:03'),
(2845, 982, 210, '2024-02-25 01:38:03'),
(2846, 536, 47, '2024-02-25 01:38:03'),
(2847, 604, 107, '2024-02-25 01:38:03'),
(2848, 835, 210, '2024-02-25 01:38:03'),
(2849, 822, 222, '2024-02-25 01:38:03'),
(2850, 475, 105, '2024-02-25 01:38:03'),
(2851, 523, 19, '2024-02-25 01:38:03'),
(2852, 1018, 14, '2024-02-25 01:38:03'),
(2853, 611, 61, '2024-02-25 01:38:03'),
(2854, 358, 183, '2024-02-25 01:38:03'),
(2855, 742, 142, '2024-02-25 01:38:03'),
(2856, 951, 53, '2024-02-25 01:38:03'),
(2857, 329, 15, '2024-02-25 01:38:03'),
(2858, 187, 137, '2024-02-25 01:38:03'),
(2859, 552, 136, '2024-02-25 01:38:03'),
(2860, 103, 47, '2024-02-25 01:38:03'),
(2861, 48, 153, '2024-02-25 01:38:03'),
(2862, 285, 55, '2024-02-25 01:38:03'),
(2863, 287, 148, '2024-02-25 01:38:03'),
(2864, 693, 41, '2024-02-25 01:38:03'),
(2865, 230, 46, '2024-02-25 01:38:03'),
(2866, 74, 176, '2024-02-25 01:38:03'),
(2867, 966, 177, '2024-02-25 01:38:03'),
(2868, 931, 24, '2024-02-25 01:38:03'),
(2869, 673, 54, '2024-02-25 01:38:03'),
(2870, 334, 34, '2024-02-25 01:38:03'),
(2871, 10, 167, '2024-02-25 01:38:03'),
(2872, 189, 140, '2024-02-25 01:38:03'),
(2873, 811, 162, '2024-02-25 01:38:03'),
(2874, 537, 198, '2024-02-25 01:38:03'),
(2875, 471, 159, '2024-02-25 01:38:03'),
(2876, 892, 94, '2024-02-25 01:38:03'),
(2877, 807, 172, '2024-02-25 01:38:03'),
(2878, 931, 216, '2024-02-25 01:38:03'),
(2879, 589, 212, '2024-02-25 01:38:03'),
(2880, 575, 207, '2024-02-25 01:38:03'),
(2881, 191, 125, '2024-02-25 01:38:03'),
(2882, 730, 38, '2024-02-25 01:38:03'),
(2883, 388, 31, '2024-02-25 01:38:03'),
(2884, 372, 100, '2024-02-25 01:38:03'),
(2885, 163, 212, '2024-02-25 01:38:03'),
(2886, 834, 177, '2024-02-25 01:38:03'),
(2887, 604, 4, '2024-02-25 01:38:03'),
(2888, 517, 176, '2024-02-25 01:38:03'),
(2889, 543, 22, '2024-02-25 01:38:03'),
(2890, 931, 71, '2024-02-25 01:38:03'),
(2891, 769, 168, '2024-02-25 01:38:03'),
(2892, 357, 125, '2024-02-25 01:38:03'),
(2893, 429, 105, '2024-02-25 01:38:03'),
(2894, 241, 110, '2024-02-25 01:38:03'),
(2895, 696, 165, '2024-02-25 01:38:03'),
(2896, 340, 77, '2024-02-25 01:38:03'),
(2897, 350, 189, '2024-02-25 01:38:03'),
(2898, 375, 151, '2024-02-25 01:38:03'),
(2899, 298, 201, '2024-02-25 01:38:03'),
(2900, 152, 139, '2024-02-25 01:38:04'),
(2901, 527, 17, '2024-02-25 01:38:04'),
(2902, 812, 193, '2024-02-25 01:38:04'),
(2903, 91, 97, '2024-02-25 01:38:04'),
(2904, 959, 203, '2024-02-25 01:38:04'),
(2905, 264, 160, '2024-02-25 01:38:04'),
(2906, 303, 15, '2024-02-25 01:38:04'),
(2907, 962, 133, '2024-02-25 01:38:04'),
(2908, 176, 48, '2024-02-25 01:38:04'),
(2909, 872, 143, '2024-02-25 01:38:04'),
(2910, 559, 202, '2024-02-25 01:38:04'),
(2911, 310, 52, '2024-02-25 01:38:04'),
(2912, 129, 181, '2024-02-25 01:38:04'),
(2913, 759, 137, '2024-02-25 01:38:04'),
(2914, 902, 172, '2024-02-25 01:38:04'),
(2915, 584, 15, '2024-02-25 01:38:04'),
(2916, 318, 147, '2024-02-25 01:38:04'),
(2917, 150, 111, '2024-02-25 01:38:04'),
(2918, 214, 84, '2024-02-25 01:38:04'),
(2919, 981, 165, '2024-02-25 01:38:04'),
(2920, 164, 169, '2024-02-25 01:38:04'),
(2921, 565, 123, '2024-02-25 01:38:04'),
(2922, 776, 51, '2024-02-25 01:38:04'),
(2923, 876, 8, '2024-02-25 01:38:04'),
(2924, 739, 45, '2024-02-25 01:38:04'),
(2925, 264, 133, '2024-02-25 01:38:04'),
(2926, 196, 20, '2024-02-25 01:38:04'),
(2927, 24, 125, '2024-02-25 01:38:04'),
(2928, 147, 159, '2024-02-25 01:38:04'),
(2929, 278, 196, '2024-02-25 01:38:04'),
(2930, 538, 31, '2024-02-25 01:38:04'),
(2931, 371, 98, '2024-02-25 01:38:04'),
(2932, 247, 94, '2024-02-25 01:38:04'),
(2933, 377, 172, '2024-02-25 01:38:04'),
(2934, 311, 221, '2024-02-25 01:38:04'),
(2935, 534, 159, '2024-02-25 01:38:04'),
(2936, 874, 208, '2024-02-25 01:38:04'),
(2937, 789, 103, '2024-02-25 01:38:04'),
(2938, 670, 83, '2024-02-25 01:38:04'),
(2939, 180, 167, '2024-02-25 01:38:04'),
(2940, 648, 114, '2024-02-25 01:38:04'),
(2941, 757, 51, '2024-02-25 01:38:04'),
(2942, 853, 12, '2024-02-25 01:38:04'),
(2943, 697, 149, '2024-02-25 01:38:04'),
(2944, 627, 167, '2024-02-25 01:38:04'),
(2945, 204, 112, '2024-02-25 01:38:04'),
(2946, 332, 31, '2024-02-25 01:38:04'),
(2947, 758, 93, '2024-02-25 01:38:04'),
(2948, 392, 169, '2024-02-25 01:38:04'),
(2949, 90, 62, '2024-02-25 01:38:04'),
(2950, 745, 154, '2024-02-25 01:38:04'),
(2951, 171, 172, '2024-02-25 01:38:04'),
(2952, 920, 16, '2024-02-25 01:38:04'),
(2953, 49, 145, '2024-02-25 01:38:04'),
(2954, 762, 213, '2024-02-25 01:38:04'),
(2955, 111, 13, '2024-02-25 01:38:04'),
(2956, 268, 86, '2024-02-25 01:38:04'),
(2957, 202, 63, '2024-02-25 01:38:04'),
(2958, 630, 131, '2024-02-25 01:38:04'),
(2959, 810, 204, '2024-02-25 01:38:04'),
(2960, 859, 46, '2024-02-25 01:38:04'),
(2961, 639, 187, '2024-02-25 01:38:04'),
(2962, 484, 107, '2024-02-25 01:38:04'),
(2963, 668, 126, '2024-02-25 01:38:04'),
(2964, 653, 44, '2024-02-25 01:38:04'),
(2965, 504, 56, '2024-02-25 01:38:04'),
(2966, 617, 166, '2024-02-25 01:38:04'),
(2967, 877, 48, '2024-02-25 01:38:04'),
(2968, 611, 6, '2024-02-25 01:38:04'),
(2969, 626, 176, '2024-02-25 01:38:04'),
(2970, 699, 8, '2024-02-25 01:38:04'),
(2971, 89, 212, '2024-02-25 01:38:04'),
(2972, 747, 50, '2024-02-25 01:38:04'),
(2973, 449, 153, '2024-02-25 01:38:04'),
(2974, 905, 164, '2024-02-25 01:38:04'),
(2975, 825, 145, '2024-02-25 01:38:04'),
(2976, 401, 95, '2024-02-25 01:38:04'),
(2977, 873, 111, '2024-02-25 01:38:05'),
(2978, 572, 113, '2024-02-25 01:38:05'),
(2979, 152, 183, '2024-02-25 01:38:05'),
(2980, 964, 32, '2024-02-25 01:38:05'),
(2981, 995, 122, '2024-02-25 01:38:05'),
(2982, 19, 198, '2024-02-25 01:38:05'),
(2983, 497, 38, '2024-02-25 01:38:05'),
(2984, 335, 84, '2024-02-25 01:38:05'),
(2985, 307, 154, '2024-02-25 01:38:05'),
(2986, 988, 144, '2024-02-25 01:38:05'),
(2987, 177, 59, '2024-02-25 01:38:05'),
(2988, 53, 75, '2024-02-25 01:38:05'),
(2989, 78, 19, '2024-02-25 01:38:05'),
(2990, 972, 121, '2024-02-25 01:38:05'),
(2991, 547, 24, '2024-02-25 01:38:05'),
(2992, 828, 18, '2024-02-25 01:38:05'),
(2993, 30, 198, '2024-02-25 01:38:05'),
(2994, 452, 184, '2024-02-25 01:38:05'),
(2995, 93, 122, '2024-02-25 01:38:05'),
(2996, 956, 92, '2024-02-25 01:38:05'),
(2997, 375, 177, '2024-02-25 01:38:05'),
(2998, 737, 88, '2024-02-25 01:38:05'),
(2999, 17, 120, '2024-02-25 01:38:05'),
(3000, 167, 187, '2024-02-25 01:38:05'),
(3001, 495, 107, '2024-02-25 01:40:12'),
(3002, 593, 197, '2024-02-25 01:40:12'),
(3003, 236, 61, '2024-02-25 01:40:12'),
(3004, 748, 86, '2024-02-25 01:40:12'),
(3005, 1, 7, '2024-02-25 01:40:12'),
(3006, 750, 47, '2024-02-25 01:40:12'),
(3007, 69, 178, '2024-02-25 01:40:12'),
(3008, 255, 215, '2024-02-25 01:40:12'),
(3009, 541, 94, '2024-02-25 01:40:12'),
(3010, 154, 203, '2024-02-25 01:40:12'),
(3011, 456, 91, '2024-02-25 01:40:12'),
(3012, 704, 98, '2024-02-25 01:40:12'),
(3013, 465, 98, '2024-02-25 01:40:12'),
(3014, 482, 190, '2024-02-25 01:40:12'),
(3015, 392, 3, '2024-02-25 01:40:12'),
(3016, 951, 173, '2024-02-25 01:40:12'),
(3017, 813, 156, '2024-02-25 01:40:12'),
(3018, 597, 47, '2024-02-25 01:40:12'),
(3019, 1001, 155, '2024-02-25 01:40:12'),
(3020, 474, 34, '2024-02-25 01:40:12'),
(3021, 896, 219, '2024-02-25 01:40:12'),
(3022, 174, 140, '2024-02-25 01:40:12'),
(3023, 748, 186, '2024-02-25 01:40:12'),
(3024, 142, 126, '2024-02-25 01:40:12'),
(3025, 704, 199, '2024-02-25 01:40:12'),
(3026, 451, 13, '2024-02-25 01:40:12'),
(3027, 759, 119, '2024-02-25 01:40:12'),
(3028, 344, 148, '2024-02-25 01:40:13'),
(3029, 678, 75, '2024-02-25 01:40:13'),
(3030, 424, 146, '2024-02-25 01:40:13'),
(3031, 288, 208, '2024-02-25 01:40:13'),
(3032, 796, 182, '2024-02-25 01:40:13'),
(3033, 153, 90, '2024-02-25 01:40:13'),
(3034, 357, 93, '2024-02-25 01:40:13'),
(3035, 836, 77, '2024-02-25 01:40:13'),
(3036, 394, 159, '2024-02-25 01:40:13'),
(3037, 943, 26, '2024-02-25 01:40:13'),
(3038, 777, 63, '2024-02-25 01:40:13'),
(3039, 101, 133, '2024-02-25 01:40:13'),
(3040, 990, 102, '2024-02-25 01:40:13'),
(3041, 699, 59, '2024-02-25 01:40:13'),
(3042, 195, 50, '2024-02-25 01:40:13'),
(3043, 919, 37, '2024-02-25 01:40:13'),
(3044, 435, 199, '2024-02-25 01:40:13'),
(3045, 960, 148, '2024-02-25 01:40:13'),
(3046, 784, 72, '2024-02-25 01:40:13'),
(3047, 212, 145, '2024-02-25 01:40:13'),
(3048, 871, 39, '2024-02-25 01:40:13'),
(3049, 957, 167, '2024-02-25 01:40:13'),
(3050, 888, 213, '2024-02-25 01:40:13'),
(3051, 251, 27, '2024-02-25 01:40:13'),
(3052, 912, 144, '2024-02-25 01:40:13'),
(3053, 457, 69, '2024-02-25 01:40:13'),
(3054, 701, 15, '2024-02-25 01:40:13'),
(3055, 427, 12, '2024-02-25 01:40:13'),
(3056, 108, 143, '2024-02-25 01:40:13'),
(3057, 1002, 150, '2024-02-25 01:40:13'),
(3058, 669, 168, '2024-02-25 01:40:13'),
(3059, 3, 177, '2024-02-25 01:40:13'),
(3060, 82, 32, '2024-02-25 01:40:13'),
(3061, 668, 71, '2024-02-25 01:40:13'),
(3062, 133, 194, '2024-02-25 01:40:13'),
(3063, 987, 27, '2024-02-25 01:40:13'),
(3064, 642, 39, '2024-02-25 01:40:13'),
(3065, 35, 117, '2024-02-25 01:40:13'),
(3066, 512, 43, '2024-02-25 01:40:13'),
(3067, 881, 30, '2024-02-25 01:40:13'),
(3068, 882, 93, '2024-02-25 01:40:13'),
(3069, 162, 83, '2024-02-25 01:40:13'),
(3070, 82, 84, '2024-02-25 01:40:13'),
(3071, 109, 128, '2024-02-25 01:40:13'),
(3072, 507, 157, '2024-02-25 01:40:13'),
(3073, 791, 125, '2024-02-25 01:40:13'),
(3074, 881, 112, '2024-02-25 01:40:13'),
(3075, 833, 31, '2024-02-25 01:40:13'),
(3076, 486, 89, '2024-02-25 01:40:13'),
(3077, 969, 91, '2024-02-25 01:40:13'),
(3078, 1021, 37, '2024-02-25 01:40:13'),
(3079, 380, 104, '2024-02-25 01:40:13'),
(3080, 623, 82, '2024-02-25 01:40:13'),
(3081, 454, 77, '2024-02-25 01:40:13'),
(3082, 40, 64, '2024-02-25 01:40:13'),
(3083, 844, 15, '2024-02-25 01:40:13'),
(3084, 1010, 126, '2024-02-25 01:40:13'),
(3085, 758, 35, '2024-02-25 01:40:13'),
(3086, 898, 176, '2024-02-25 01:40:13'),
(3087, 955, 84, '2024-02-25 01:40:13'),
(3088, 112, 119, '2024-02-25 01:40:13'),
(3089, 508, 155, '2024-02-25 01:40:13'),
(3090, 585, 200, '2024-02-25 01:40:13'),
(3091, 823, 89, '2024-02-25 01:40:13'),
(3092, 990, 10, '2024-02-25 01:40:13'),
(3093, 917, 115, '2024-02-25 01:40:13'),
(3094, 417, 37, '2024-02-25 01:40:13'),
(3095, 347, 193, '2024-02-25 01:40:13'),
(3096, 24, 15, '2024-02-25 01:40:13'),
(3097, 42, 72, '2024-02-25 01:40:13'),
(3098, 763, 197, '2024-02-25 01:40:13'),
(3099, 449, 215, '2024-02-25 01:40:13'),
(3100, 189, 192, '2024-02-25 01:40:13'),
(3101, 492, 89, '2024-02-25 01:40:13'),
(3102, 703, 200, '2024-02-25 01:40:13'),
(3103, 22, 79, '2024-02-25 01:40:13'),
(3104, 609, 90, '2024-02-25 01:40:13'),
(3105, 90, 205, '2024-02-25 01:40:13'),
(3106, 202, 44, '2024-02-25 01:40:13'),
(3107, 242, 75, '2024-02-25 01:40:13'),
(3108, 953, 145, '2024-02-25 01:40:13'),
(3109, 88, 81, '2024-02-25 01:40:13'),
(3110, 188, 11, '2024-02-25 01:40:13'),
(3111, 16, 89, '2024-02-25 01:40:13'),
(3112, 305, 27, '2024-02-25 01:40:13'),
(3113, 478, 65, '2024-02-25 01:40:13'),
(3114, 675, 219, '2024-02-25 01:40:13'),
(3115, 839, 70, '2024-02-25 01:40:13'),
(3116, 865, 160, '2024-02-25 01:40:13'),
(3117, 597, 183, '2024-02-25 01:40:13'),
(3118, 451, 13, '2024-02-25 01:40:13'),
(3119, 114, 60, '2024-02-25 01:40:13'),
(3120, 593, 145, '2024-02-25 01:40:13'),
(3121, 2, 181, '2024-02-25 01:40:13'),
(3122, 83, 35, '2024-02-25 01:40:13'),
(3123, 389, 60, '2024-02-25 01:40:13'),
(3124, 712, 122, '2024-02-25 01:40:13'),
(3125, 1008, 55, '2024-02-25 01:40:13'),
(3126, 74, 67, '2024-02-25 01:40:13'),
(3127, 138, 195, '2024-02-25 01:40:13'),
(3128, 29, 6, '2024-02-25 01:40:13'),
(3129, 915, 103, '2024-02-25 01:40:13'),
(3130, 29, 53, '2024-02-25 01:40:13'),
(3131, 525, 8, '2024-02-25 01:40:13'),
(3132, 906, 37, '2024-02-25 01:40:13'),
(3133, 477, 217, '2024-02-25 01:40:13'),
(3134, 751, 17, '2024-02-25 01:40:13'),
(3135, 524, 121, '2024-02-25 01:40:13'),
(3136, 1006, 137, '2024-02-25 01:40:13'),
(3137, 113, 177, '2024-02-25 01:40:13'),
(3138, 677, 36, '2024-02-25 01:40:13'),
(3139, 970, 39, '2024-02-25 01:40:13'),
(3140, 572, 148, '2024-02-25 01:40:13'),
(3141, 1020, 125, '2024-02-25 01:40:13'),
(3142, 337, 56, '2024-02-25 01:40:13'),
(3143, 836, 162, '2024-02-25 01:40:13'),
(3144, 919, 2, '2024-02-25 01:40:13'),
(3145, 761, 50, '2024-02-25 01:40:13'),
(3146, 856, 205, '2024-02-25 01:40:13'),
(3147, 342, 56, '2024-02-25 01:40:13'),
(3148, 813, 114, '2024-02-25 01:40:13'),
(3149, 1000, 129, '2024-02-25 01:40:13'),
(3150, 94, 147, '2024-02-25 01:40:13'),
(3151, 453, 75, '2024-02-25 01:40:13'),
(3152, 208, 175, '2024-02-25 01:40:13'),
(3153, 956, 129, '2024-02-25 01:40:13'),
(3154, 427, 91, '2024-02-25 01:40:13'),
(3155, 759, 11, '2024-02-25 01:40:13'),
(3156, 1007, 36, '2024-02-25 01:40:13'),
(3157, 518, 123, '2024-02-25 01:40:13'),
(3158, 118, 216, '2024-02-25 01:40:13'),
(3159, 938, 54, '2024-02-25 01:40:13'),
(3160, 744, 20, '2024-02-25 01:40:13'),
(3161, 268, 18, '2024-02-25 01:40:13'),
(3162, 821, 130, '2024-02-25 01:40:14'),
(3163, 646, 110, '2024-02-25 01:40:14'),
(3164, 757, 200, '2024-02-25 01:40:14'),
(3165, 87, 171, '2024-02-25 01:40:14'),
(3166, 482, 75, '2024-02-25 01:40:14'),
(3167, 79, 95, '2024-02-25 01:40:14'),
(3168, 740, 85, '2024-02-25 01:40:14'),
(3169, 784, 209, '2024-02-25 01:40:14'),
(3170, 970, 178, '2024-02-25 01:40:14'),
(3171, 880, 169, '2024-02-25 01:40:14'),
(3172, 260, 136, '2024-02-25 01:40:14'),
(3173, 730, 53, '2024-02-25 01:40:14'),
(3174, 580, 211, '2024-02-25 01:40:14'),
(3175, 813, 100, '2024-02-25 01:40:14'),
(3176, 287, 95, '2024-02-25 01:40:14'),
(3177, 504, 1, '2024-02-25 01:40:14'),
(3178, 423, 13, '2024-02-25 01:40:14'),
(3179, 942, 87, '2024-02-25 01:40:14'),
(3180, 543, 70, '2024-02-25 01:40:14'),
(3181, 232, 92, '2024-02-25 01:40:14'),
(3182, 496, 156, '2024-02-25 01:40:14'),
(3183, 112, 50, '2024-02-25 01:40:14'),
(3184, 675, 7, '2024-02-25 01:40:14'),
(3185, 719, 99, '2024-02-25 01:40:14'),
(3186, 292, 84, '2024-02-25 01:40:14'),
(3187, 95, 117, '2024-02-25 01:40:14'),
(3188, 190, 167, '2024-02-25 01:40:14'),
(3189, 329, 126, '2024-02-25 01:40:14'),
(3190, 572, 196, '2024-02-25 01:40:14'),
(3191, 623, 115, '2024-02-25 01:40:14'),
(3192, 860, 115, '2024-02-25 01:40:14'),
(3193, 775, 213, '2024-02-25 01:40:14'),
(3194, 53, 168, '2024-02-25 01:40:14'),
(3195, 328, 19, '2024-02-25 01:40:14'),
(3196, 638, 116, '2024-02-25 01:40:14'),
(3197, 758, 152, '2024-02-25 01:40:14'),
(3198, 630, 46, '2024-02-25 01:40:14'),
(3199, 133, 66, '2024-02-25 01:40:14'),
(3200, 626, 118, '2024-02-25 01:40:14'),
(3201, 103, 174, '2024-02-25 01:40:14'),
(3202, 557, 211, '2024-02-25 01:40:14'),
(3203, 975, 129, '2024-02-25 01:40:14'),
(3204, 942, 87, '2024-02-25 01:40:14'),
(3205, 584, 118, '2024-02-25 01:40:14'),
(3206, 937, 147, '2024-02-25 01:40:14'),
(3207, 968, 73, '2024-02-25 01:40:14'),
(3208, 234, 123, '2024-02-25 01:40:14'),
(3209, 980, 159, '2024-02-25 01:40:14'),
(3210, 27, 185, '2024-02-25 01:40:14'),
(3211, 652, 200, '2024-02-25 01:40:14'),
(3212, 326, 28, '2024-02-25 01:40:14'),
(3213, 344, 193, '2024-02-25 01:40:14'),
(3214, 730, 112, '2024-02-25 01:40:14'),
(3215, 837, 110, '2024-02-25 01:40:14'),
(3216, 448, 198, '2024-02-25 01:40:14'),
(3217, 299, 218, '2024-02-25 01:40:14'),
(3218, 973, 152, '2024-02-25 01:40:14'),
(3219, 18, 52, '2024-02-25 01:40:14'),
(3220, 494, 32, '2024-02-25 01:40:14'),
(3221, 538, 3, '2024-02-25 01:40:14'),
(3222, 907, 162, '2024-02-25 01:40:14'),
(3223, 474, 170, '2024-02-25 01:40:14'),
(3224, 713, 177, '2024-02-25 01:40:14'),
(3225, 150, 91, '2024-02-25 01:40:14'),
(3226, 594, 140, '2024-02-25 01:40:14'),
(3227, 306, 194, '2024-02-25 01:40:14'),
(3228, 64, 101, '2024-02-25 01:40:14'),
(3229, 466, 93, '2024-02-25 01:40:14'),
(3230, 592, 110, '2024-02-25 01:40:14'),
(3231, 318, 145, '2024-02-25 01:40:14'),
(3232, 170, 13, '2024-02-25 01:40:14'),
(3233, 164, 67, '2024-02-25 01:40:14'),
(3234, 230, 65, '2024-02-25 01:40:14'),
(3235, 344, 90, '2024-02-25 01:40:14'),
(3236, 54, 45, '2024-02-25 01:40:14'),
(3237, 234, 27, '2024-02-25 01:40:14'),
(3238, 285, 119, '2024-02-25 01:40:14'),
(3239, 162, 192, '2024-02-25 01:40:14'),
(3240, 449, 215, '2024-02-25 01:40:14'),
(3241, 638, 52, '2024-02-25 01:40:14'),
(3242, 10, 207, '2024-02-25 01:40:14'),
(3243, 684, 1, '2024-02-25 01:40:14'),
(3244, 612, 96, '2024-02-25 01:40:14'),
(3245, 13, 189, '2024-02-25 01:40:14'),
(3246, 554, 174, '2024-02-25 01:40:14'),
(3247, 241, 29, '2024-02-25 01:40:14'),
(3248, 242, 36, '2024-02-25 01:40:14'),
(3249, 15, 125, '2024-02-25 01:40:14'),
(3250, 1022, 59, '2024-02-25 01:40:14'),
(3251, 645, 54, '2024-02-25 01:40:14'),
(3252, 147, 46, '2024-02-25 01:40:14'),
(3253, 707, 79, '2024-02-25 01:40:14'),
(3254, 28, 70, '2024-02-25 01:40:14'),
(3255, 280, 140, '2024-02-25 01:40:14'),
(3256, 799, 82, '2024-02-25 01:40:14'),
(3257, 117, 130, '2024-02-25 01:40:14'),
(3258, 360, 86, '2024-02-25 01:40:14'),
(3259, 998, 109, '2024-02-25 01:40:14'),
(3260, 64, 43, '2024-02-25 01:40:14'),
(3261, 407, 109, '2024-02-25 01:40:14'),
(3262, 541, 24, '2024-02-25 01:40:14'),
(3263, 183, 111, '2024-02-25 01:40:14'),
(3264, 619, 203, '2024-02-25 01:40:14'),
(3265, 750, 90, '2024-02-25 01:40:14'),
(3266, 917, 209, '2024-02-25 01:40:14'),
(3267, 462, 25, '2024-02-25 01:40:14'),
(3268, 988, 190, '2024-02-25 01:40:14'),
(3269, 622, 92, '2024-02-25 01:40:14'),
(3270, 279, 108, '2024-02-25 01:40:14'),
(3271, 422, 104, '2024-02-25 01:40:14'),
(3272, 706, 208, '2024-02-25 01:40:14'),
(3273, 481, 72, '2024-02-25 01:40:14'),
(3274, 199, 197, '2024-02-25 01:40:14'),
(3275, 978, 107, '2024-02-25 01:40:14'),
(3276, 528, 182, '2024-02-25 01:40:14'),
(3277, 999, 200, '2024-02-25 01:40:14'),
(3278, 760, 198, '2024-02-25 01:40:14'),
(3279, 832, 81, '2024-02-25 01:40:14'),
(3280, 961, 39, '2024-02-25 01:40:14'),
(3281, 651, 12, '2024-02-25 01:40:14'),
(3282, 259, 8, '2024-02-25 01:40:15'),
(3283, 995, 141, '2024-02-25 01:40:15'),
(3284, 151, 140, '2024-02-25 01:40:15'),
(3285, 703, 26, '2024-02-25 01:40:15'),
(3286, 23, 137, '2024-02-25 01:40:15'),
(3287, 895, 195, '2024-02-25 01:40:15'),
(3288, 253, 174, '2024-02-25 01:40:15'),
(3289, 942, 147, '2024-02-25 01:40:15'),
(3290, 333, 31, '2024-02-25 01:40:15'),
(3291, 98, 131, '2024-02-25 01:40:15'),
(3292, 532, 18, '2024-02-25 01:40:15'),
(3293, 117, 42, '2024-02-25 01:40:15'),
(3294, 895, 219, '2024-02-25 01:40:15'),
(3295, 57, 161, '2024-02-25 01:40:15'),
(3296, 940, 139, '2024-02-25 01:40:15'),
(3297, 431, 96, '2024-02-25 01:40:15'),
(3298, 45, 8, '2024-02-25 01:40:15'),
(3299, 686, 204, '2024-02-25 01:40:15'),
(3300, 860, 30, '2024-02-25 01:40:15'),
(3301, 945, 187, '2024-02-25 01:40:15'),
(3302, 1008, 221, '2024-02-25 01:40:15'),
(3303, 670, 87, '2024-02-25 01:40:15'),
(3304, 1004, 63, '2024-02-25 01:40:15'),
(3305, 35, 68, '2024-02-25 01:40:15'),
(3306, 313, 168, '2024-02-25 01:40:15'),
(3307, 907, 77, '2024-02-25 01:40:15'),
(3308, 91, 121, '2024-02-25 01:40:15'),
(3309, 397, 68, '2024-02-25 01:40:15'),
(3310, 674, 81, '2024-02-25 01:40:15'),
(3311, 336, 20, '2024-02-25 01:40:15'),
(3312, 317, 84, '2024-02-25 01:40:15'),
(3313, 251, 44, '2024-02-25 01:40:15'),
(3314, 439, 1, '2024-02-25 01:40:15'),
(3315, 426, 117, '2024-02-25 01:40:15'),
(3316, 380, 108, '2024-02-25 01:40:15'),
(3317, 397, 63, '2024-02-25 01:40:15'),
(3318, 394, 222, '2024-02-25 01:40:15'),
(3319, 803, 39, '2024-02-25 01:40:15'),
(3320, 605, 214, '2024-02-25 01:40:15'),
(3321, 1022, 73, '2024-02-25 01:40:15'),
(3322, 133, 215, '2024-02-25 01:40:15'),
(3323, 857, 206, '2024-02-25 01:40:15'),
(3324, 617, 143, '2024-02-25 01:40:15'),
(3325, 203, 6, '2024-02-25 01:40:15'),
(3326, 731, 128, '2024-02-25 01:40:15'),
(3327, 191, 161, '2024-02-25 01:40:15'),
(3328, 897, 39, '2024-02-25 01:40:15'),
(3329, 580, 19, '2024-02-25 01:40:15'),
(3330, 1002, 4, '2024-02-25 01:40:15'),
(3331, 554, 156, '2024-02-25 01:40:15'),
(3332, 518, 5, '2024-02-25 01:40:15'),
(3333, 90, 163, '2024-02-25 01:40:15'),
(3334, 476, 6, '2024-02-25 01:40:15'),
(3335, 208, 10, '2024-02-25 01:40:15'),
(3336, 588, 136, '2024-02-25 01:40:15'),
(3337, 523, 74, '2024-02-25 01:40:15'),
(3338, 510, 191, '2024-02-25 01:40:15'),
(3339, 759, 111, '2024-02-25 01:40:15'),
(3340, 1003, 87, '2024-02-25 01:40:15'),
(3341, 603, 198, '2024-02-25 01:40:15'),
(3342, 574, 127, '2024-02-25 01:40:15'),
(3343, 512, 188, '2024-02-25 01:40:15'),
(3344, 387, 50, '2024-02-25 01:40:15'),
(3345, 353, 35, '2024-02-25 01:40:15'),
(3346, 363, 88, '2024-02-25 01:40:15'),
(3347, 479, 53, '2024-02-25 01:40:15'),
(3348, 612, 106, '2024-02-25 01:40:15'),
(3349, 985, 13, '2024-02-25 01:40:15'),
(3350, 601, 97, '2024-02-25 01:40:15'),
(3351, 528, 222, '2024-02-25 01:40:15'),
(3352, 45, 203, '2024-02-25 01:40:15'),
(3353, 944, 71, '2024-02-25 01:40:15'),
(3354, 121, 122, '2024-02-25 01:40:15'),
(3355, 409, 46, '2024-02-25 01:40:15'),
(3356, 733, 81, '2024-02-25 01:40:15'),
(3357, 150, 147, '2024-02-25 01:40:15'),
(3358, 400, 30, '2024-02-25 01:40:15'),
(3359, 123, 17, '2024-02-25 01:40:15'),
(3360, 685, 196, '2024-02-25 01:40:15'),
(3361, 72, 93, '2024-02-25 01:40:15'),
(3362, 377, 22, '2024-02-25 01:40:15'),
(3363, 937, 38, '2024-02-25 01:40:15'),
(3364, 911, 182, '2024-02-25 01:40:15'),
(3365, 1021, 42, '2024-02-25 01:40:15'),
(3366, 599, 201, '2024-02-25 01:40:15'),
(3367, 677, 32, '2024-02-25 01:40:16'),
(3368, 392, 180, '2024-02-25 01:40:16'),
(3369, 281, 60, '2024-02-25 01:40:16'),
(3370, 156, 11, '2024-02-25 01:40:16'),
(3371, 338, 177, '2024-02-25 01:40:16'),
(3372, 935, 37, '2024-02-25 01:40:16'),
(3373, 368, 8, '2024-02-25 01:40:16'),
(3374, 414, 149, '2024-02-25 01:40:16'),
(3375, 994, 145, '2024-02-25 01:40:16'),
(3376, 784, 137, '2024-02-25 01:40:16'),
(3377, 891, 181, '2024-02-25 01:40:16'),
(3378, 750, 98, '2024-02-25 01:40:16'),
(3379, 435, 203, '2024-02-25 01:40:16'),
(3380, 40, 48, '2024-02-25 01:40:16'),
(3381, 26, 48, '2024-02-25 01:40:16'),
(3382, 370, 38, '2024-02-25 01:40:16'),
(3383, 729, 56, '2024-02-25 01:40:16'),
(3384, 370, 213, '2024-02-25 01:40:16'),
(3385, 100, 144, '2024-02-25 01:40:16'),
(3386, 356, 200, '2024-02-25 01:40:16'),
(3387, 811, 96, '2024-02-25 01:40:16'),
(3388, 393, 134, '2024-02-25 01:40:16'),
(3389, 802, 168, '2024-02-25 01:40:16'),
(3390, 858, 184, '2024-02-25 01:40:16'),
(3391, 875, 207, '2024-02-25 01:40:16'),
(3392, 676, 31, '2024-02-25 01:40:16'),
(3393, 168, 75, '2024-02-25 01:40:16'),
(3394, 107, 82, '2024-02-25 01:40:16'),
(3395, 250, 153, '2024-02-25 01:40:16'),
(3396, 507, 45, '2024-02-25 01:40:16'),
(3397, 654, 139, '2024-02-25 01:40:16'),
(3398, 663, 50, '2024-02-25 01:40:16'),
(3399, 924, 77, '2024-02-25 01:40:16'),
(3400, 938, 67, '2024-02-25 01:40:16'),
(3401, 671, 187, '2024-02-25 01:40:16'),
(3402, 570, 202, '2024-02-25 01:40:16'),
(3403, 840, 75, '2024-02-25 01:40:16'),
(3404, 868, 104, '2024-02-25 01:40:16'),
(3405, 962, 76, '2024-02-25 01:40:16'),
(3406, 768, 37, '2024-02-25 01:40:16'),
(3407, 342, 93, '2024-02-25 01:40:16'),
(3408, 826, 189, '2024-02-25 01:40:16'),
(3409, 289, 15, '2024-02-25 01:40:16'),
(3410, 462, 85, '2024-02-25 01:40:16'),
(3411, 329, 181, '2024-02-25 01:40:16'),
(3412, 145, 36, '2024-02-25 01:40:16'),
(3413, 628, 119, '2024-02-25 01:40:16'),
(3414, 683, 215, '2024-02-25 01:40:16'),
(3415, 801, 48, '2024-02-25 01:40:16'),
(3416, 429, 209, '2024-02-25 01:40:16'),
(3417, 433, 197, '2024-02-25 01:40:16'),
(3418, 875, 215, '2024-02-25 01:40:16'),
(3419, 295, 107, '2024-02-25 01:40:16'),
(3420, 201, 88, '2024-02-25 01:40:16'),
(3421, 405, 92, '2024-02-25 01:40:16'),
(3422, 449, 198, '2024-02-25 01:40:16'),
(3423, 185, 141, '2024-02-25 01:40:16'),
(3424, 1014, 187, '2024-02-25 01:40:16'),
(3425, 381, 104, '2024-02-25 01:40:16'),
(3426, 966, 61, '2024-02-25 01:40:16'),
(3427, 887, 173, '2024-02-25 01:40:16'),
(3428, 958, 22, '2024-02-25 01:40:16'),
(3429, 12, 102, '2024-02-25 01:40:16'),
(3430, 953, 169, '2024-02-25 01:40:16'),
(3431, 313, 32, '2024-02-25 01:40:16'),
(3432, 754, 43, '2024-02-25 01:40:16'),
(3433, 633, 156, '2024-02-25 01:40:16'),
(3434, 768, 151, '2024-02-25 01:40:16'),
(3435, 14, 158, '2024-02-25 01:40:16'),
(3436, 36, 63, '2024-02-25 01:40:16'),
(3437, 245, 113, '2024-02-25 01:40:16'),
(3438, 582, 150, '2024-02-25 01:40:16'),
(3439, 299, 6, '2024-02-25 01:40:16'),
(3440, 798, 113, '2024-02-25 01:40:16'),
(3441, 937, 207, '2024-02-25 01:40:16'),
(3442, 661, 180, '2024-02-25 01:40:16'),
(3443, 603, 134, '2024-02-25 01:40:16'),
(3444, 284, 170, '2024-02-25 01:40:16'),
(3445, 147, 48, '2024-02-25 01:40:16'),
(3446, 651, 187, '2024-02-25 01:40:16'),
(3447, 294, 133, '2024-02-25 01:40:16'),
(3448, 94, 216, '2024-02-25 01:40:16'),
(3449, 187, 51, '2024-02-25 01:40:16'),
(3450, 181, 161, '2024-02-25 01:40:16'),
(3451, 450, 62, '2024-02-25 01:40:16'),
(3452, 927, 38, '2024-02-25 01:40:16'),
(3453, 238, 208, '2024-02-25 01:40:16'),
(3454, 814, 179, '2024-02-25 01:40:17'),
(3455, 21, 124, '2024-02-25 01:40:17'),
(3456, 1011, 45, '2024-02-25 01:40:17'),
(3457, 620, 161, '2024-02-25 01:40:17'),
(3458, 404, 194, '2024-02-25 01:40:17'),
(3459, 799, 209, '2024-02-25 01:40:17'),
(3460, 199, 202, '2024-02-25 01:40:17'),
(3461, 808, 191, '2024-02-25 01:40:17'),
(3462, 879, 37, '2024-02-25 01:40:17'),
(3463, 254, 15, '2024-02-25 01:40:17'),
(3464, 816, 1, '2024-02-25 01:40:17'),
(3465, 770, 218, '2024-02-25 01:40:17'),
(3466, 855, 145, '2024-02-25 01:40:17'),
(3467, 896, 93, '2024-02-25 01:40:17'),
(3468, 559, 156, '2024-02-25 01:40:17'),
(3469, 291, 49, '2024-02-25 01:40:17'),
(3470, 979, 135, '2024-02-25 01:40:17'),
(3471, 48, 44, '2024-02-25 01:40:17'),
(3472, 915, 208, '2024-02-25 01:40:17'),
(3473, 316, 73, '2024-02-25 01:40:17'),
(3474, 645, 7, '2024-02-25 01:40:17'),
(3475, 330, 155, '2024-02-25 01:40:17'),
(3476, 408, 140, '2024-02-25 01:40:17'),
(3477, 795, 117, '2024-02-25 01:40:17'),
(3478, 240, 10, '2024-02-25 01:40:17'),
(3479, 716, 115, '2024-02-25 01:40:17'),
(3480, 313, 28, '2024-02-25 01:40:17'),
(3481, 985, 88, '2024-02-25 01:40:17'),
(3482, 85, 212, '2024-02-25 01:40:17'),
(3483, 528, 54, '2024-02-25 01:40:17'),
(3484, 404, 109, '2024-02-25 01:40:17'),
(3485, 211, 79, '2024-02-25 01:40:17'),
(3486, 760, 40, '2024-02-25 01:40:17'),
(3487, 521, 191, '2024-02-25 01:40:17'),
(3488, 1007, 183, '2024-02-25 01:40:17'),
(3489, 935, 53, '2024-02-25 01:40:17'),
(3490, 744, 72, '2024-02-25 01:40:17'),
(3491, 908, 82, '2024-02-25 01:40:17'),
(3492, 852, 115, '2024-02-25 01:40:17'),
(3493, 958, 170, '2024-02-25 01:40:17'),
(3494, 494, 136, '2024-02-25 01:40:17'),
(3495, 422, 167, '2024-02-25 01:40:17'),
(3496, 607, 46, '2024-02-25 01:40:17'),
(3497, 506, 90, '2024-02-25 01:40:17'),
(3498, 812, 94, '2024-02-25 01:40:17'),
(3499, 431, 105, '2024-02-25 01:40:17'),
(3500, 957, 114, '2024-02-25 01:40:17'),
(3501, 811, 208, '2024-02-25 01:40:17'),
(3502, 57, 209, '2024-02-25 01:40:17'),
(3503, 265, 99, '2024-02-25 01:40:17'),
(3504, 961, 26, '2024-02-25 01:40:17'),
(3505, 237, 148, '2024-02-25 01:40:17'),
(3506, 887, 49, '2024-02-25 01:40:17'),
(3507, 854, 133, '2024-02-25 01:40:17'),
(3508, 605, 24, '2024-02-25 01:40:17'),
(3509, 681, 203, '2024-02-25 01:40:17'),
(3510, 883, 120, '2024-02-25 01:40:17'),
(3511, 569, 185, '2024-02-25 01:40:17'),
(3512, 17, 106, '2024-02-25 01:40:17'),
(3513, 451, 110, '2024-02-25 01:40:17'),
(3514, 709, 164, '2024-02-25 01:40:17'),
(3515, 802, 144, '2024-02-25 01:40:17'),
(3516, 93, 175, '2024-02-25 01:40:17'),
(3517, 992, 123, '2024-02-25 01:40:17'),
(3518, 163, 153, '2024-02-25 01:40:17'),
(3519, 101, 56, '2024-02-25 01:40:17'),
(3520, 856, 100, '2024-02-25 01:40:17'),
(3521, 653, 63, '2024-02-25 01:40:17'),
(3522, 961, 115, '2024-02-25 01:40:17'),
(3523, 144, 190, '2024-02-25 01:40:17'),
(3524, 214, 190, '2024-02-25 01:40:17'),
(3525, 619, 94, '2024-02-25 01:40:17'),
(3526, 894, 115, '2024-02-25 01:40:17'),
(3527, 170, 41, '2024-02-25 01:40:17'),
(3528, 468, 33, '2024-02-25 01:40:17'),
(3529, 86, 16, '2024-02-25 01:40:17'),
(3530, 907, 101, '2024-02-25 01:40:17'),
(3531, 95, 94, '2024-02-25 01:40:17'),
(3532, 740, 41, '2024-02-25 01:40:17'),
(3533, 646, 175, '2024-02-25 01:40:17'),
(3534, 722, 99, '2024-02-25 01:40:17'),
(3535, 374, 79, '2024-02-25 01:40:17'),
(3536, 202, 98, '2024-02-25 01:40:17'),
(3537, 115, 103, '2024-02-25 01:40:17'),
(3538, 431, 77, '2024-02-25 01:40:17'),
(3539, 229, 202, '2024-02-25 01:40:17'),
(3540, 496, 214, '2024-02-25 01:40:18'),
(3541, 274, 9, '2024-02-25 01:40:18'),
(3542, 607, 134, '2024-02-25 01:40:18'),
(3543, 515, 8, '2024-02-25 01:40:18'),
(3544, 952, 188, '2024-02-25 01:40:18'),
(3545, 1015, 11, '2024-02-25 01:40:18'),
(3546, 285, 85, '2024-02-25 01:40:18'),
(3547, 292, 190, '2024-02-25 01:40:18'),
(3548, 335, 56, '2024-02-25 01:40:18'),
(3549, 679, 48, '2024-02-25 01:40:18'),
(3550, 619, 29, '2024-02-25 01:40:18'),
(3551, 847, 58, '2024-02-25 01:40:18'),
(3552, 26, 172, '2024-02-25 01:40:18'),
(3553, 713, 83, '2024-02-25 01:40:18'),
(3554, 401, 199, '2024-02-25 01:40:18'),
(3555, 201, 204, '2024-02-25 01:40:18'),
(3556, 472, 30, '2024-02-25 01:40:18'),
(3557, 672, 17, '2024-02-25 01:40:18'),
(3558, 518, 28, '2024-02-25 01:40:18'),
(3559, 831, 42, '2024-02-25 01:40:18'),
(3560, 251, 134, '2024-02-25 01:40:18'),
(3561, 341, 78, '2024-02-25 01:40:18'),
(3562, 670, 198, '2024-02-25 01:40:18'),
(3563, 718, 200, '2024-02-25 01:40:18'),
(3564, 739, 40, '2024-02-25 01:40:18'),
(3565, 376, 143, '2024-02-25 01:40:18'),
(3566, 100, 195, '2024-02-25 01:40:18'),
(3567, 606, 195, '2024-02-25 01:40:18'),
(3568, 114, 10, '2024-02-25 01:40:18'),
(3569, 65, 32, '2024-02-25 01:40:18'),
(3570, 724, 13, '2024-02-25 01:40:18'),
(3571, 740, 95, '2024-02-25 01:40:18'),
(3572, 219, 158, '2024-02-25 01:40:18'),
(3573, 533, 191, '2024-02-25 01:40:18'),
(3574, 517, 101, '2024-02-25 01:40:18'),
(3575, 629, 80, '2024-02-25 01:40:18'),
(3576, 208, 134, '2024-02-25 01:40:18'),
(3577, 311, 196, '2024-02-25 01:40:18'),
(3578, 21, 131, '2024-02-25 01:40:18'),
(3579, 967, 41, '2024-02-25 01:40:18'),
(3580, 454, 178, '2024-02-25 01:40:18'),
(3581, 678, 124, '2024-02-25 01:40:18'),
(3582, 733, 137, '2024-02-25 01:40:18'),
(3583, 938, 3, '2024-02-25 01:40:18'),
(3584, 547, 213, '2024-02-25 01:40:18'),
(3585, 892, 16, '2024-02-25 01:40:18'),
(3586, 901, 49, '2024-02-25 01:40:18'),
(3587, 63, 135, '2024-02-25 01:40:18'),
(3588, 532, 209, '2024-02-25 01:40:18'),
(3589, 448, 83, '2024-02-25 01:40:18'),
(3590, 717, 43, '2024-02-25 01:40:18'),
(3591, 1, 18, '2024-02-25 01:40:18'),
(3592, 78, 85, '2024-02-25 01:40:18'),
(3593, 663, 70, '2024-02-25 01:40:18'),
(3594, 1010, 139, '2024-02-25 01:40:18'),
(3595, 770, 81, '2024-02-25 01:40:18'),
(3596, 273, 39, '2024-02-25 01:40:18'),
(3597, 566, 167, '2024-02-25 01:40:18'),
(3598, 99, 47, '2024-02-25 01:40:18'),
(3599, 8, 104, '2024-02-25 01:40:18'),
(3600, 1007, 166, '2024-02-25 01:40:18'),
(3601, 641, 172, '2024-02-25 01:40:18'),
(3602, 797, 130, '2024-02-25 01:40:18'),
(3603, 129, 129, '2024-02-25 01:40:18'),
(3604, 223, 162, '2024-02-25 01:40:18'),
(3605, 684, 87, '2024-02-25 01:40:18'),
(3606, 911, 132, '2024-02-25 01:40:18'),
(3607, 404, 85, '2024-02-25 01:40:18'),
(3608, 177, 164, '2024-02-25 01:40:18'),
(3609, 492, 147, '2024-02-25 01:40:18'),
(3610, 644, 218, '2024-02-25 01:40:18'),
(3611, 791, 56, '2024-02-25 01:40:18'),
(3612, 888, 181, '2024-02-25 01:40:18'),
(3613, 734, 63, '2024-02-25 01:40:18'),
(3614, 439, 1, '2024-02-25 01:40:18'),
(3615, 273, 174, '2024-02-25 01:40:18'),
(3616, 34, 89, '2024-02-25 01:40:18'),
(3617, 557, 4, '2024-02-25 01:40:18'),
(3618, 970, 49, '2024-02-25 01:40:18'),
(3619, 213, 29, '2024-02-25 01:40:18'),
(3620, 405, 6, '2024-02-25 01:40:18'),
(3621, 871, 109, '2024-02-25 01:40:18'),
(3622, 181, 174, '2024-02-25 01:40:18'),
(3623, 486, 154, '2024-02-25 01:40:18'),
(3624, 992, 84, '2024-02-25 01:40:18'),
(3625, 994, 123, '2024-02-25 01:40:18'),
(3626, 595, 79, '2024-02-25 01:40:18'),
(3627, 782, 21, '2024-02-25 01:40:18'),
(3628, 539, 133, '2024-02-25 01:40:19'),
(3629, 539, 151, '2024-02-25 01:40:19'),
(3630, 796, 54, '2024-02-25 01:40:19'),
(3631, 89, 206, '2024-02-25 01:40:19'),
(3632, 736, 73, '2024-02-25 01:40:19'),
(3633, 505, 188, '2024-02-25 01:40:19'),
(3634, 545, 173, '2024-02-25 01:40:19'),
(3635, 452, 18, '2024-02-25 01:40:19'),
(3636, 1009, 44, '2024-02-25 01:40:19'),
(3637, 343, 27, '2024-02-25 01:40:19'),
(3638, 1001, 70, '2024-02-25 01:40:19'),
(3639, 496, 39, '2024-02-25 01:40:19'),
(3640, 317, 175, '2024-02-25 01:40:19'),
(3641, 327, 159, '2024-02-25 01:40:19'),
(3642, 72, 105, '2024-02-25 01:40:19'),
(3643, 913, 36, '2024-02-25 01:40:19'),
(3644, 278, 94, '2024-02-25 01:40:19'),
(3645, 298, 107, '2024-02-25 01:40:19'),
(3646, 938, 214, '2024-02-25 01:40:19'),
(3647, 702, 209, '2024-02-25 01:40:19'),
(3648, 494, 94, '2024-02-25 01:40:19'),
(3649, 350, 31, '2024-02-25 01:40:19'),
(3650, 742, 45, '2024-02-25 01:40:19'),
(3651, 127, 145, '2024-02-25 01:40:19'),
(3652, 61, 118, '2024-02-25 01:40:19'),
(3653, 623, 23, '2024-02-25 01:40:19'),
(3654, 826, 195, '2024-02-25 01:40:19'),
(3655, 747, 162, '2024-02-25 01:40:19'),
(3656, 637, 95, '2024-02-25 01:40:19'),
(3657, 900, 169, '2024-02-25 01:40:19'),
(3658, 229, 28, '2024-02-25 01:40:19'),
(3659, 1015, 155, '2024-02-25 01:40:19'),
(3660, 933, 58, '2024-02-25 01:40:19'),
(3661, 315, 177, '2024-02-25 01:40:19'),
(3662, 110, 131, '2024-02-25 01:40:19'),
(3663, 575, 99, '2024-02-25 01:40:19'),
(3664, 652, 222, '2024-02-25 01:40:19'),
(3665, 473, 172, '2024-02-25 01:40:19'),
(3666, 819, 25, '2024-02-25 01:40:19'),
(3667, 281, 221, '2024-02-25 01:40:19'),
(3668, 302, 220, '2024-02-25 01:40:19'),
(3669, 947, 100, '2024-02-25 01:40:19'),
(3670, 856, 106, '2024-02-25 01:40:19'),
(3671, 594, 206, '2024-02-25 01:40:19'),
(3672, 227, 36, '2024-02-25 01:40:19'),
(3673, 688, 12, '2024-02-25 01:40:19'),
(3674, 249, 219, '2024-02-25 01:40:19'),
(3675, 584, 152, '2024-02-25 01:40:19'),
(3676, 937, 132, '2024-02-25 01:40:19'),
(3677, 548, 58, '2024-02-25 01:40:19'),
(3678, 242, 189, '2024-02-25 01:40:19'),
(3679, 563, 100, '2024-02-25 01:40:19'),
(3680, 1023, 194, '2024-02-25 01:40:19'),
(3681, 734, 54, '2024-02-25 01:40:19'),
(3682, 320, 74, '2024-02-25 01:40:19'),
(3683, 609, 27, '2024-02-25 01:40:19'),
(3684, 586, 35, '2024-02-25 01:40:19'),
(3685, 861, 33, '2024-02-25 01:40:19'),
(3686, 939, 47, '2024-02-25 01:40:19'),
(3687, 138, 58, '2024-02-25 01:40:19'),
(3688, 152, 137, '2024-02-25 01:40:19'),
(3689, 785, 136, '2024-02-25 01:40:19'),
(3690, 174, 91, '2024-02-25 01:40:19'),
(3691, 277, 62, '2024-02-25 01:40:19'),
(3692, 359, 168, '2024-02-25 01:40:19'),
(3693, 763, 168, '2024-02-25 01:40:19'),
(3694, 165, 46, '2024-02-25 01:40:19'),
(3695, 269, 118, '2024-02-25 01:40:19'),
(3696, 230, 141, '2024-02-25 01:40:19'),
(3697, 503, 74, '2024-02-25 01:40:19'),
(3698, 532, 108, '2024-02-25 01:40:19'),
(3699, 197, 93, '2024-02-25 01:40:19'),
(3700, 189, 103, '2024-02-25 01:40:19'),
(3701, 554, 205, '2024-02-25 01:40:19'),
(3702, 764, 220, '2024-02-25 01:40:19'),
(3703, 598, 120, '2024-02-25 01:40:19'),
(3704, 723, 88, '2024-02-25 01:40:19'),
(3705, 768, 94, '2024-02-25 01:40:19'),
(3706, 13, 192, '2024-02-25 01:40:19'),
(3707, 297, 111, '2024-02-25 01:40:19'),
(3708, 776, 9, '2024-02-25 01:40:19'),
(3709, 646, 192, '2024-02-25 01:40:19'),
(3710, 932, 111, '2024-02-25 01:40:19'),
(3711, 449, 29, '2024-02-25 01:40:19'),
(3712, 823, 23, '2024-02-25 01:40:19'),
(3713, 743, 152, '2024-02-25 01:40:19'),
(3714, 868, 210, '2024-02-25 01:40:19'),
(3715, 60, 123, '2024-02-25 01:40:19'),
(3716, 867, 116, '2024-02-25 01:40:20'),
(3717, 974, 102, '2024-02-25 01:40:20'),
(3718, 194, 179, '2024-02-25 01:40:20'),
(3719, 997, 85, '2024-02-25 01:40:20'),
(3720, 866, 127, '2024-02-25 01:40:20'),
(3721, 649, 68, '2024-02-25 01:40:20'),
(3722, 1001, 20, '2024-02-25 01:40:20'),
(3723, 520, 206, '2024-02-25 01:40:20'),
(3724, 1022, 217, '2024-02-25 01:40:20'),
(3725, 664, 201, '2024-02-25 01:40:20'),
(3726, 867, 147, '2024-02-25 01:40:20'),
(3727, 550, 189, '2024-02-25 01:40:20'),
(3728, 337, 191, '2024-02-25 01:40:20'),
(3729, 263, 161, '2024-02-25 01:40:20'),
(3730, 143, 94, '2024-02-25 01:40:20'),
(3731, 227, 135, '2024-02-25 01:40:20'),
(3732, 208, 11, '2024-02-25 01:40:20'),
(3733, 929, 176, '2024-02-25 01:40:20'),
(3734, 255, 175, '2024-02-25 01:40:20'),
(3735, 903, 16, '2024-02-25 01:40:20'),
(3736, 211, 130, '2024-02-25 01:40:20'),
(3737, 973, 220, '2024-02-25 01:40:20'),
(3738, 406, 64, '2024-02-25 01:40:20'),
(3739, 848, 159, '2024-02-25 01:40:20'),
(3740, 47, 91, '2024-02-25 01:40:20'),
(3741, 889, 17, '2024-02-25 01:40:20'),
(3742, 210, 121, '2024-02-25 01:40:20'),
(3743, 560, 150, '2024-02-25 01:40:20'),
(3744, 347, 6, '2024-02-25 01:40:20'),
(3745, 697, 222, '2024-02-25 01:40:20'),
(3746, 756, 116, '2024-02-25 01:40:20'),
(3747, 629, 95, '2024-02-25 01:40:20'),
(3748, 635, 213, '2024-02-25 01:40:20'),
(3749, 40, 181, '2024-02-25 01:40:20'),
(3750, 679, 152, '2024-02-25 01:40:20'),
(3751, 1019, 121, '2024-02-25 01:40:20'),
(3752, 358, 137, '2024-02-25 01:40:20'),
(3753, 1019, 128, '2024-02-25 01:40:20'),
(3754, 153, 117, '2024-02-25 01:40:20'),
(3755, 125, 12, '2024-02-25 01:40:20'),
(3756, 172, 140, '2024-02-25 01:40:20'),
(3757, 659, 59, '2024-02-25 01:40:20'),
(3758, 597, 153, '2024-02-25 01:40:20'),
(3759, 699, 97, '2024-02-25 01:40:20'),
(3760, 81, 163, '2024-02-25 01:40:20'),
(3761, 522, 168, '2024-02-25 01:40:20'),
(3762, 464, 84, '2024-02-25 01:40:20'),
(3763, 684, 219, '2024-02-25 01:40:20'),
(3764, 464, 83, '2024-02-25 01:40:20'),
(3765, 873, 144, '2024-02-25 01:40:20'),
(3766, 518, 173, '2024-02-25 01:40:20'),
(3767, 626, 78, '2024-02-25 01:40:20'),
(3768, 892, 202, '2024-02-25 01:40:20'),
(3769, 678, 122, '2024-02-25 01:40:20'),
(3770, 351, 36, '2024-02-25 01:40:20'),
(3771, 966, 184, '2024-02-25 01:40:20'),
(3772, 4, 184, '2024-02-25 01:40:20'),
(3773, 408, 69, '2024-02-25 01:40:20'),
(3774, 954, 127, '2024-02-25 01:40:20'),
(3775, 525, 12, '2024-02-25 01:40:20'),
(3776, 748, 12, '2024-02-25 01:40:20'),
(3777, 138, 190, '2024-02-25 01:40:20'),
(3778, 837, 59, '2024-02-25 01:40:20'),
(3779, 106, 88, '2024-02-25 01:40:20'),
(3780, 881, 88, '2024-02-25 01:40:20'),
(3781, 436, 130, '2024-02-25 01:40:20'),
(3782, 781, 3, '2024-02-25 01:40:20'),
(3783, 895, 110, '2024-02-25 01:40:20'),
(3784, 377, 194, '2024-02-25 01:40:20'),
(3785, 408, 181, '2024-02-25 01:40:20'),
(3786, 898, 221, '2024-02-25 01:40:20'),
(3787, 134, 39, '2024-02-25 01:40:20'),
(3788, 928, 109, '2024-02-25 01:40:20'),
(3789, 161, 149, '2024-02-25 01:40:20'),
(3790, 47, 112, '2024-02-25 01:40:20'),
(3791, 159, 129, '2024-02-25 01:40:20'),
(3792, 889, 119, '2024-02-25 01:40:20'),
(3793, 424, 44, '2024-02-25 01:40:20'),
(3794, 283, 217, '2024-02-25 01:40:20'),
(3795, 474, 20, '2024-02-25 01:40:20'),
(3796, 980, 107, '2024-02-25 01:40:20'),
(3797, 467, 97, '2024-02-25 01:40:20'),
(3798, 274, 191, '2024-02-25 01:40:20'),
(3799, 377, 130, '2024-02-25 01:40:20'),
(3800, 42, 143, '2024-02-25 01:40:20'),
(3801, 694, 4, '2024-02-25 01:40:20'),
(3802, 637, 79, '2024-02-25 01:40:20'),
(3803, 182, 161, '2024-02-25 01:40:20'),
(3804, 800, 47, '2024-02-25 01:40:20'),
(3805, 640, 41, '2024-02-25 01:40:20'),
(3806, 892, 208, '2024-02-25 01:40:20'),
(3807, 883, 122, '2024-02-25 01:40:20'),
(3808, 716, 55, '2024-02-25 01:40:20'),
(3809, 18, 42, '2024-02-25 01:40:20'),
(3810, 553, 193, '2024-02-25 01:40:20'),
(3811, 98, 112, '2024-02-25 01:40:20'),
(3812, 920, 31, '2024-02-25 01:40:20'),
(3813, 780, 72, '2024-02-25 01:40:20'),
(3814, 233, 84, '2024-02-25 01:40:20'),
(3815, 307, 150, '2024-02-25 01:40:20'),
(3816, 731, 30, '2024-02-25 01:40:20'),
(3817, 130, 10, '2024-02-25 01:40:20'),
(3818, 67, 217, '2024-02-25 01:40:20'),
(3819, 469, 152, '2024-02-25 01:40:20'),
(3820, 693, 125, '2024-02-25 01:40:20'),
(3821, 83, 61, '2024-02-25 01:40:20'),
(3822, 409, 193, '2024-02-25 01:40:20'),
(3823, 262, 95, '2024-02-25 01:40:20'),
(3824, 729, 203, '2024-02-25 01:40:20'),
(3825, 742, 177, '2024-02-25 01:40:20'),
(3826, 123, 195, '2024-02-25 01:40:20'),
(3827, 503, 105, '2024-02-25 01:40:20'),
(3828, 273, 28, '2024-02-25 01:40:20'),
(3829, 285, 68, '2024-02-25 01:40:20'),
(3830, 670, 76, '2024-02-25 01:40:20'),
(3831, 897, 84, '2024-02-25 01:40:20'),
(3832, 515, 182, '2024-02-25 01:40:20'),
(3833, 426, 103, '2024-02-25 01:40:20'),
(3834, 950, 209, '2024-02-25 01:40:20'),
(3835, 269, 218, '2024-02-25 01:40:20'),
(3836, 687, 188, '2024-02-25 01:40:20'),
(3837, 978, 121, '2024-02-25 01:40:20'),
(3838, 161, 52, '2024-02-25 01:40:20'),
(3839, 283, 32, '2024-02-25 01:40:20'),
(3840, 812, 104, '2024-02-25 01:40:20'),
(3841, 547, 126, '2024-02-25 01:40:20'),
(3842, 957, 85, '2024-02-25 01:40:20'),
(3843, 329, 24, '2024-02-25 01:40:20'),
(3844, 29, 170, '2024-02-25 01:40:20'),
(3845, 693, 167, '2024-02-25 01:40:20'),
(3846, 831, 86, '2024-02-25 01:40:20'),
(3847, 816, 21, '2024-02-25 01:40:20'),
(3848, 767, 216, '2024-02-25 01:40:20'),
(3849, 10, 170, '2024-02-25 01:40:20'),
(3850, 579, 62, '2024-02-25 01:40:20'),
(3851, 368, 22, '2024-02-25 01:40:20'),
(3852, 947, 37, '2024-02-25 01:40:20'),
(3853, 930, 171, '2024-02-25 01:40:20'),
(3854, 51, 122, '2024-02-25 01:40:20'),
(3855, 381, 158, '2024-02-25 01:40:20'),
(3856, 839, 108, '2024-02-25 01:40:20'),
(3857, 585, 133, '2024-02-25 01:40:20'),
(3858, 832, 220, '2024-02-25 01:40:20'),
(3859, 250, 94, '2024-02-25 01:40:20'),
(3860, 984, 201, '2024-02-25 01:40:20'),
(3861, 942, 156, '2024-02-25 01:40:20'),
(3862, 591, 35, '2024-02-25 01:40:20'),
(3863, 438, 187, '2024-02-25 01:40:20'),
(3864, 784, 23, '2024-02-25 01:40:20'),
(3865, 171, 4, '2024-02-25 01:40:20'),
(3866, 227, 135, '2024-02-25 01:40:20'),
(3867, 726, 52, '2024-02-25 01:40:20'),
(3868, 655, 157, '2024-02-25 01:40:21'),
(3869, 601, 168, '2024-02-25 01:40:21'),
(3870, 436, 126, '2024-02-25 01:40:21'),
(3871, 168, 110, '2024-02-25 01:40:21'),
(3872, 576, 107, '2024-02-25 01:40:21'),
(3873, 50, 109, '2024-02-25 01:40:21'),
(3874, 330, 103, '2024-02-25 01:40:21'),
(3875, 747, 12, '2024-02-25 01:40:21'),
(3876, 24, 86, '2024-02-25 01:40:21'),
(3877, 944, 128, '2024-02-25 01:40:21'),
(3878, 580, 171, '2024-02-25 01:40:21'),
(3879, 976, 3, '2024-02-25 01:40:21'),
(3880, 776, 109, '2024-02-25 01:40:21'),
(3881, 428, 173, '2024-02-25 01:40:21'),
(3882, 285, 181, '2024-02-25 01:40:21'),
(3883, 132, 80, '2024-02-25 01:40:21'),
(3884, 272, 28, '2024-02-25 01:40:21'),
(3885, 446, 70, '2024-02-25 01:40:21'),
(3886, 460, 21, '2024-02-25 01:40:21'),
(3887, 477, 78, '2024-02-25 01:40:21'),
(3888, 17, 153, '2024-02-25 01:40:21'),
(3889, 291, 113, '2024-02-25 01:40:21'),
(3890, 912, 75, '2024-02-25 01:40:21'),
(3891, 851, 94, '2024-02-25 01:40:21'),
(3892, 61, 117, '2024-02-25 01:40:21'),
(3893, 1022, 133, '2024-02-25 01:40:21'),
(3894, 187, 88, '2024-02-25 01:40:21'),
(3895, 213, 209, '2024-02-25 01:40:21'),
(3896, 668, 34, '2024-02-25 01:40:21'),
(3897, 530, 196, '2024-02-25 01:40:21'),
(3898, 182, 83, '2024-02-25 01:40:21'),
(3899, 541, 204, '2024-02-25 01:40:21'),
(3900, 555, 92, '2024-02-25 01:40:21'),
(3901, 112, 170, '2024-02-25 01:40:21'),
(3902, 148, 118, '2024-02-25 01:40:21'),
(3903, 471, 83, '2024-02-25 01:40:21'),
(3904, 800, 24, '2024-02-25 01:40:21'),
(3905, 752, 172, '2024-02-25 01:40:21'),
(3906, 845, 46, '2024-02-25 01:40:21'),
(3907, 643, 176, '2024-02-25 01:40:21'),
(3908, 955, 182, '2024-02-25 01:40:21'),
(3909, 482, 167, '2024-02-25 01:40:21'),
(3910, 275, 7, '2024-02-25 01:40:21'),
(3911, 107, 29, '2024-02-25 01:40:21'),
(3912, 641, 130, '2024-02-25 01:40:21'),
(3913, 54, 92, '2024-02-25 01:40:21'),
(3914, 439, 174, '2024-02-25 01:40:21'),
(3915, 423, 200, '2024-02-25 01:40:21'),
(3916, 829, 51, '2024-02-25 01:40:21'),
(3917, 740, 109, '2024-02-25 01:40:21'),
(3918, 956, 210, '2024-02-25 01:40:21'),
(3919, 592, 96, '2024-02-25 01:40:21'),
(3920, 718, 152, '2024-02-25 01:40:21'),
(3921, 775, 221, '2024-02-25 01:40:21'),
(3922, 734, 48, '2024-02-25 01:40:21'),
(3923, 226, 14, '2024-02-25 01:40:21');
INSERT INTO `Favorites` (`favorite_id`, `user_id`, `image_id`, `added_at`) VALUES
(3924, 464, 204, '2024-02-25 01:40:21'),
(3925, 84, 37, '2024-02-25 01:40:21'),
(3926, 780, 64, '2024-02-25 01:40:21'),
(3927, 513, 76, '2024-02-25 01:40:21'),
(3928, 228, 79, '2024-02-25 01:40:21'),
(3929, 485, 33, '2024-02-25 01:40:21'),
(3930, 920, 56, '2024-02-25 01:40:21'),
(3931, 559, 166, '2024-02-25 01:40:21'),
(3932, 862, 27, '2024-02-25 01:40:21'),
(3933, 688, 70, '2024-02-25 01:40:21'),
(3934, 385, 60, '2024-02-25 01:40:21'),
(3935, 216, 136, '2024-02-25 01:40:21'),
(3936, 784, 122, '2024-02-25 01:40:21'),
(3937, 87, 108, '2024-02-25 01:40:21'),
(3938, 806, 45, '2024-02-25 01:40:21'),
(3939, 398, 185, '2024-02-25 01:40:21'),
(3940, 327, 207, '2024-02-25 01:40:21'),
(3941, 259, 133, '2024-02-25 01:40:21'),
(3942, 213, 15, '2024-02-25 01:40:21'),
(3943, 707, 52, '2024-02-25 01:40:21'),
(3944, 725, 158, '2024-02-25 01:40:21'),
(3945, 108, 164, '2024-02-25 01:40:21'),
(3946, 1016, 138, '2024-02-25 01:40:21'),
(3947, 216, 184, '2024-02-25 01:40:21'),
(3948, 675, 52, '2024-02-25 01:40:21'),
(3949, 110, 197, '2024-02-25 01:40:21'),
(3950, 538, 178, '2024-02-25 01:40:21'),
(3951, 645, 158, '2024-02-25 01:40:21'),
(3952, 749, 138, '2024-02-25 01:40:21'),
(3953, 660, 75, '2024-02-25 01:40:21'),
(3954, 1019, 72, '2024-02-25 01:40:21'),
(3955, 264, 188, '2024-02-25 01:40:22'),
(3956, 642, 27, '2024-02-25 01:40:22'),
(3957, 850, 183, '2024-02-25 01:40:22'),
(3958, 969, 100, '2024-02-25 01:40:22'),
(3959, 452, 25, '2024-02-25 01:40:22'),
(3960, 692, 114, '2024-02-25 01:40:22'),
(3961, 680, 158, '2024-02-25 01:40:22'),
(3962, 297, 159, '2024-02-25 01:40:22'),
(3963, 827, 177, '2024-02-25 01:40:22'),
(3964, 502, 24, '2024-02-25 01:40:22'),
(3965, 879, 61, '2024-02-25 01:40:22'),
(3966, 439, 132, '2024-02-25 01:40:22'),
(3967, 1, 114, '2024-02-25 01:40:22'),
(3968, 366, 207, '2024-02-25 01:40:22'),
(3969, 54, 181, '2024-02-25 01:40:22'),
(3970, 485, 213, '2024-02-25 01:40:22'),
(3971, 571, 97, '2024-02-25 01:40:22'),
(3972, 111, 96, '2024-02-25 01:40:22'),
(3973, 423, 154, '2024-02-25 01:40:22'),
(3974, 796, 210, '2024-02-25 01:40:22'),
(3975, 822, 31, '2024-02-25 01:40:22'),
(3976, 439, 116, '2024-02-25 01:40:22'),
(3977, 580, 200, '2024-02-25 01:40:22'),
(3978, 17, 86, '2024-02-25 01:40:22'),
(3979, 467, 12, '2024-02-25 01:40:22'),
(3980, 292, 52, '2024-02-25 01:40:22'),
(3981, 623, 21, '2024-02-25 01:40:22'),
(3982, 295, 30, '2024-02-25 01:40:22'),
(3983, 470, 56, '2024-02-25 01:40:22'),
(3984, 849, 198, '2024-02-25 01:40:22'),
(3985, 583, 64, '2024-02-25 01:40:22'),
(3986, 570, 85, '2024-02-25 01:40:22'),
(3987, 942, 101, '2024-02-25 01:40:22'),
(3988, 858, 74, '2024-02-25 01:40:22'),
(3989, 634, 83, '2024-02-25 01:40:22'),
(3990, 108, 82, '2024-02-25 01:40:22'),
(3991, 39, 181, '2024-02-25 01:40:22'),
(3992, 969, 214, '2024-02-25 01:40:22'),
(3993, 538, 215, '2024-02-25 01:40:22'),
(3994, 451, 120, '2024-02-25 01:40:22'),
(3995, 925, 219, '2024-02-25 01:40:22'),
(3996, 193, 81, '2024-02-25 01:40:22'),
(3997, 724, 37, '2024-02-25 01:40:22'),
(3998, 803, 116, '2024-02-25 01:40:22'),
(3999, 674, 150, '2024-02-25 01:40:22'),
(4000, 302, 64, '2024-02-25 01:40:22');

-- --------------------------------------------------------

--
-- Структура таблицы `Images`
--

CREATE TABLE `Images` (
  `image_id` int(11) NOT NULL,
  `user_id` int(11) DEFAULT NULL,
  `title` varchar(255) COLLATE utf8mb4_unicode_ci DEFAULT NULL,
  `description` text COLLATE utf8mb4_unicode_ci,
  `url` varchar(255) COLLATE utf8mb4_unicode_ci NOT NULL,
  `is_adult` tinyint(1) DEFAULT '0',
  `upload_date` timestamp NULL DEFAULT CURRENT_TIMESTAMP,
  `updated_at` timestamp NULL DEFAULT CURRENT_TIMESTAMP ON UPDATE CURRENT_TIMESTAMP
) ENGINE=InnoDB DEFAULT CHARSET=utf8mb4 COLLATE=utf8mb4_unicode_ci;

--
-- Дамп данных таблицы `Images`
--

INSERT INTO `Images` (`image_id`, `user_id`, `title`, `description`, `url`, `is_adult`, `upload_date`, `updated_at`) VALUES
(1, 4, 'Raiden Shogun', NULL, '/storage/images/ymEyiiujeOgOXZXMQI6ibH7PKA8gJ54zfpfBqDYE.jpg', 0, '2023-12-30 03:24:50', '2024-02-25 04:59:28'),
(2, 4, 'Blade', NULL, '/storage/images/wcM2jLOlwVfhkh2eeAX2gZwOgG75fLle8MSZCo9W.jpg', 0, '2024-02-07 22:33:22', '2024-02-25 04:59:28'),
(3, 4, 'Diluc', NULL, '/storage/images/RhmcNtjK8HMMh0NdHZLx84jr0YdmDBrLKfuUJKfd.jpg', 0, '2024-02-05 09:32:21', '2024-02-25 04:59:28'),
(4, 4, 'Xiao', NULL, '/storage/images/qzWKgzzEtia5RqKHkotXmevgRFM7N50lPdtN7ifW.jpg', 0, '2024-01-12 07:01:39', '2024-02-25 04:59:28'),
(5, 4, 'Scaramouche', NULL, '/storage/images/Z6E8ygobNlv9zcpdpNVGtP0BVi1zriBgVzj5WWA9.jpg', 0, '2024-01-07 09:31:12', '2024-02-25 04:59:28'),
(6, 4, 'Dehya', NULL, '/storage/images/0P92FWgPQcSnghb6wirUoiiPqB9NIoVHScE2Vsoa.jpg', 0, '2024-01-01 05:31:03', '2024-02-25 04:59:28'),
(7, 4, 'Kafka', NULL, '/storage/images/tNlvLKi0VJF0UIgEmo9nffI4QlJvZa2vxheqYxU1.jpg', 0, '2024-02-08 02:01:40', '2024-02-25 04:59:28'),
(8, 4, 'Rosaria', NULL, '/storage/images/T653tHE5t6Ie7suhh7FduEB9Hgb0Oi1CExW8fNAF.jpg', 0, '2024-01-30 20:35:14', '2024-02-25 04:59:28'),
(9, 5, 'Mejiro McQueen', NULL, '/storage/images/kQI4C4P0ReUehTKBTXy0ombIjvGL5ezMGwNzfKhC.png', 0, '2024-02-07 03:51:08', '2024-02-25 04:59:28'),
(10, 5, 'こっそり', NULL, '/storage/images/VXIyFfAAX9iaxR6kG35Lnnjonbr2VnyhuGBSquCm.png', 0, '2024-02-14 08:30:01', '2024-02-25 04:59:28'),
(11, 5, '修羅場', NULL, '/storage/images/FUOE4eqPJBlFXwKLWGeKdtgLtZD9bh7w6Mqn1d3a.png', 0, '2024-01-05 09:56:39', '2024-02-25 04:59:28'),
(12, 5, '「君のそばには」', NULL, '/storage/images/r1ZCHZp59xEsjH0GBqHMyIk4NCHjUi8mxyzMF7j2.png', 0, '2023-12-31 03:13:15', '2024-02-25 04:59:28'),
(13, 5, '(先輩...)', NULL, '/storage/images/VPSz2LQuwB8Aqaflo7eL7XJHwRFPn7ErM2Tqf48h.png', 0, '2024-02-08 13:16:19', '2024-02-25 04:59:28'),
(14, 5, '大切な時間', NULL, '/storage/images/uSaZAwoC6p5NKJ5Or6ojSbJ5fgENsz8eX4o7XHzj.png', 0, '2024-02-05 11:41:49', '2024-02-25 04:59:28'),
(15, 5, '『虚勢』1', NULL, '/storage/images/33mM16juxhKJK2XMqwMFVOIS66csYOeshRtkEjN9.png', 0, '2024-01-10 21:40:10', '2024-02-25 04:59:28'),
(16, 5, '『虚勢』2', NULL, '/storage/images/nA2CIE71E3lsdttpyj80CWsZl6VXH18qVTVazlK5.png', 0, '2023-12-31 04:15:21', '2024-02-25 04:59:28'),
(17, 5, '「太卜様~」', NULL, '/storage/images/tnIe7pJ6qJP5trYyhQ98WQV3V0BWa4pzOZUSGHm8.png', 0, '2024-01-23 07:16:19', '2024-02-25 04:59:28'),
(18, 5, '「皆さん、何かありましたか？」', NULL, '/storage/images/VWwqgtzritHwcLPThEVdZTwfspIWh5Zlbdj0u13c.png', 0, '2024-01-09 02:35:31', '2024-02-25 04:59:28'),
(19, 6, 'Fu Xuan', NULL, '/storage/images/NxOCXakbzEsEjBIGTvKjgzWKOegkbQ8LNNTD9Pbs.jpg', 0, '2024-01-30 18:08:40', '2024-02-25 04:59:28'),
(20, 6, 'Raiden Ei', NULL, '/storage/images/5fuautbVRWonJQBvKux8oXWw3BHPyeJiawi4DJ78.jpg', 1, '2024-01-19 13:56:45', '2024-02-25 04:59:28'),
(21, 6, 'Kafka', NULL, '/storage/images/AJpfcqfnue2MaJRHTiOHfJMxY4v6MhnDmlK7VpiO.jpg', 1, '2024-01-06 18:17:47', '2024-02-25 04:59:28'),
(22, 7, 'Fontaine', NULL, '/storage/images/vya3qa0JahninAG0GijhtgP5ndcj7A6BEgDMh31M.jpg', 0, '2024-01-30 04:38:42', '2024-02-25 04:59:28'),
(23, 7, 'Furina', NULL, '/storage/images/ezRyUP7yAkHHb3oQygT6BoI7IjazeIMAbnM1EzqC.jpg', 0, '2024-01-23 19:20:07', '2024-02-25 04:59:28'),
(24, 7, 'Wriothesley', NULL, '/storage/images/54UiSwfSxZD2b4fScf9NxDLRGt7lPIJStkNaUjB5.jpg', 0, '2024-01-29 13:44:33', '2024-02-25 04:59:28'),
(25, 7, 'Cyno', NULL, '/storage/images/eLQNIbPq1DK8jGuZkhpOD8CKNdbCIVzgYE8HQIKq.jpg', 0, '2024-01-23 13:42:21', '2024-02-25 04:59:28'),
(26, 7, 'Albedo', NULL, '/storage/images/1rg2s1kpjNB8O92YLCdqFgzbcTMlOIlSXpUsETuU.jpg', 0, '2024-01-30 06:18:08', '2024-02-25 04:59:28'),
(27, 8, 'Raiden Ei', NULL, '/storage/images/7l4U1qCzGd2mkiP61fT6g9nMXbNXNCTEttsfQ6QM.png', 0, '2024-01-27 17:23:39', '2024-02-25 04:59:28'),
(28, 8, 'Raiden Ei', NULL, '/storage/images/5voAc0eZHlqE1YufeDEAYvrsXBuwLNX8LoEwFYH7.png', 0, '2024-02-17 23:03:53', '2024-02-25 04:59:28'),
(29, 8, 'Raiden Ei', NULL, '/storage/images/KYW4Or1OcbbSneFz8aqEpI0PCCqVgG4Ddwuk7hL4.png', 0, '2023-12-31 18:08:25', '2024-02-25 04:59:28'),
(30, 8, 'Kamisato Ayato', NULL, '/storage/images/erq92Etq3dKo2KYkXcmkj6uCWaUkRsLhYeYlJTWY.png', 0, '2024-01-20 00:30:30', '2024-02-25 04:59:28'),
(31, 8, 'Arataki Itto', NULL, '/storage/images/RJwiOnsahitK9uxwAoLy21Ae3xi0va3NpHEGKaYj.png', 0, '2024-02-13 23:07:13', '2024-02-25 04:59:28'),
(32, 8, 'Genshin 2nd Anniverary', NULL, '/storage/images/vNev3yQzVNIvFWPUGSoHQIx9GuPzPdLJdUjbBh4n.png', 0, '2024-01-03 21:04:36', '2024-02-25 04:59:28'),
(33, 8, 'Kamisato Ayato', NULL, '/storage/images/LyltGW3cjfe9bwTPDDl6c2IhCbu12MuFskmLsmKY.png', 0, '2024-02-16 15:01:23', '2024-02-25 04:59:28'),
(34, 8, 'Kaveh', NULL, '/storage/images/TnkQzZEjxPVL9iDoCVG3HuUgCayw8Fww11e5KOZz.png', 0, '2024-01-11 14:53:08', '2024-02-25 04:59:28'),
(35, 8, 'Luka', NULL, '/storage/images/UKBv0XamfWNguPwLVvnXK87QzOCmETn7TFpCsTQu.png', 0, '2024-01-24 08:21:32', '2024-02-25 04:59:28'),
(36, 8, 'Commission_Reina', NULL, '/storage/images/ERZbilwSkIP8yQhRvZR7bb1eMoMV193LBX2xO4gG.png', 0, '2024-02-03 00:08:17', '2024-02-25 04:59:28'),
(37, 8, 'Commission_Mochi', NULL, '/storage/images/YxLFJdBpvuZjYHKL1PcFc5krv8E8OOhVUEe4Awhx.png', 0, '2024-02-13 02:36:47', '2024-02-25 04:59:28'),
(38, 8, 'Arlecchino', NULL, '/storage/images/dfsli3Su2SQrGd3bjSUsdBUgt5cbOCMfdqyt8gs1.png', 0, '2024-01-11 15:39:06', '2024-02-25 04:59:28'),
(39, 8, 'Spring Outing', NULL, '/storage/images/VFmdfoVrnZPv4mfbobKHj9jQyz6aQlNTYNcKEKDa.png', 0, '2024-02-04 01:25:09', '2024-02-25 04:59:28'),
(40, 8, 'Sesshomaru', NULL, '/storage/images/xVrcvnAzDvHBypYgNfCqD6u4vE2Ma461K83GV5bI.png', 0, '2024-02-02 11:08:28', '2024-02-25 04:59:28'),
(41, 8, 'Alhaitham', NULL, '/storage/images/tXovrp93wiaH2B466VUtV0m1RizPaTvsPhK8BnRj.png', 0, '2024-01-09 06:26:53', '2024-02-25 04:59:28'),
(42, 8, 'Alhaitham', NULL, '/storage/images/KDqp1MhZUN0Jrc8V4WOrGZU3K97A3086yNdXdeKJ.png', 0, '2024-01-01 01:49:03', '2024-02-25 04:59:28'),
(43, 9, 'Alhaitham', NULL, '/storage/images/y5Q5IhqmAoUdCM8yOM1UbQOyAA7M3SJamGoQOtvA.jpg', 0, '2024-02-01 16:44:36', '2024-02-25 04:59:28'),
(44, 9, 'Alhaitham', NULL, '/storage/images/zGGQLrIc6C70Y1WpgpshHSvG9DLw4xpu7KP0jdEj.jpg', 0, '2023-12-30 09:15:53', '2024-02-25 04:59:28'),
(45, 9, 'Bennett', NULL, '/storage/images/u9MbDrxPvmnIaYNtKYHfkAXKCdtEDtNO8Bmccbw2.png', 0, '2024-01-07 23:05:35', '2024-02-25 04:59:28'),
(46, 9, 'Cyno', NULL, '/storage/images/c0j3S5rj0wnbcYxdtO8KkkM6NYGucxBDmtu8LXYq.jpg', 0, '2024-02-11 18:40:18', '2024-02-25 04:59:28'),
(47, 9, 'Cyno', NULL, '/storage/images/5HMzwQYvigqRXnsFvATbtQ0eAAPNcgU2amtV84II.jpg', 0, '2024-01-29 03:04:45', '2024-02-25 04:59:28'),
(48, 9, 'Zhongli and Hu Tao', NULL, '/storage/images/K0G4Mtqjdb4d6iPZDRqOS3823xn1nqj5vflIASIR.png', 0, '2024-01-18 10:22:51', '2024-02-25 04:59:28'),
(49, 9, 'Kamisato Siblings', NULL, '/storage/images/aiA1IR7rCwzadIYL4731iDorj55oGswmwbz14fOk.png', 0, '2024-01-05 21:40:03', '2024-02-25 04:59:28'),
(50, 9, 'Fatui Harbingers', NULL, '/storage/images/Vw0Ix43tFbqlytDguTtcE32S3xilSMf17hKy4ANx.jpg', 0, '2024-01-29 08:11:43', '2024-02-25 04:59:28'),
(51, 9, 'Diona and Venti', NULL, '/storage/images/abdyl5jk2i6UbaKT1RTzfFk3pOkNdJFr2SHcEgbk.jpg', 0, '2024-01-22 02:58:26', '2024-02-25 04:59:28'),
(52, 9, 'Alhaitham', NULL, '/storage/images/Poaz5ixnivsxMqShCTUEYYY9WLSzGdNZzR8gy6Ti.jpg', 0, '2024-01-23 17:17:02', '2024-02-25 04:59:28'),
(53, 9, 'Baizhu and Qiqi', NULL, '/storage/images/Ss6JOw771Lnw6r1FrRjNDxL39gwzDmYSBUdGnEof.jpg', 0, '2023-12-30 08:29:52', '2024-02-25 04:59:28'),
(54, 9, 'Dan Heng', NULL, '/storage/images/99BCX0xjXtq6PvWHz8qOeYIzkUT2cv1CZXYSospN.jpg', 0, '2024-02-03 17:38:14', '2024-02-25 04:59:28'),
(55, 9, 'Wanderer', NULL, '/storage/images/eQMRwA61M6HOV1CkHvz80FLbyYmJDiY5MaXlDuPC.jpg', 0, '2024-01-14 17:41:37', '2024-02-25 04:59:28'),
(56, 9, 'Xiao', NULL, '/storage/images/Dl34xpK0552AAziLxZnJQcwluPeoucHSgqmirRCN.png', 0, '2024-01-24 14:33:24', '2024-02-25 04:59:28'),
(57, 10, 'Kaedehara Kazuha', NULL, '/storage/images/Bam3eIFPL3NecyWA3tmrrjurU7AKcWJzqupBoLDB.png', 0, '2024-01-25 22:42:07', '2024-02-25 04:59:28'),
(58, 10, 'Kaedehara Kazuha', NULL, '/storage/images/Zbm10uBCP4UO2ycPRq3VXelkdLskqR4Q5pI5LJOs.png', 0, '2024-01-03 00:50:24', '2024-02-25 04:59:28'),
(59, 10, 'Albedo', NULL, '/storage/images/Hitxc7oICCGqSahR6ByxAYdXe95PQzsM5drw2mF6.png', 0, '2024-02-15 11:05:41', '2024-02-25 04:59:28'),
(60, 10, 'Fatui Harbingers', NULL, '/storage/images/ujhepqWhOb2mR9P24TGEPGV2wUp14XqJULEOZkhQ.png', 0, '2024-01-08 07:57:15', '2024-02-25 04:59:28'),
(61, 10, 'Raiden Ei', NULL, '/storage/images/YhenMa12wAk69H7VrNdXqw6tlGLRCOrkor7lP849.png', 0, '2024-01-11 09:29:09', '2024-02-25 04:59:28'),
(62, 10, 'Raiden', NULL, '/storage/images/gEyJR8ubR31uMo0XBiIykJRNBaQAvuqHvzDrJwTA.png', 0, '2024-02-02 02:34:04', '2024-02-25 04:59:28'),
(63, 10, 'Kaedehara Kazuha', NULL, '/storage/images/ev6WRO9uIGK6hZB64yJjfwaUxgPvqvKYJWnrj3d7.png', 0, '2024-01-24 11:22:51', '2024-02-25 04:59:28'),
(64, 10, 'Mona', NULL, '/storage/images/Cpr5zhr13kLLVV45zqicYpd7cE4GoRlmqw513C9x.png', 0, '2024-01-24 04:12:06', '2024-02-25 04:59:28'),
(65, 10, 'Yae Miko', NULL, '/storage/images/lh6jx1YNvfflvryDmuCZKBlOv9dNnrcVOvZDkCGT.png', 0, '2024-02-17 13:51:56', '2024-02-25 04:59:28'),
(66, 10, 'Nilou', NULL, '/storage/images/S453UDfXV86RzU37S0wR1ULaoxB2ib8mdpTbI2uI.png', 0, '2024-01-09 11:43:25', '2024-02-25 04:59:28'),
(67, 10, 'Dainsleif', NULL, '/storage/images/AY7yS7gDojzgkB46YkKIWi34poXsJFQp472ivuKp.png', 0, '2024-01-10 20:01:14', '2024-02-25 04:59:28'),
(68, 10, 'Sumeru Akademiya', NULL, '/storage/images/a8nA3Q1Jfg7T8nc4zZBVdnH1GMoVFkJk1cnE0ply.jpg', 0, '2024-01-26 19:55:59', '2024-02-25 04:59:28'),
(69, 10, 'Fatui Harbingers', NULL, '/storage/images/tRIXcob4cfz2OP6vx6o7rGAXp70neYHgIaGQ0vbl.jpg', 0, '2024-02-17 18:36:11', '2024-02-25 04:59:28'),
(70, 10, 'Gepard', NULL, '/storage/images/cdw3CuPqoyyFJIZDRhBcIMNVT6OBvs9ZGScBzshT.jpg', 0, '2024-01-02 12:13:00', '2024-02-25 04:59:28'),
(71, 10, 'Stellaron Hunters', NULL, '/storage/images/b72lgciOabpPqnZJYnK2hD0WpF2opGk9U1wPnSDv.jpg', 0, '2024-01-29 08:16:26', '2024-02-25 04:59:28'),
(72, 10, 'Hu Tao', NULL, '/storage/images/z0GlXabthTBvc6oo8pg7QN26FEhprFECCrdI2PWk.jpg', 0, '2024-02-01 07:43:14', '2024-02-25 04:59:28'),
(73, 10, 'Kamisato Ayaka', NULL, '/storage/images/mBUyogYJxsY9eSU5rcP7tyQoF8vfZosrN56LvAWk.jpg', 0, '2024-01-20 16:46:50', '2024-02-25 04:59:28'),
(74, 11, 'Gladiia', NULL, '/storage/images/qSCBYRbaxcL5nDFUf33iCudBFBW18uFXTo1EUjde.jpg', 0, '2024-01-07 15:44:27', '2024-02-25 04:59:28'),
(75, 11, 'Lappland', NULL, '/storage/images/GSc0IlCpwKeY6FV5tYE4WRNzVYbNuYZjknIyoajD.jpg', 0, '2024-01-31 07:21:48', '2024-02-25 04:59:28'),
(76, 11, 'Raiden Ei', NULL, '/storage/images/5rK8QJnYHz1SefDNaXs4q3S7fVNklbbLyKkj46n9.jpg', 0, '2024-01-26 16:35:41', '2024-02-25 04:59:28'),
(77, 11, 'Eula', NULL, '/storage/images/c9w14DX6DptRyspIto2ihGiqQUpFTW7Cj6PUpdXv.jpg', 0, '2024-02-09 15:53:01', '2024-02-25 04:59:28'),
(78, 11, 'Shenhe', NULL, '/storage/images/aE8ID5a9YjugqwL7kDaWUfHT1X8ElBxjVoy11WtI.jpg', 0, '2024-01-16 08:38:01', '2024-02-25 04:59:28'),
(79, 11, 'Hu Tao', NULL, '/storage/images/bME3lvrJXqeYX8Q74Ovf7lzoU300LGWbMXiBNVdy.jpg', 0, '2024-01-14 22:31:04', '2024-02-25 04:59:28'),
(80, 11, 'Angela', NULL, '/storage/images/2wa9CfhWDwIgs423pQxGNccfpya7gqQElRFz7MmJ.jpg', 0, '2024-01-26 17:41:17', '2024-02-25 04:59:28'),
(81, 11, 'Arlecchino', NULL, '/storage/images/hnD38ng3z7ILEVaYil0hlPOnXVSR4r84OyAWVxn2.jpg', 0, '2024-02-04 23:53:15', '2024-02-25 04:59:28'),
(82, 11, 'Arlecchino', NULL, '/storage/images/vfDr90aqipjnDTKc3cc4edGORmjifKDUflcBIv4h.jpg', 0, '2024-02-15 21:22:23', '2024-02-25 04:59:28'),
(83, 11, 'Collei', NULL, '/storage/images/mMXZNtNWp8W11zeSPI6aBZIv8X7FcL9CEQYzeZtv.jpg', 0, '2024-01-19 14:12:10', '2024-02-25 04:59:28'),
(84, 11, 'Columbina', NULL, '/storage/images/wBg0Ilq3cXUvGIdGk2o3h3UcAnf4LtayTQicVVFp.png', 0, '2024-01-12 09:53:44', '2024-02-25 04:59:28'),
(85, 11, 'Fu Xuan', NULL, '/storage/images/ckYVBZGnOY91ujgmDkV2XqftvEiPk9RsZJ2ALbGV.jpg', 0, '2024-01-04 09:52:09', '2024-02-25 04:59:28'),
(86, 11, 'Furina', NULL, '/storage/images/bH9BbZR3MYMvBDbNkmgyjTGDeemMpAP1GFDPoy7C.jpg', 0, '2024-02-08 22:39:34', '2024-02-25 04:59:28'),
(87, 11, 'Yae Miko and Raiden Ei', NULL, '/storage/images/MkCS7JTB9iLHnL2J8kFM2ntuLid3VKkOWAteSi42.jpg', 0, '2024-01-25 14:41:25', '2024-02-25 04:59:28'),
(88, 11, 'Kafka', NULL, '/storage/images/P2AqvYI4nbrcc5R1h8YVHZmtrELWdH4gfkQLpPzp.jpg', 0, '2024-01-09 08:28:21', '2024-02-25 04:59:28'),
(89, 11, 'Keqing', NULL, '/storage/images/L9gngaWu7Vb2PmSJuXi15BQ8oMMKXyScOjdy1v1d.jpg', 0, '2024-01-25 01:17:33', '2024-02-25 04:59:28'),
(90, 11, 'Nahida', NULL, '/storage/images/rVYe1DqVmaV8O710Afy1Zli6Ht6FiMK58LDxMz3R.jpg', 0, '2024-02-13 08:02:44', '2024-02-25 04:59:28'),
(91, 11, 'Raiden Ei', NULL, '/storage/images/xQZYFJ0ADqYYjpoijJS5ASrTueUMzzIHthIbH4om.jpg', 0, '2024-02-08 15:20:59', '2024-02-25 04:59:28'),
(92, 11, 'Raiden Ei', NULL, '/storage/images/9hDIlLxF5DbHP3jc2A4hgDV29G3aCpz0SYPMoQ8w.jpg', 0, '2024-01-12 07:36:45', '2024-02-25 04:59:28'),
(93, 11, 'Raiden Ei', NULL, '/storage/images/QILeh8SM0lA2cFQcYTFJSJiQJ3Lu5MnycUhXemsv.jpg', 1, '2024-02-19 19:00:49', '2024-02-25 05:05:26'),
(94, 11, 'Raiden Ei', NULL, '/storage/images/Qwm7R87KJ2dBST3TEfZjnAFURkzVj22dp8wrKkdM.jpg', 0, '2024-01-07 03:13:51', '2024-02-25 04:59:28'),
(95, 11, 'Sheya Original', NULL, '/storage/images/wf67HFFyhwWXwox8CmxuTx31ldN8P1rskWLZRTe7.jpg', 0, '2024-02-12 10:06:48', '2024-02-25 04:59:28'),
(96, 11, 'Sheya Original', NULL, '/storage/images/ZvJlbR0yBCMytc6ULFUpBjSUxikjCRlhcRDcuzxv.png', 0, '2024-02-03 19:52:29', '2024-02-25 04:59:28'),
(97, 12, 'Archer Inferno', NULL, '/storage/images/skzRhEYG1lBcEp5QosluDIv2m6KfFLjSQLu62hp2.png', 0, '2024-02-14 00:02:03', '2024-02-25 04:59:28'),
(98, 12, 'Shinobu', NULL, '/storage/images/G05kXzZ1w6LgkFOCdWIi1TlNI2KEcUlynpBWMQL4.png', 0, '2024-01-13 15:32:46', '2024-02-25 04:59:28'),
(99, 12, 'Yae Miko', NULL, '/storage/images/w1UVsf4zylxA0qMyDg4LTch3ZVUp8VpSN49kfxZu.png', 0, '2024-02-11 08:37:42', '2024-02-25 04:59:28'),
(100, 12, 'Raiden Ei', NULL, '/storage/images/PNIZkGsq1chSAATP4sFUYC6tAmCr2eYhPSucJXBi.png', 0, '2024-01-09 23:30:13', '2024-02-25 04:59:28'),
(101, 12, 'Nilou', NULL, '/storage/images/NYJAyqpb2uVJ439J6bEg9HQ44gioAL0wK5slcgZ5.png', 0, '2024-01-31 22:38:02', '2024-02-25 04:59:28'),
(102, 12, 'Joumae Saori', NULL, '/storage/images/nI5ohh7jSduWORmX2QJECRDdhVnFMceLrpXtjWPB.png', 0, '2024-01-22 21:39:28', '2024-02-25 04:59:28'),
(103, 12, 'Louise', NULL, '/storage/images/ysrEJ8QC3FIkA9F42goEeYrQh8p1fytuLYt2fJLG.png', 0, '2024-01-19 19:23:16', '2024-02-25 04:59:28'),
(104, 12, 'Euphemia li Britannia', NULL, '/storage/images/j1Y3X781j7nQlkxR51vIvDEP4Rg1rka1bOQPCg2s.png', 0, '2024-01-31 10:57:57', '2024-02-25 04:59:28'),
(105, 12, 'HxxG Original', NULL, '/storage/images/n4vTK4n6MI1hH5rYVyNLQOnTGsiSl34GCVGrpqBE.jpg', 0, '2024-02-13 23:39:58', '2024-02-25 04:59:28'),
(106, 12, 'HxxG Original', NULL, '/storage/images/158o8h43YsLnGsAfMdnhAvbmHgArii3BI3qY6rsv.jpg', 0, '2024-01-23 16:26:01', '2024-02-25 04:59:28'),
(107, 12, 'Anti-Rain', NULL, '/storage/images/9X8xtDiC5DzPOzMYuu3QN8nBGyUaFN41KRgmMHEO.png', 0, '2024-02-07 14:10:11', '2024-02-25 04:59:28'),
(108, 13, 'Yagate Kimi ni Naru', NULL, '/storage/images/DY9SFBX9l1NLslAUXPmgfFVS03ZjRVNTXjCtZVgK.jpg', 0, '2024-01-15 00:32:52', '2024-02-25 04:59:28'),
(109, 13, 'Mostima', NULL, '/storage/images/uDqtjf7H31adtGszmY4BYG2NWPitOHWhQbyhCykZ.png', 0, '2024-01-14 11:13:46', '2024-02-25 04:59:28'),
(110, 13, 'Exusiai and Mostima', NULL, '/storage/images/ZMv6cUFSS8MEqhObcBBUvepIK0lzgkBMv1HVGzUQ.png', 0, '2024-01-28 09:30:16', '2024-02-25 04:59:28'),
(111, 13, 'Texas', NULL, '/storage/images/3kVtZrZGB8lM8mcch4RENXrv8R7zwZ0cXasIVZCo.png', 0, '2024-02-14 16:50:02', '2024-02-25 04:59:28'),
(112, 13, 'Exusiai and Mostima', NULL, '/storage/images/shmmlUsaDuWyBP1kbjmS90NLoDGyKm4a9mxqREm9.png', 0, '2024-02-05 10:39:24', '2024-02-25 04:59:28'),
(113, 13, 'Dusk', NULL, '/storage/images/gb2QfoTXJR5dcBOKjVVhlVsJijrb4JRw09SH7fo3.jpg', 0, '2024-02-20 05:46:54', '2024-02-25 05:03:45'),
(114, 13, 'Exusiai', NULL, '/storage/images/R2Ri7SEVhvBGAY8Cyezvs87b258wzRKqzFMqgZM5.png', 0, '2024-01-14 23:56:17', '2024-02-25 04:59:28'),
(115, 13, 'Nian', NULL, '/storage/images/PXzwgktEQQcBrw8Nad13DJD8SihCWUBRxm5oB2SU.jpg', 0, '2024-02-14 09:20:46', '2024-02-25 04:59:28'),
(116, 13, 'Talulah', NULL, '/storage/images/HEeLA0c4WcMFhDA1PXKafgUDVaaKQNCfYefb9OUO.png', 0, '2024-01-21 01:54:59', '2024-02-25 04:59:28'),
(117, 14, 'Yostar', NULL, '/storage/images/lXb4I8nQ6vZwKiAvrBlFafEzYza74vZTuEaf2zsG.jpg', 0, '2024-01-24 08:32:36', '2024-02-25 04:59:28'),
(118, 14, 'Yostar', NULL, '/storage/images/0LsgG916nPJeRACYskSZoczUoZcufQ0hGvlE3yMo.jpg', 0, '2024-01-05 15:58:03', '2024-02-25 04:59:28'),
(119, 14, 'Thorns', NULL, '/storage/images/vnXCbAUVQ2k9soEHnEVU6JWicsRDPh09EspFqO5c.jpg', 0, '2024-01-10 09:12:28', '2024-02-25 04:59:28'),
(120, 14, 'Thorns', NULL, '/storage/images/SVXX4F6vwIXI0pVIZkMNpOSgcdo0FyLdOayCTmQ3.jpg', 0, '2024-02-05 01:08:12', '2024-02-25 04:59:28'),
(121, 14, 'Thorns', NULL, '/storage/images/qjy6bC5oqYTTLm0mj8hh2JV4RnuMWkGp7X73wGL1.jpg', 0, '2024-02-11 05:03:36', '2024-02-25 04:59:28'),
(122, 14, 'Thorns', NULL, '/storage/images/WqowTIiHONd256rsa5qHlzIlyi8FcGGzgrRJt7WS.jpg', 0, '2024-02-19 00:53:26', '2024-02-25 04:59:28'),
(123, 15, 'Bailu', NULL, '/storage/images/q4pHbqXS6aVeFQabcZxHMFhQ4McAg3znEnIXos25.jpg', 0, '2024-01-16 16:16:24', '2024-02-25 04:59:28'),
(124, 15, 'Kafka', NULL, '/storage/images/0kS3KBSmKYdvfiIugulIygEP5CnNPu1NBLISOjkf.jpg', 0, '2024-02-11 09:41:40', '2024-02-25 04:59:28'),
(125, 15, 'Makima', NULL, '/storage/images/Hp2EtFVLqVdhoX0LfqyOVmoruJXbfVuiqXAFM93H.jpg', 0, '2024-01-01 02:39:09', '2024-02-25 04:59:28'),
(126, 16, 'Raiden Shogun', NULL, '/storage/images/FW5EQ3IhBvf2OZFb0NRaQQkyiOL8Msc4X1z5GAWy.png', 0, '2024-02-10 11:10:48', '2024-02-25 04:59:28'),
(127, 16, 'Kamisato Siblings', NULL, '/storage/images/oY1L8HAODVpOuElFrRPe98cIlUP9O6YXWoNhnQhQ.png', 0, '2024-02-12 02:56:30', '2024-02-25 04:59:28'),
(128, 16, 'Kamisato Ayaka', NULL, '/storage/images/BT2deuNaR18lSRDTFZvqXJ98FaGiU91ehjYNO4bc.png', 0, '2024-02-07 08:10:09', '2024-02-25 04:59:28'),
(129, 16, 'Albedo', NULL, '/storage/images/qr0GYFoFfE9WEnk4FpKUKqth8mow4bAgazMyzbnH.png', 0, '2024-01-09 11:01:15', '2024-02-25 04:59:28'),
(130, 16, 'Scaramouche', NULL, '/storage/images/FKG1YmSyNddC68pkkPt4uwWXE0snuAvgYoiu4A4j.jpg', 0, '2024-02-10 09:35:51', '2024-02-25 04:59:28'),
(131, 16, 'Furina', NULL, '/storage/images/Wpl1joMRoQYb7jAenQ9imCjSvwsnZJSLNmXV2LmT.png', 0, '2024-01-17 17:55:28', '2024-02-25 04:59:28'),
(132, 16, 'Tighnari and Collei', NULL, '/storage/images/0f95NzF5eL00qsffZ3Ao8bcx5eCU0Mn2tArb0xFY.jpg', 0, '2024-01-19 15:49:47', '2024-02-25 04:59:28'),
(133, 16, 'Tighnari', NULL, '/storage/images/Kuv9Xj1H7DTusrDZwEpwVk0wVNad4YJxJFusRLXH.jpg', 0, '2024-02-15 04:22:31', '2024-02-25 04:59:28'),
(134, 16, 'Aponia', NULL, '/storage/images/w021BC3vNIZHR2cxGHdrlR0cjSlkbQV4j2tlgPXU.jpg', 0, '2024-01-11 01:23:17', '2024-02-25 04:59:28'),
(135, 16, 'Nahida and Scaramouche', NULL, '/storage/images/AUpoYl3AyQnjnAkj3gUx4dCDsAZvf5buMQpymolG.jpg', 0, '2024-01-25 20:48:50', '2024-02-25 04:59:28'),
(136, 16, 'Nahida', NULL, '/storage/images/JHgsU7OmVN8zU8amcvAtTEsDcCbX3bVM1ov60ns3.jpg', 0, '2024-02-12 06:54:20', '2024-02-25 04:59:28'),
(137, 16, 'Scaramouche', NULL, '/storage/images/H1IhqNUHopt65ALQcAxRkZYzkwLBIKyeMZVhiltF.jpg', 0, '2024-01-31 23:05:10', '2024-02-25 04:59:28'),
(138, 17, 'Aether and Lumine', NULL, '/storage/images/7NJD2nZEaVp8v356rT2zWiyekE7g5uwFePrbCBLo.jpg', 0, '2024-01-31 01:42:53', '2024-02-25 04:59:28'),
(139, 17, 'Shenhe', NULL, '/storage/images/KqnPlLaol5Ddfh1TueEhbBpKRDhhb97yjSfR19wH.jpg', 0, '2024-01-06 14:18:55', '2024-02-25 04:59:28'),
(140, 17, 'Kamisato Clan', NULL, '/storage/images/wK8rdjIkiHZYUEFWvVwCgTSQKCp0wMDivvVY4FoJ.jpg', 0, '2024-02-17 21:25:55', '2024-02-25 04:59:28'),
(141, 17, 'Tartaglia', NULL, '/storage/images/caIGKgnUu6cWS1wFgGZoVunZeFDq7cvpbB2UFRwO.jpg', 0, '2024-01-09 19:12:50', '2024-02-25 04:59:28'),
(142, 17, 'Kamisato Ayato', NULL, '/storage/images/0XYFc3tryzYoUD0azTOR9NCd5GjjOFjBF7tD4DvX.jpg', 0, '2024-01-11 10:46:28', '2024-02-25 04:59:28'),
(143, 17, 'Kamisato Ayato', NULL, '/storage/images/7R8ID8lp7Ffk5QcUje9SbAaUT4u22JUVDtMIGiYV.jpg', 0, '2024-01-28 23:13:49', '2024-02-25 04:59:28'),
(144, 17, 'Tartaglia', NULL, '/storage/images/XUFRdoqGZK6m5W9rfGhi3X11kD8mGqBNaeO1fmbp.png', 0, '2024-01-03 14:49:42', '2024-02-25 04:59:28'),
(145, 17, 'Kamisato Clan', NULL, '/storage/images/Vh7tQH3bikFU6CA6lPiCcqunIGpCOK8Tf3G9Ms1k.png', 0, '2024-02-09 07:27:03', '2024-02-25 04:59:28'),
(146, 17, 'Gepard', NULL, '/storage/images/QM9JAQw5sPik4TFuoHRX5kQBcq8QAskfTAkcPg9f.png', 0, '2024-01-29 19:46:12', '2024-02-25 04:59:28'),
(147, 17, 'Kafka and Blade', NULL, '/storage/images/G5LC9B1HVq5BXp9BdTPPN04TEkklbv3CCHMwu8I1.png', 1, '2024-01-29 07:29:49', '2024-02-25 04:59:28'),
(148, 17, 'Blade', NULL, '/storage/images/fjJxCB4L4iH9vEQfOsmHVvKxBSHJunsvLWdjuxFC.png', 0, '2024-01-04 05:10:31', '2024-02-25 04:59:28'),
(149, 17, 'Blade', NULL, '/storage/images/WM5bFPI8cFQ31psLZHfGME28gB3jhZqK8gbKQjMj.png', 0, '2024-02-11 06:23:07', '2024-02-25 04:59:28'),
(150, 17, 'Blade', NULL, '/storage/images/qYmzbkjvolPz7IKVicZHNao32MvxZ8CsI0gOR2ja.png', 1, '2024-02-06 19:24:04', '2024-02-25 04:59:28'),
(151, 17, 'Blade', NULL, '/storage/images/jxVEf7QCGvOq3NGLE6comZz28uUm4nEP0uTXHd3c.png', 0, '2024-01-09 08:50:59', '2024-02-25 04:59:28'),
(152, 17, 'Blade and Yaoshi', NULL, '/storage/images/JgBu4WapWy07wBVeTeUqALCySCSAlzZBSG6zsXCB.png', 0, '2024-02-11 13:02:45', '2024-02-25 04:59:28'),
(153, 17, 'Stellaron Hunters', NULL, '/storage/images/s53Om7ejRkX40c4vLGYoUSccMZnwzLBWUdPZOZpV.png', 0, '2024-01-23 17:40:46', '2024-02-25 04:59:28'),
(154, 17, 'Kafka and Blade', NULL, '/storage/images/3ZWdjDj8yBzWKQGJWRbTLQIgzByJ1pFpqA21Mhke.jpg', 0, '2024-02-15 04:15:39', '2024-02-25 04:59:28'),
(155, 17, 'Kafka', NULL, '/storage/images/yjI1Xm2MMLkUrW9iljuale89BWDZHefopJR4bccj.jpg', 0, '2024-02-21 19:15:54', '2024-02-25 04:59:28'),
(156, 17, 'Silver Wolf', NULL, '/storage/images/sIDoNd4Bo9k6vcrWUOgUSydmBvFiz8DTdF6yeSpq.jpg', 0, '2024-01-12 11:06:17', '2024-02-27 15:31:00'),
(157, 17, 'Kafka and Blade', NULL, '/storage/images/yWmAK2y8yuuXoEcG8syS9TCnvpggkfcjszHy0jjn.jpg', 0, '2024-02-12 17:55:22', '2024-02-25 04:59:28'),
(158, 17, 'Blade 1', NULL, '/storage/images/OYNSYKwf4hipyDwnrr7Sn5ABaBN6aZL2CPUPnRuT.png', 0, '2024-01-02 00:59:01', '2024-02-25 04:59:28'),
(159, 17, 'Kafka/Blade 2', NULL, '/storage/images/1DItmTtUDhVCCwxaOHGknt89PgihUDMt5xrbIlYK.png', 0, '2024-02-11 02:08:59', '2024-02-25 04:59:28'),
(160, 17, 'Kafka/Blade 3', NULL, '/storage/images/Tnd5ZBJaqsfkLvPXctZTxAOu6bcVRhrSVeofymHX.png', 0, '2024-02-12 10:47:51', '2024-02-25 04:59:28'),
(161, 17, 'Black Swan', NULL, '/storage/images/NunnUDADcnTkmjk6m99OLanBDTax0s22PWefmN0c.jpg', 0, '2024-02-07 02:32:19', '2024-02-25 04:59:28'),
(162, 18, 'Keqing', NULL, '/storage/images/xipJsPYruwPW4LxtDwt2IpXVAvjDhg8bB9O64gg9.png', 0, '2024-01-07 07:18:03', '2024-02-25 04:59:28'),
(163, 18, 'Mona', NULL, '/storage/images/LCmMUCdSkuaJ0KmERSKLtEvtUqhOvOb1IW7rU4Kz.png', 0, '2024-01-31 07:53:19', '2024-02-25 04:59:28'),
(164, 18, 'Raiden Shogun', NULL, '/storage/images/64QF2N2K5evWN7EpaByOYa7PUL8pcPwCmlUVl8uO.png', 0, '2024-01-27 20:32:26', '2024-02-25 04:59:28'),
(165, 18, 'Xiangling', NULL, '/storage/images/OBN1Wd6AetgqdBvecNKHQ58jhUSYYdRGSt1A77AP.png', 0, '2024-02-15 10:02:15', '2024-02-25 04:59:28'),
(166, 18, 'Keqing', NULL, '/storage/images/VNPURvKb7beC5nVFIrboUUI6053cWP7u58mqWcq8.png', 0, '2024-02-10 15:33:57', '2024-02-25 04:59:28'),
(167, 18, 'Yae Miko', NULL, '/storage/images/2ZcQic6IRazVIQlbbacSIy5dCqtLjANl6EbEwDXr.png', 0, '2024-01-16 02:43:01', '2024-02-25 04:59:28'),
(168, 18, 'Kuki Shinobu', NULL, '/storage/images/zV9AuG55cF9j6TpvAaz1oRliFqJrliaZbHaym9GY.png', 0, '2024-01-10 17:53:13', '2024-02-25 04:59:28'),
(169, 18, 'Inazuma', NULL, '/storage/images/v6ktIex0u6SuukXjSeFNrLaD488RernRaoenZJ2F.png', 0, '2024-01-06 12:17:06', '2024-02-25 04:59:28'),
(170, 18, 'Blade', NULL, '/storage/images/Trgg4mcyO3AeGEE3o2ipu8nVjuJKd4RmfV8Gyg51.png', 0, '2024-01-01 10:45:48', '2024-02-25 04:59:28'),
(171, 19, 'Cerberus', NULL, '/storage/images/pCCgIK1goUJMG6oWM5pjb0fUYLXylbKsNjP5Kx3g.jpg', 0, '2024-02-11 19:57:44', '2024-02-25 04:59:28'),
(172, 19, 'Ch’en', NULL, '/storage/images/OadHoQwXBTzkIw588wySbGqpXGNJ6qeWDSGtVVXw.png', 0, '2024-02-17 22:31:17', '2024-02-25 04:59:28'),
(173, 19, 'Charlotte', NULL, '/storage/images/pIhOUeiI4OEsGLxsGNevMdycdvyBWW94Rrx46VHv.png', 0, '2024-01-09 07:43:12', '2024-02-25 04:59:28'),
(174, 19, 'Furina and Focalor', NULL, '/storage/images/AdBQDJT5dRc0vVV4fJVvi0twNvB2APpjhozRPmRl.png', 0, '2024-01-08 22:02:11', '2024-02-25 04:59:28'),
(175, 19, 'MICA Team', NULL, '/storage/images/4T09nNuLXGD04L8xgRiMIt8xdHeGI3CPgwzwvI0M.jpg', 0, '2024-01-17 18:01:19', '2024-02-25 04:59:28'),
(176, 19, 'Kamisato Ayaka', NULL, '/storage/images/BrXIuXdiNN2TPQ1trRy5TCQJAepTLg1uygauYzdk.jpg', 0, '2024-01-09 03:00:01', '2024-02-25 04:59:28'),
(177, 19, 'Keqing', NULL, '/storage/images/Jg8KfVLMhc0PLbGOz6m8itBH4GOmaEfJVQR9siNd.jpg', 1, '2024-02-16 11:56:12', '2024-02-25 04:59:28'),
(178, 19, 'Kirara', NULL, '/storage/images/SrztFz8iOfwvlg446mNb0J8x9waGO5CheUOvFVRF.jpg', 0, '2024-01-18 05:40:56', '2024-02-25 05:03:10'),
(179, 19, 'Nilou', NULL, '/storage/images/AVD4ChDipITOaVTU0w0PuR7PK6e8ZV9BZeo20JDc.png', 0, '2024-02-20 19:36:05', '2024-02-25 05:05:47'),
(180, 19, 'OTs-14', NULL, '/storage/images/pKXbBMqO9JWWlPnXGc1Ayb5GbGGmybI93ih9y4c8.jpg', 0, '2023-12-30 11:57:37', '2024-02-25 04:59:28'),
(181, 19, 'Skadi', NULL, '/storage/images/Y2OliCK1pxJbevFdWrLYtw9AIfPvjEQQUGqs1DlV.jpg', 0, '2024-01-08 03:59:49', '2024-02-25 04:59:28'),
(182, 20, 'Tanya Degurechaff', NULL, '/storage/images/8NL033Md6ppXDW7fuZ1cTNXvB3T4oTmcaCSSyCdG.jpg', 0, '2024-02-12 11:06:17', '2024-02-25 04:59:28'),
(183, 20, 'Luigi\'s Mansion', NULL, '/storage/images/p9e5BEbxVU9KmmaLNUm3kzMDNPI5siTvSi1cdTst.jpg', 0, '2024-01-31 22:31:58', '2024-02-25 04:59:28'),
(184, 20, 'Fujiwara no Mokou', NULL, '/storage/images/6SN4Bh9JWiYBic7bBrDsVaxXJlkIZP0n2a0HsSeP.jpg', 0, '2024-01-30 10:21:02', '2024-02-25 04:59:28'),
(185, 20, 'Fate/Grand Order', NULL, '/storage/images/bAkE7UOEXUZbvkIaz72KEeDuCbwV00esu3zCOONq.jpg', 0, '2024-01-03 11:09:13', '2024-02-25 04:59:28'),
(186, 20, 'Fate/Grand Order', NULL, '/storage/images/dI3yc52XqjhNNKKsuUWGw8u6j61raXPMMs3kajGk.jpg', 0, '2024-02-04 03:43:01', '2024-02-25 04:59:28'),
(187, 20, 'Enkidu', NULL, '/storage/images/BKzBENtPCEjriOgIZ5N8v6b4NnkF03DM0gweEoDj.jpg', 1, '2024-01-04 12:07:28', '2024-02-25 04:59:28'),
(188, 20, 'Makima', NULL, '/storage/images/Eq8V8vMZnunPwCZosVlO8wg6wwEuMwVk6KD6apOc.jpg', 0, '2024-01-26 04:28:16', '2024-02-25 04:59:28'),
(189, 20, 'Makima', NULL, '/storage/images/YrI5jStlnV2FTdkjgDohAxEAjkDWlpJJ6lpMyVFE.jpg', 0, '2024-01-10 12:58:57', '2024-02-25 04:59:28'),
(190, 21, 'Dehya', NULL, '/storage/images/dSSZzDWb0c9XQu1m82Ou3GWhRWStSW0usx9XUf84.jpg', 0, '2024-01-29 06:29:59', '2024-02-25 04:59:28'),
(191, 21, 'Furina and Focalor', NULL, '/storage/images/bwfphNcmrrPD0WSLpH3MC9UN5wFxJ3BvBaqKoUp4.jpg', 0, '2024-01-07 20:33:05', '2024-02-25 04:59:28'),
(192, 21, 'Genshin Impact', NULL, '/storage/images/DqvMYNXliDuXzyIPVsCcp3FjN8lxDJRjXUDrzn65.jpg', 0, '2024-01-06 14:15:27', '2024-02-25 04:59:28'),
(193, 21, 'Herrscher Of Finality', NULL, '/storage/images/BwQ0EcCO1hHW7vrSerHyqvQgo6fTZTqjAf6gEvZ9.jpg', 0, '2024-01-10 12:38:02', '2024-02-25 04:59:28'),
(194, 21, 'Huohuo', NULL, '/storage/images/Fdb802NaRekUKvfEWPVGWyRWhBfcKWjTbCya4xXT.jpg', 0, '2024-02-02 23:23:47', '2024-02-25 04:59:28'),
(195, 21, 'Jingliu', NULL, '/storage/images/zrwrhNH4DwEs5oGa3Fl1xvgcRnBcpMijLCMkcqPW.jpg', 0, '2024-01-31 10:04:52', '2024-02-25 04:59:28'),
(196, 21, 'Kafka', NULL, '/storage/images/DTEKxdmFmLTKjpfg7u3zaevdIO1pGRIbr52IY9dy.jpg', 0, '2024-01-02 07:12:58', '2024-02-25 04:59:28'),
(197, 21, 'Kafka', NULL, '/storage/images/4L1fTZKIP54zDjpmOG3IdMYycOl1J1eD5Kz4JEV8.jpg', 0, '2024-01-26 08:50:17', '2024-02-25 04:59:28'),
(198, 21, 'Kirara', NULL, '/storage/images/BjVjy45yueMaiUfqxlp5NelgSNO0opiGLCfw06Dz.jpg', 0, '2024-01-18 01:32:32', '2024-02-25 04:59:28'),
(199, 21, 'Neuvillette', NULL, '/storage/images/rWJ2rcCVq7bTrvvTc3ZPI3J13lkZF3HAPoLKBdgf.jpg', 0, '2024-01-12 08:11:49', '2024-02-25 04:59:28'),
(200, 21, 'Rafa Original', NULL, '/storage/images/EqcscsCIl7WVP8hRnqP5ed5PNdI1AiHXk6rJc5Eq.jpg', 0, '2024-01-08 15:21:28', '2024-02-25 04:59:28'),
(201, 21, 'Robin', NULL, '/storage/images/QOhkRNoA67qITqD37DXBJbp0dEV3BdpnYa3KQj6X.jpg', 0, '2024-01-07 07:11:55', '2024-02-25 04:59:28'),
(202, 21, 'Sangonomiya Kokomi', NULL, '/storage/images/DW4sDadT0zP8YnPSH7fDWEXbXG0emWZAjHL9UcFY.jpg', 0, '2024-01-11 16:55:12', '2024-02-25 04:59:28'),
(203, 21, 'Sparkle', NULL, '/storage/images/hdBnTGcQGTguyrGdEbc3aVlJBVdn3XFmxAABlna7.jpg', 0, '2024-02-06 18:00:15', '2024-02-25 04:59:28'),
(204, 22, 'Beidou', NULL, '/storage/images/xCD6vmHOZy8s1dpAWBoFysLgICFDqSXmMc9QmmEo.jpg', 0, '2024-02-15 18:15:41', '2024-02-25 04:59:28'),
(205, 22, 'Jeht', NULL, '/storage/images/xWv5mh2zFreK14yeWUnLp0yFgdUiqdEiVnt4c4Y4.jpg', 0, '2024-01-13 16:17:39', '2024-02-25 04:59:28'),
(206, 22, 'Honkai Star Rail', NULL, '/storage/images/WrcQSkCCJgvcrvh55Jlztss0eusf9Knik9EIwvvC.jpg', 0, '2024-02-06 05:41:15', '2024-02-25 04:59:28'),
(207, 22, 'Kafka', NULL, '/storage/images/DMILz5CZ9GnHbiL633kzGPB7jXx7lOQup1xEHY7x.jpg', 0, '2024-02-07 06:33:16', '2024-02-25 04:59:28'),
(208, 22, 'Lynette', NULL, '/storage/images/eXkyWpUxaeOEhnoy28xE6ShKRDaAI67DtANgk6wz.jpg', 0, '2024-01-26 18:42:37', '2024-02-25 04:59:28'),
(209, 22, 'Lynette', NULL, '/storage/images/x705Z2bxFmyKkNvU0SLIUKPqBhaXLbYdrwTwbXCD.jpg', 0, '2024-01-20 04:53:19', '2024-02-25 04:59:28'),
(210, 22, 'Ruan Mei', NULL, '/storage/images/525OUU6008NLlBlAheD8sUBU3inQIIZ6L4u5Fhy0.jpg', 0, '2024-01-21 19:18:44', '2024-02-25 04:59:28'),
(211, 22, 'Sparkle', NULL, '/storage/images/Jkw5wnBDfunC9J4Fq26JgHnzRdkBNbTmB4invZ0b.jpg', 0, '2024-02-18 12:53:41', '2024-02-25 04:59:28'),
(212, 23, 'Barbara', NULL, '/storage/images/1iGpMjNlZsVpIvGl07TFKsLp6r2tyAFa8cue903w.jpg', 0, '2024-01-21 09:32:17', '2024-02-25 04:59:28'),
(213, 23, 'Furina', NULL, '/storage/images/oExcwY5exPrIX2ADUeWQcVqRXSq1HlQTwUVmI7Ot.jpg', 0, '2024-01-13 12:00:21', '2024-02-25 04:59:28'),
(214, 23, 'Furina', NULL, '/storage/images/IaNsKzJNpf8MUAOcVgOvnlpscEt465QCLrWegPtG.jpg', 0, '2024-01-04 10:24:56', '2024-02-25 04:59:28'),
(215, 23, 'Furina', NULL, '/storage/images/wfMbVqQ2icmmMm0isU1jSRtwR13v4k743fX4L1C5.jpg', 1, '2024-02-05 19:03:37', '2024-02-25 04:59:28'),
(216, 23, 'Furina', NULL, '/storage/images/supyFOUbC1wxckewrb7X1pMmxVQ5y3cVbTNCd62K.jpg', 1, '2024-01-09 19:03:16', '2024-02-25 04:59:28'),
(217, 23, 'Furina', NULL, '/storage/images/ql4yXLo5HkQh1x9LuLZYsgcdau9FqDJKSOjgSbV7.png', 0, '2024-02-16 17:05:33', '2024-02-25 04:59:28'),
(218, 23, 'Guizhong', NULL, '/storage/images/ljzJIrLGrmGgwrXfjel2fvt3ra8aDfO62Kv674bc.jpg', 0, '2024-02-17 07:17:55', '2024-02-25 04:59:28'),
(219, 23, 'Hu Tao', NULL, '/storage/images/V2drtjKirGOD8ECqEOZUyNAJUDSfI3cGepXSz8vl.jpg', 0, '2024-02-14 12:12:59', '2024-02-25 04:59:28'),
(220, 23, 'Hu Tao', NULL, '/storage/images/orrmtQZdmHSHSNIOx4Ri67X5w4kjUMv6ETsa35la.jpg', 0, '2024-01-29 18:11:10', '2024-02-25 04:59:28'),
(221, 23, 'Mona', NULL, '/storage/images/UtcySkg1AAta1JrhlA1HRC2NMKjohCn4BPMIBmx2.jpg', 0, '2024-01-13 09:16:52', '2024-02-25 04:59:28'),
(222, 23, 'Mona', NULL, '/storage/images/eCwxleDRVY7ZUd1KGZ1FhM04jJC7T9KVC2bMPsZQ.jpg', 1, '2024-02-01 18:50:52', '2024-02-25 04:59:28'),
(223, 6, 'Ei and Yae', NULL, '/storage/images/fpF7aW3ZnqsTL7nYqZF1m59zZqvCAMBX3sjTBbdG.png', 0, '2024-02-10 12:49:20', '2024-02-27 15:56:09'),
(224, 6, 'Genshin Impact', NULL, '/storage/images/UjruEwliQMjdBpH5wtPFV1j1UtyGAlcnlh1ILKyP.png', 0, '2024-01-10 12:55:00', '2024-02-27 15:55:53');

-- --------------------------------------------------------

--
-- Структура таблицы `Image_Tags`
--

CREATE TABLE `Image_Tags` (
  `image_id` int(11) NOT NULL,
  `tag_id` int(11) NOT NULL
) ENGINE=InnoDB DEFAULT CHARSET=utf8mb4 COLLATE=utf8mb4_unicode_ci;

--
-- Дамп данных таблицы `Image_Tags`
--

INSERT INTO `Image_Tags` (`image_id`, `tag_id`) VALUES
(1, 1),
(18, 1),
(20, 1),
(27, 1),
(28, 1),
(29, 1),
(61, 1),
(62, 1),
(76, 1),
(87, 1),
(91, 1),
(92, 1),
(93, 1),
(94, 1),
(100, 1),
(126, 1),
(164, 1),
(169, 1),
(223, 1),
(224, 1),
(1, 2),
(18, 2),
(20, 2),
(27, 2),
(28, 2),
(29, 2),
(61, 2),
(62, 2),
(76, 2),
(87, 2),
(91, 2),
(92, 2),
(93, 2),
(94, 2),
(100, 2),
(126, 2),
(164, 2),
(169, 2),
(223, 2),
(224, 2),
(1, 3),
(3, 3),
(4, 3),
(5, 3),
(6, 3),
(8, 3),
(10, 3),
(11, 3),
(12, 3),
(13, 3),
(14, 3),
(15, 3),
(16, 3),
(18, 3),
(20, 3),
(23, 3),
(24, 3),
(25, 3),
(26, 3),
(27, 3),
(28, 3),
(29, 3),
(30, 3),
(31, 3),
(32, 3),
(33, 3),
(34, 3),
(38, 3),
(41, 3),
(42, 3),
(43, 3),
(44, 3),
(45, 3),
(46, 3),
(47, 3),
(49, 3),
(50, 3),
(51, 3),
(52, 3),
(53, 3),
(55, 3),
(56, 3),
(57, 3),
(58, 3),
(59, 3),
(60, 3),
(61, 3),
(62, 3),
(63, 3),
(64, 3),
(65, 3),
(66, 3),
(67, 3),
(68, 3),
(69, 3),
(72, 3),
(73, 3),
(76, 3),
(77, 3),
(78, 3),
(79, 3),
(81, 3),
(82, 3),
(83, 3),
(84, 3),
(86, 3),
(87, 3),
(89, 3),
(90, 3),
(91, 3),
(92, 3),
(93, 3),
(94, 3),
(99, 3),
(100, 3),
(101, 3),
(126, 3),
(127, 3),
(128, 3),
(129, 3),
(130, 3),
(131, 3),
(132, 3),
(133, 3),
(135, 3),
(136, 3),
(137, 3),
(138, 3),
(139, 3),
(140, 3),
(141, 3),
(142, 3),
(143, 3),
(144, 3),
(145, 3),
(162, 3),
(163, 3),
(164, 3),
(165, 3),
(166, 3),
(167, 3),
(168, 3),
(169, 3),
(173, 3),
(174, 3),
(176, 3),
(177, 3),
(178, 3),
(179, 3),
(190, 3),
(191, 3),
(192, 3),
(198, 3),
(199, 3),
(202, 3),
(204, 3),
(205, 3),
(208, 3),
(209, 3),
(212, 3),
(213, 3),
(214, 3),
(215, 3),
(216, 3),
(217, 3),
(218, 3),
(219, 3),
(220, 3),
(221, 3),
(222, 3),
(223, 3),
(224, 3),
(2, 4),
(71, 4),
(147, 4),
(148, 4),
(149, 4),
(150, 4),
(151, 4),
(152, 4),
(153, 4),
(154, 4),
(157, 4),
(158, 4),
(159, 4),
(160, 4),
(170, 4),
(2, 5),
(7, 5),
(17, 5),
(19, 5),
(21, 5),
(35, 5),
(54, 5),
(70, 5),
(71, 5),
(85, 5),
(88, 5),
(123, 5),
(124, 5),
(146, 5),
(147, 5),
(148, 5),
(149, 5),
(150, 5),
(151, 5),
(152, 5),
(153, 5),
(154, 5),
(155, 5),
(156, 5),
(157, 5),
(158, 5),
(159, 5),
(160, 5),
(161, 5),
(170, 5),
(194, 5),
(195, 5),
(196, 5),
(197, 5),
(201, 5),
(203, 5),
(206, 5),
(207, 5),
(210, 5),
(211, 5),
(3, 6),
(32, 6),
(4, 7),
(10, 7),
(56, 7),
(5, 8),
(55, 8),
(60, 8),
(69, 8),
(130, 8),
(135, 8),
(137, 8),
(5, 9),
(55, 9),
(60, 9),
(69, 9),
(130, 9),
(135, 9),
(137, 9),
(6, 10),
(18, 10),
(190, 10),
(7, 11),
(21, 11),
(71, 11),
(88, 11),
(124, 11),
(147, 11),
(151, 11),
(153, 11),
(154, 11),
(155, 11),
(157, 11),
(159, 11),
(160, 11),
(196, 11),
(197, 11),
(207, 11),
(8, 12),
(9, 13),
(9, 14),
(10, 15),
(11, 15),
(12, 15),
(13, 15),
(15, 15),
(16, 15),
(18, 15),
(138, 15),
(10, 16),
(11, 16),
(14, 16),
(49, 16),
(73, 16),
(127, 16),
(128, 16),
(140, 16),
(145, 16),
(176, 16),
(10, 17),
(11, 17),
(14, 17),
(49, 17),
(73, 17),
(127, 17),
(128, 17),
(140, 17),
(145, 17),
(176, 17),
(10, 18),
(11, 18),
(15, 18),
(16, 18),
(89, 18),
(162, 18),
(166, 18),
(177, 18),
(10, 19),
(11, 19),
(12, 19),
(14, 19),
(138, 19),
(11, 20),
(12, 20),
(13, 20),
(14, 20),
(52, 20),
(11, 21),
(140, 21),
(145, 21),
(11, 22),
(13, 22),
(11, 23),
(22, 23),
(11, 24),
(22, 24),
(208, 24),
(209, 24),
(11, 25),
(78, 25),
(139, 25),
(192, 25),
(11, 26),
(77, 26),
(12, 27),
(18, 27),
(22, 27),
(23, 27),
(86, 27),
(131, 27),
(174, 27),
(191, 27),
(213, 27),
(214, 27),
(215, 27),
(216, 27),
(217, 27),
(12, 28),
(18, 28),
(12, 29),
(22, 29),
(39, 29),
(199, 29),
(12, 30),
(22, 30),
(24, 30),
(14, 31),
(32, 31),
(41, 31),
(42, 31),
(43, 31),
(44, 31),
(52, 31),
(68, 31),
(82, 31),
(14, 32),
(68, 32),
(14, 33),
(32, 33),
(57, 33),
(58, 33),
(63, 33),
(14, 34),
(32, 34),
(57, 34),
(58, 34),
(63, 34),
(14, 35),
(34, 35),
(68, 35),
(14, 36),
(18, 36),
(66, 36),
(101, 36),
(179, 36),
(14, 37),
(32, 37),
(50, 37),
(60, 37),
(69, 37),
(141, 37),
(144, 37),
(14, 38),
(32, 38),
(50, 38),
(60, 38),
(69, 38),
(141, 38),
(144, 38),
(14, 39),
(32, 39),
(50, 39),
(60, 39),
(69, 39),
(141, 39),
(144, 39),
(14, 40),
(14, 41),
(32, 41),
(48, 41),
(17, 42),
(19, 42),
(85, 42),
(17, 43),
(22, 44),
(39, 44),
(22, 45),
(22, 46),
(22, 47),
(173, 47),
(22, 48),
(38, 48),
(50, 48),
(81, 48),
(22, 49),
(25, 50),
(32, 50),
(46, 50),
(47, 50),
(68, 50),
(26, 51),
(59, 51),
(129, 51),
(30, 52),
(33, 52),
(49, 52),
(127, 52),
(140, 52),
(142, 52),
(143, 52),
(145, 52),
(30, 53),
(33, 53),
(49, 53),
(127, 53),
(140, 53),
(142, 53),
(143, 53),
(145, 53),
(31, 54),
(31, 55),
(32, 56),
(51, 56),
(32, 57),
(51, 57),
(35, 58),
(36, 59),
(37, 59),
(95, 59),
(96, 59),
(105, 59),
(106, 59),
(200, 59),
(39, 60),
(40, 61),
(40, 62),
(45, 63),
(48, 64),
(72, 64),
(79, 64),
(219, 64),
(220, 64),
(50, 65),
(51, 66),
(53, 67),
(53, 68),
(54, 69),
(54, 70),
(196, 70),
(60, 71),
(69, 71),
(64, 72),
(163, 72),
(221, 72),
(222, 72),
(65, 73),
(87, 73),
(99, 73),
(167, 73),
(169, 73),
(223, 73),
(224, 73),
(67, 74),
(68, 75),
(70, 76),
(146, 76),
(71, 77),
(153, 77),
(156, 77),
(74, 78),
(74, 79),
(75, 79),
(109, 79),
(110, 79),
(111, 79),
(112, 79),
(113, 79),
(114, 79),
(115, 79),
(116, 79),
(117, 79),
(118, 79),
(119, 79),
(120, 79),
(121, 79),
(122, 79),
(172, 79),
(181, 79),
(75, 80),
(80, 81),
(80, 82),
(83, 83),
(132, 83),
(84, 84),
(90, 85),
(135, 85),
(136, 85),
(90, 86),
(136, 86),
(97, 87),
(97, 88),
(185, 88),
(186, 88),
(98, 89),
(98, 90),
(98, 91),
(102, 92),
(102, 93),
(103, 94),
(103, 95),
(103, 96),
(104, 97),
(104, 98),
(107, 99),
(175, 99),
(107, 100),
(107, 101),
(107, 102),
(175, 102),
(107, 103),
(107, 104),
(175, 104),
(180, 104),
(108, 105),
(108, 106),
(108, 107),
(109, 108),
(110, 108),
(112, 108),
(110, 109),
(112, 109),
(114, 109),
(111, 110),
(113, 111),
(115, 112),
(116, 113),
(117, 114),
(118, 114),
(117, 115),
(117, 116),
(117, 117),
(117, 118),
(118, 118),
(119, 118),
(120, 118),
(121, 118),
(122, 118),
(123, 119),
(125, 120),
(188, 120),
(189, 120),
(125, 121),
(188, 121),
(189, 121),
(132, 122),
(133, 122),
(134, 123),
(134, 124),
(193, 124),
(151, 125),
(152, 126),
(161, 127),
(206, 127),
(165, 128),
(168, 129),
(168, 130),
(168, 131),
(169, 132),
(169, 133),
(171, 134),
(171, 135),
(172, 136),
(174, 137),
(191, 137),
(178, 138),
(198, 138),
(180, 139),
(181, 140),
(181, 141),
(182, 142),
(182, 143),
(183, 144),
(183, 145),
(184, 146),
(184, 147),
(185, 148),
(186, 148),
(185, 149),
(186, 149),
(187, 150),
(187, 151),
(192, 152),
(192, 153),
(192, 154),
(193, 155),
(193, 156),
(194, 157),
(195, 158),
(201, 159),
(202, 160),
(202, 161),
(203, 162),
(206, 162),
(211, 162),
(204, 163),
(205, 164),
(206, 165),
(210, 166),
(212, 167),
(218, 168);

-- --------------------------------------------------------

--
-- Структура таблицы `Likes`
--

CREATE TABLE `Likes` (
  `like_id` int(11) NOT NULL,
  `user_id` int(11) DEFAULT NULL,
  `image_id` int(11) DEFAULT NULL,
  `liked_at` timestamp NULL DEFAULT CURRENT_TIMESTAMP
) ENGINE=InnoDB DEFAULT CHARSET=utf8mb4 COLLATE=utf8mb4_unicode_ci;

--
-- Дамп данных таблицы `Likes`
--

INSERT INTO `Likes` (`like_id`, `user_id`, `image_id`, `liked_at`) VALUES
(1, 1, 117, '2024-02-25 01:26:08'),
(2, 2, 63, '2024-02-25 01:26:08'),
(3, 3, 108, '2024-02-25 01:26:08'),
(4, 4, 47, '2024-02-25 01:26:08'),
(5, 5, 116, '2024-02-25 01:26:08'),
(6, 6, 192, '2024-02-25 01:26:08'),
(7, 7, 208, '2024-02-25 01:26:08'),
(8, 8, 149, '2024-02-25 01:26:08'),
(9, 9, 148, '2024-02-25 01:26:08'),
(10, 10, 123, '2024-02-25 01:26:08'),
(11, 11, 118, '2024-02-25 01:26:08'),
(12, 12, 176, '2024-02-25 01:26:08'),
(13, 13, 166, '2024-02-25 01:26:08'),
(14, 14, 116, '2024-02-25 01:26:08'),
(15, 15, 182, '2024-02-25 01:26:08'),
(16, 16, 124, '2024-02-25 01:26:08'),
(17, 17, 78, '2024-02-25 01:26:08'),
(18, 18, 187, '2024-02-25 01:26:08'),
(19, 19, 146, '2024-02-25 01:26:08'),
(20, 20, 18, '2024-02-25 01:26:08'),
(21, 21, 62, '2024-02-25 01:26:08'),
(22, 22, 37, '2024-02-25 01:26:08'),
(23, 23, 178, '2024-02-25 01:26:08'),
(24, 24, 185, '2024-02-25 01:26:08'),
(25, 25, 19, '2024-02-25 01:26:08'),
(26, 26, 115, '2024-02-25 01:26:08'),
(27, 27, 144, '2024-02-25 01:26:08'),
(28, 28, 210, '2024-02-25 01:26:08'),
(29, 29, 190, '2024-02-25 01:26:08'),
(30, 30, 39, '2024-02-25 01:26:08'),
(31, 31, 55, '2024-02-25 01:26:08'),
(32, 32, 147, '2024-02-25 01:26:08'),
(33, 33, 140, '2024-02-25 01:26:08'),
(34, 34, 15, '2024-02-25 01:26:08'),
(35, 35, 205, '2024-02-25 01:26:08'),
(36, 36, 116, '2024-02-25 01:26:08'),
(37, 37, 211, '2024-02-25 01:26:08'),
(38, 38, 133, '2024-02-25 01:26:08'),
(39, 39, 41, '2024-02-25 01:26:08'),
(40, 40, 193, '2024-02-25 01:26:08'),
(41, 41, 149, '2024-02-25 01:26:08'),
(42, 42, 24, '2024-02-25 01:26:09'),
(43, 43, 72, '2024-02-25 01:26:09'),
(44, 44, 158, '2024-02-25 01:26:09'),
(45, 45, 192, '2024-02-25 01:26:09'),
(46, 46, 129, '2024-02-25 01:26:09'),
(47, 47, 219, '2024-02-25 01:26:09'),
(48, 48, 169, '2024-02-25 01:26:09'),
(49, 49, 16, '2024-02-25 01:26:09'),
(50, 50, 43, '2024-02-25 01:26:09'),
(51, 51, 81, '2024-02-25 01:26:09'),
(52, 52, 87, '2024-02-25 01:26:09'),
(53, 53, 169, '2024-02-25 01:26:09'),
(54, 54, 44, '2024-02-25 01:26:09'),
(55, 55, 25, '2024-02-25 01:26:09'),
(56, 56, 14, '2024-02-25 01:26:09'),
(57, 57, 135, '2024-02-25 01:26:09'),
(58, 58, 122, '2024-02-25 01:26:09'),
(59, 59, 88, '2024-02-25 01:26:09'),
(60, 60, 36, '2024-02-25 01:26:09'),
(61, 61, 69, '2024-02-25 01:26:09'),
(62, 62, 69, '2024-02-25 01:26:09'),
(63, 63, 140, '2024-02-25 01:26:09'),
(64, 64, 53, '2024-02-25 01:26:09'),
(65, 65, 168, '2024-02-25 01:26:09'),
(66, 66, 157, '2024-02-25 01:26:09'),
(67, 67, 131, '2024-02-25 01:26:09'),
(68, 68, 24, '2024-02-25 01:26:09'),
(69, 69, 118, '2024-02-25 01:26:09'),
(70, 70, 46, '2024-02-25 01:26:09'),
(71, 71, 36, '2024-02-25 01:26:09'),
(72, 72, 41, '2024-02-25 01:26:09'),
(73, 73, 212, '2024-02-25 01:26:09'),
(74, 74, 43, '2024-02-25 01:26:09'),
(75, 75, 195, '2024-02-25 01:26:09'),
(76, 76, 101, '2024-02-25 01:26:09'),
(77, 77, 125, '2024-02-25 01:26:09'),
(78, 78, 203, '2024-02-25 01:26:09'),
(79, 79, 177, '2024-02-25 01:26:09'),
(80, 80, 110, '2024-02-25 01:26:09'),
(81, 81, 136, '2024-02-25 01:26:09'),
(82, 82, 24, '2024-02-25 01:26:09'),
(83, 83, 99, '2024-02-25 01:26:09'),
(84, 84, 178, '2024-02-25 01:26:09'),
(85, 85, 179, '2024-02-25 01:26:09'),
(86, 86, 69, '2024-02-25 01:26:09'),
(87, 87, 69, '2024-02-25 01:26:09'),
(88, 88, 35, '2024-02-25 01:26:09'),
(89, 89, 197, '2024-02-25 01:26:09'),
(90, 90, 158, '2024-02-25 01:26:09'),
(91, 91, 156, '2024-02-25 01:26:09'),
(92, 92, 84, '2024-02-25 01:26:09'),
(93, 93, 85, '2024-02-25 01:26:09'),
(94, 94, 158, '2024-02-25 01:26:09'),
(95, 95, 31, '2024-02-25 01:26:09'),
(96, 96, 57, '2024-02-25 01:26:09'),
(97, 97, 47, '2024-02-25 01:26:09'),
(98, 98, 221, '2024-02-25 01:26:09'),
(99, 99, 175, '2024-02-25 01:26:09'),
(100, 100, 144, '2024-02-25 01:26:09'),
(101, 101, 122, '2024-02-25 01:26:09'),
(102, 102, 57, '2024-02-25 01:26:09'),
(103, 103, 18, '2024-02-25 01:26:09'),
(104, 104, 204, '2024-02-25 01:26:09'),
(105, 105, 157, '2024-02-25 01:26:09'),
(106, 106, 65, '2024-02-25 01:26:09'),
(107, 107, 96, '2024-02-25 01:26:09'),
(108, 108, 179, '2024-02-25 01:26:09'),
(109, 109, 15, '2024-02-25 01:26:09'),
(110, 110, 117, '2024-02-25 01:26:09'),
(111, 111, 20, '2024-02-25 01:26:09'),
(112, 112, 58, '2024-02-25 01:26:09'),
(113, 113, 35, '2024-02-25 01:26:09'),
(114, 114, 3, '2024-02-25 01:26:09'),
(115, 115, 19, '2024-02-25 01:26:09'),
(116, 116, 147, '2024-02-25 01:26:09'),
(117, 117, 118, '2024-02-25 01:26:09'),
(118, 118, 25, '2024-02-25 01:26:09'),
(119, 119, 112, '2024-02-25 01:26:09'),
(120, 120, 26, '2024-02-25 01:26:09'),
(121, 121, 78, '2024-02-25 01:26:09'),
(122, 122, 77, '2024-02-25 01:26:09'),
(123, 123, 62, '2024-02-25 01:26:09'),
(124, 124, 107, '2024-02-25 01:26:09'),
(125, 125, 130, '2024-02-25 01:26:09'),
(126, 126, 36, '2024-02-25 01:26:09'),
(127, 127, 51, '2024-02-25 01:26:09'),
(128, 128, 88, '2024-02-25 01:26:09'),
(129, 129, 91, '2024-02-25 01:26:09'),
(130, 130, 100, '2024-02-25 01:26:09'),
(131, 131, 99, '2024-02-25 01:26:09'),
(132, 132, 8, '2024-02-25 01:26:09'),
(133, 133, 134, '2024-02-25 01:26:09'),
(134, 134, 131, '2024-02-25 01:26:09'),
(135, 135, 161, '2024-02-25 01:26:09'),
(136, 136, 64, '2024-02-25 01:26:09'),
(137, 137, 183, '2024-02-25 01:26:09'),
(138, 138, 100, '2024-02-25 01:26:09'),
(139, 139, 59, '2024-02-25 01:26:09'),
(140, 140, 92, '2024-02-25 01:26:09'),
(141, 141, 216, '2024-02-25 01:26:09'),
(142, 142, 31, '2024-02-25 01:26:09'),
(143, 143, 195, '2024-02-25 01:26:09'),
(144, 144, 140, '2024-02-25 01:26:09'),
(145, 145, 195, '2024-02-25 01:26:09'),
(146, 146, 17, '2024-02-25 01:26:09'),
(147, 147, 143, '2024-02-25 01:26:09'),
(148, 148, 101, '2024-02-25 01:26:09'),
(149, 149, 152, '2024-02-25 01:26:09'),
(150, 150, 78, '2024-02-25 01:26:09'),
(151, 151, 152, '2024-02-25 01:26:09'),
(152, 152, 139, '2024-02-25 01:26:09'),
(153, 153, 83, '2024-02-25 01:26:09'),
(154, 154, 38, '2024-02-25 01:26:09'),
(155, 155, 197, '2024-02-25 01:26:09'),
(156, 156, 201, '2024-02-25 01:26:10'),
(157, 157, 143, '2024-02-25 01:26:10'),
(158, 158, 180, '2024-02-25 01:26:10'),
(159, 159, 106, '2024-02-25 01:26:10'),
(160, 160, 76, '2024-02-25 01:26:10'),
(161, 161, 97, '2024-02-25 01:26:10'),
(162, 162, 164, '2024-02-25 01:26:10'),
(163, 163, 208, '2024-02-25 01:26:10'),
(164, 164, 97, '2024-02-25 01:26:10'),
(165, 165, 152, '2024-02-25 01:26:10'),
(166, 166, 112, '2024-02-25 01:26:10'),
(167, 167, 73, '2024-02-25 01:26:10'),
(168, 168, 43, '2024-02-25 01:26:10'),
(169, 169, 213, '2024-02-25 01:26:10'),
(170, 170, 67, '2024-02-25 01:26:10'),
(171, 171, 160, '2024-02-25 01:26:10'),
(172, 172, 120, '2024-02-25 01:26:10'),
(173, 173, 179, '2024-02-25 01:26:10'),
(174, 174, 29, '2024-02-25 01:26:10'),
(175, 175, 13, '2024-02-25 01:26:10'),
(176, 176, 75, '2024-02-25 01:26:10'),
(177, 177, 167, '2024-02-25 01:26:10'),
(178, 178, 103, '2024-02-25 01:26:10'),
(179, 179, 181, '2024-02-25 01:26:10'),
(180, 180, 81, '2024-02-25 01:26:10'),
(181, 181, 111, '2024-02-25 01:26:10'),
(182, 182, 150, '2024-02-25 01:26:10'),
(183, 183, 142, '2024-02-25 01:26:10'),
(184, 184, 135, '2024-02-25 01:26:10'),
(185, 185, 170, '2024-02-25 01:26:10'),
(186, 186, 52, '2024-02-25 01:26:10'),
(187, 187, 151, '2024-02-25 01:26:10'),
(188, 188, 176, '2024-02-25 01:26:10'),
(189, 189, 80, '2024-02-25 01:26:10'),
(190, 190, 217, '2024-02-25 01:26:10'),
(191, 191, 197, '2024-02-25 01:26:10'),
(192, 192, 210, '2024-02-25 01:26:10'),
(193, 193, 12, '2024-02-25 01:26:10'),
(194, 194, 38, '2024-02-25 01:26:10'),
(195, 195, 208, '2024-02-25 01:26:10'),
(196, 196, 66, '2024-02-25 01:26:10'),
(197, 197, 13, '2024-02-25 01:26:10'),
(198, 198, 23, '2024-02-25 01:26:10'),
(199, 199, 175, '2024-02-25 01:26:10'),
(200, 200, 50, '2024-02-25 01:26:10'),
(201, 201, 143, '2024-02-25 01:26:10'),
(202, 202, 194, '2024-02-25 01:26:10'),
(203, 203, 202, '2024-02-25 01:26:10'),
(204, 204, 205, '2024-02-25 01:26:10'),
(205, 205, 94, '2024-02-25 01:26:10'),
(206, 206, 190, '2024-02-25 01:26:10'),
(207, 207, 179, '2024-02-25 01:26:10'),
(208, 208, 69, '2024-02-25 01:26:10'),
(209, 209, 179, '2024-02-25 01:26:10'),
(210, 210, 23, '2024-02-25 01:26:10'),
(211, 211, 42, '2024-02-25 01:26:10'),
(212, 212, 198, '2024-02-25 01:26:10'),
(213, 213, 87, '2024-02-25 01:26:10'),
(214, 214, 123, '2024-02-25 01:26:10'),
(215, 215, 11, '2024-02-25 01:26:10'),
(216, 216, 131, '2024-02-25 01:26:10'),
(217, 217, 19, '2024-02-25 01:26:10'),
(218, 218, 213, '2024-02-25 01:26:10'),
(219, 219, 54, '2024-02-25 01:26:10'),
(220, 220, 91, '2024-02-25 01:26:10'),
(221, 221, 27, '2024-02-25 01:26:10'),
(222, 222, 108, '2024-02-25 01:26:10'),
(223, 223, 8, '2024-02-25 01:26:10'),
(224, 224, 45, '2024-02-25 01:26:10'),
(225, 225, 4, '2024-02-25 01:26:10'),
(226, 226, 34, '2024-02-25 01:26:10'),
(227, 227, 138, '2024-02-25 01:26:10'),
(228, 228, 116, '2024-02-25 01:26:10'),
(229, 229, 207, '2024-02-25 01:26:10'),
(230, 230, 44, '2024-02-25 01:26:10'),
(231, 231, 48, '2024-02-25 01:26:10'),
(232, 232, 13, '2024-02-25 01:26:10'),
(233, 233, 47, '2024-02-25 01:26:10'),
(234, 234, 146, '2024-02-25 01:26:10'),
(235, 235, 13, '2024-02-25 01:26:10'),
(236, 236, 190, '2024-02-25 01:26:10'),
(237, 237, 55, '2024-02-25 01:26:10'),
(238, 238, 103, '2024-02-25 01:26:10'),
(239, 239, 130, '2024-02-25 01:26:10'),
(240, 240, 164, '2024-02-25 01:26:10'),
(241, 241, 42, '2024-02-25 01:26:11'),
(242, 242, 116, '2024-02-25 01:26:11'),
(243, 243, 200, '2024-02-25 01:26:11'),
(244, 244, 134, '2024-02-25 01:26:11'),
(245, 245, 182, '2024-02-25 01:26:11'),
(246, 246, 171, '2024-02-25 01:26:11'),
(247, 247, 41, '2024-02-25 01:26:11'),
(248, 248, 198, '2024-02-25 01:26:11'),
(249, 249, 218, '2024-02-25 01:26:11'),
(250, 250, 167, '2024-02-25 01:26:11'),
(251, 251, 206, '2024-02-25 01:26:11'),
(252, 252, 19, '2024-02-25 01:26:11'),
(253, 253, 70, '2024-02-25 01:26:11'),
(254, 254, 17, '2024-02-25 01:26:11'),
(255, 255, 175, '2024-02-25 01:26:11'),
(256, 256, 127, '2024-02-25 01:26:11'),
(257, 257, 43, '2024-02-25 01:26:11'),
(258, 258, 50, '2024-02-25 01:26:11'),
(259, 259, 12, '2024-02-25 01:26:11'),
(260, 260, 144, '2024-02-25 01:26:11'),
(261, 261, 10, '2024-02-25 01:26:11'),
(262, 262, 142, '2024-02-25 01:26:11'),
(263, 263, 218, '2024-02-25 01:26:11'),
(264, 264, 87, '2024-02-25 01:26:11'),
(265, 265, 19, '2024-02-25 01:26:11'),
(266, 266, 194, '2024-02-25 01:26:11'),
(267, 267, 190, '2024-02-25 01:26:11'),
(268, 268, 115, '2024-02-25 01:26:11'),
(269, 269, 189, '2024-02-25 01:26:11'),
(270, 270, 74, '2024-02-25 01:26:11'),
(271, 271, 125, '2024-02-25 01:26:11'),
(272, 272, 178, '2024-02-25 01:26:11'),
(273, 273, 145, '2024-02-25 01:26:11'),
(274, 274, 29, '2024-02-25 01:26:11'),
(275, 275, 126, '2024-02-25 01:26:11'),
(276, 276, 101, '2024-02-25 01:26:11'),
(277, 277, 22, '2024-02-25 01:26:11'),
(278, 278, 127, '2024-02-25 01:26:11'),
(279, 279, 75, '2024-02-25 01:26:11'),
(280, 280, 217, '2024-02-25 01:26:11'),
(281, 281, 111, '2024-02-25 01:26:11'),
(282, 282, 9, '2024-02-25 01:26:11'),
(283, 283, 147, '2024-02-25 01:26:11'),
(284, 284, 65, '2024-02-25 01:26:11'),
(285, 285, 126, '2024-02-25 01:26:11'),
(286, 286, 136, '2024-02-25 01:26:11'),
(287, 287, 168, '2024-02-25 01:26:11'),
(288, 288, 98, '2024-02-25 01:26:11'),
(289, 289, 152, '2024-02-25 01:26:11'),
(290, 290, 97, '2024-02-25 01:26:11'),
(291, 291, 158, '2024-02-25 01:26:11'),
(292, 292, 149, '2024-02-25 01:26:11'),
(293, 293, 159, '2024-02-25 01:26:11'),
(294, 294, 115, '2024-02-25 01:26:11'),
(295, 295, 140, '2024-02-25 01:26:11'),
(296, 296, 123, '2024-02-25 01:26:11'),
(297, 297, 43, '2024-02-25 01:26:11'),
(298, 298, 59, '2024-02-25 01:26:11'),
(299, 299, 134, '2024-02-25 01:26:11'),
(300, 300, 91, '2024-02-25 01:26:11'),
(301, 301, 83, '2024-02-25 01:26:11'),
(302, 302, 67, '2024-02-25 01:26:11'),
(303, 303, 138, '2024-02-25 01:26:11'),
(304, 304, 201, '2024-02-25 01:26:11'),
(305, 305, 213, '2024-02-25 01:26:11'),
(306, 306, 203, '2024-02-25 01:26:11'),
(307, 307, 177, '2024-02-25 01:26:11'),
(308, 308, 194, '2024-02-25 01:26:11'),
(309, 309, 111, '2024-02-25 01:26:11'),
(310, 310, 30, '2024-02-25 01:26:11'),
(311, 311, 73, '2024-02-25 01:26:11'),
(312, 312, 107, '2024-02-25 01:26:11'),
(313, 313, 135, '2024-02-25 01:26:11'),
(314, 314, 74, '2024-02-25 01:26:11'),
(315, 315, 11, '2024-02-25 01:26:11'),
(316, 316, 70, '2024-02-25 01:26:11'),
(317, 317, 93, '2024-02-25 01:26:11'),
(318, 318, 106, '2024-02-25 01:26:11'),
(319, 319, 42, '2024-02-25 01:26:11'),
(320, 320, 11, '2024-02-25 01:26:11'),
(321, 321, 167, '2024-02-25 01:26:11'),
(322, 322, 29, '2024-02-25 01:26:11'),
(323, 323, 200, '2024-02-25 01:26:11'),
(324, 324, 53, '2024-02-25 01:26:11'),
(325, 325, 90, '2024-02-25 01:26:11'),
(326, 326, 119, '2024-02-25 01:26:11'),
(327, 327, 93, '2024-02-25 01:26:11'),
(328, 328, 78, '2024-02-25 01:26:12'),
(329, 329, 103, '2024-02-25 01:26:12'),
(330, 330, 162, '2024-02-25 01:26:12'),
(331, 331, 38, '2024-02-25 01:26:12'),
(332, 332, 52, '2024-02-25 01:26:12'),
(333, 333, 82, '2024-02-25 01:26:12'),
(334, 334, 167, '2024-02-25 01:26:12'),
(335, 335, 145, '2024-02-25 01:26:12'),
(336, 336, 123, '2024-02-25 01:26:12'),
(337, 337, 29, '2024-02-25 01:26:12'),
(338, 338, 29, '2024-02-25 01:26:12'),
(339, 339, 103, '2024-02-25 01:26:12'),
(340, 340, 10, '2024-02-25 01:26:12'),
(341, 341, 63, '2024-02-25 01:26:12'),
(342, 342, 207, '2024-02-25 01:26:12'),
(343, 343, 139, '2024-02-25 01:26:12'),
(344, 344, 58, '2024-02-25 01:26:12'),
(345, 345, 211, '2024-02-25 01:26:12'),
(346, 346, 3, '2024-02-25 01:26:12'),
(347, 347, 183, '2024-02-25 01:26:12'),
(348, 348, 189, '2024-02-25 01:26:12'),
(349, 349, 199, '2024-02-25 01:26:12'),
(350, 350, 142, '2024-02-25 01:26:12'),
(351, 351, 67, '2024-02-25 01:26:12'),
(352, 352, 86, '2024-02-25 01:26:12'),
(353, 353, 131, '2024-02-25 01:26:12'),
(354, 354, 147, '2024-02-25 01:26:12'),
(355, 355, 61, '2024-02-25 01:26:12'),
(356, 356, 187, '2024-02-25 01:26:12'),
(357, 357, 173, '2024-02-25 01:26:12'),
(358, 358, 58, '2024-02-25 01:26:12'),
(359, 359, 144, '2024-02-25 01:26:12'),
(360, 360, 216, '2024-02-25 01:26:12'),
(361, 361, 100, '2024-02-25 01:26:12'),
(362, 362, 69, '2024-02-25 01:26:12'),
(363, 363, 109, '2024-02-25 01:26:12'),
(364, 364, 190, '2024-02-25 01:26:12'),
(365, 365, 129, '2024-02-25 01:26:12'),
(366, 366, 172, '2024-02-25 01:26:12'),
(367, 367, 107, '2024-02-25 01:26:12'),
(368, 368, 180, '2024-02-25 01:26:12'),
(369, 369, 88, '2024-02-25 01:26:12'),
(370, 370, 98, '2024-02-25 01:26:12'),
(371, 371, 113, '2024-02-25 01:26:12'),
(372, 372, 156, '2024-02-25 01:26:12'),
(373, 373, 114, '2024-02-25 01:26:12'),
(374, 374, 156, '2024-02-25 01:26:12'),
(375, 375, 156, '2024-02-25 01:26:12'),
(376, 376, 130, '2024-02-25 01:26:12'),
(377, 377, 48, '2024-02-25 01:26:12'),
(378, 378, 175, '2024-02-25 01:26:12'),
(379, 379, 149, '2024-02-25 01:26:12'),
(380, 380, 121, '2024-02-25 01:26:12'),
(381, 381, 19, '2024-02-25 01:26:12'),
(382, 382, 205, '2024-02-25 01:26:12'),
(383, 383, 216, '2024-02-25 01:26:12'),
(384, 384, 4, '2024-02-25 01:26:12'),
(385, 385, 65, '2024-02-25 01:26:12'),
(386, 386, 215, '2024-02-25 01:26:12'),
(387, 387, 213, '2024-02-25 01:26:12'),
(388, 388, 106, '2024-02-25 01:26:12'),
(389, 389, 6, '2024-02-25 01:26:12'),
(390, 390, 130, '2024-02-25 01:26:12'),
(391, 391, 122, '2024-02-25 01:26:12'),
(392, 392, 46, '2024-02-25 01:26:12'),
(393, 393, 46, '2024-02-25 01:26:12'),
(394, 394, 218, '2024-02-25 01:26:12'),
(395, 395, 123, '2024-02-25 01:26:12'),
(396, 396, 146, '2024-02-25 01:26:12'),
(397, 397, 168, '2024-02-25 01:26:12'),
(398, 398, 120, '2024-02-25 01:26:12'),
(399, 399, 112, '2024-02-25 01:26:12'),
(400, 400, 207, '2024-02-25 01:26:12'),
(401, 401, 73, '2024-02-25 01:26:12'),
(402, 402, 168, '2024-02-25 01:26:12'),
(403, 403, 151, '2024-02-25 01:26:12'),
(404, 404, 68, '2024-02-25 01:26:12'),
(405, 405, 215, '2024-02-25 01:26:12'),
(406, 406, 170, '2024-02-25 01:26:12'),
(407, 407, 117, '2024-02-25 01:26:12'),
(408, 408, 135, '2024-02-25 01:26:12'),
(409, 409, 175, '2024-02-25 01:26:12'),
(410, 410, 132, '2024-02-25 01:26:12'),
(411, 411, 102, '2024-02-25 01:26:12'),
(412, 412, 122, '2024-02-25 01:26:12'),
(413, 413, 132, '2024-02-25 01:26:12'),
(414, 414, 203, '2024-02-25 01:26:12'),
(415, 415, 120, '2024-02-25 01:26:13'),
(416, 416, 133, '2024-02-25 01:26:13'),
(417, 417, 171, '2024-02-25 01:26:13'),
(418, 418, 190, '2024-02-25 01:26:13'),
(419, 419, 137, '2024-02-25 01:26:13'),
(420, 420, 117, '2024-02-25 01:26:13'),
(421, 421, 188, '2024-02-25 01:26:13'),
(422, 422, 196, '2024-02-25 01:26:13'),
(423, 423, 153, '2024-02-25 01:26:13'),
(424, 424, 81, '2024-02-25 01:26:13'),
(425, 425, 139, '2024-02-25 01:26:13'),
(426, 426, 210, '2024-02-25 01:26:13'),
(427, 427, 118, '2024-02-25 01:26:13'),
(428, 428, 156, '2024-02-25 01:26:13'),
(429, 429, 140, '2024-02-25 01:26:13'),
(430, 430, 101, '2024-02-25 01:26:13'),
(431, 431, 134, '2024-02-25 01:26:13'),
(432, 432, 174, '2024-02-25 01:26:13'),
(433, 433, 180, '2024-02-25 01:26:13'),
(434, 434, 17, '2024-02-25 01:26:13'),
(435, 435, 108, '2024-02-25 01:26:13'),
(436, 436, 200, '2024-02-25 01:26:13'),
(437, 437, 38, '2024-02-25 01:26:13'),
(438, 438, 101, '2024-02-25 01:26:13'),
(439, 439, 108, '2024-02-25 01:26:13'),
(440, 440, 150, '2024-02-25 01:26:13'),
(441, 441, 49, '2024-02-25 01:26:13'),
(442, 442, 203, '2024-02-25 01:26:13'),
(443, 443, 96, '2024-02-25 01:26:13'),
(444, 444, 214, '2024-02-25 01:26:13'),
(445, 445, 120, '2024-02-25 01:26:13'),
(446, 446, 81, '2024-02-25 01:26:13'),
(447, 447, 159, '2024-02-25 01:26:13'),
(448, 448, 36, '2024-02-25 01:26:13'),
(449, 449, 3, '2024-02-25 01:26:13'),
(450, 450, 28, '2024-02-25 01:26:13'),
(451, 451, 192, '2024-02-25 01:26:13'),
(452, 452, 150, '2024-02-25 01:26:13'),
(453, 453, 150, '2024-02-25 01:26:13'),
(454, 454, 64, '2024-02-25 01:26:13'),
(455, 455, 192, '2024-02-25 01:26:13'),
(456, 456, 90, '2024-02-25 01:26:13'),
(457, 457, 161, '2024-02-25 01:26:13'),
(458, 458, 10, '2024-02-25 01:26:13'),
(459, 459, 89, '2024-02-25 01:26:13'),
(460, 460, 117, '2024-02-25 01:26:13'),
(461, 461, 86, '2024-02-25 01:26:13'),
(462, 462, 78, '2024-02-25 01:26:13'),
(463, 463, 90, '2024-02-25 01:26:13'),
(464, 464, 126, '2024-02-25 01:26:13'),
(465, 465, 216, '2024-02-25 01:26:13'),
(466, 466, 7, '2024-02-25 01:26:13'),
(467, 467, 103, '2024-02-25 01:26:13'),
(468, 468, 1, '2024-02-25 01:26:13'),
(469, 469, 159, '2024-02-25 01:26:13'),
(470, 470, 26, '2024-02-25 01:26:13'),
(471, 471, 82, '2024-02-25 01:26:13'),
(472, 472, 153, '2024-02-25 01:26:13'),
(473, 473, 72, '2024-02-25 01:26:13'),
(474, 474, 95, '2024-02-25 01:26:13'),
(475, 475, 7, '2024-02-25 01:26:13'),
(476, 476, 37, '2024-02-25 01:26:13'),
(477, 477, 108, '2024-02-25 01:26:13'),
(478, 478, 163, '2024-02-25 01:26:13'),
(479, 479, 197, '2024-02-25 01:26:13'),
(480, 480, 117, '2024-02-25 01:26:13'),
(481, 481, 6, '2024-02-25 01:26:13'),
(482, 482, 127, '2024-02-25 01:26:13'),
(483, 483, 215, '2024-02-25 01:26:13'),
(484, 484, 47, '2024-02-25 01:26:13'),
(485, 485, 142, '2024-02-25 01:26:13'),
(486, 486, 103, '2024-02-25 01:26:13'),
(487, 487, 11, '2024-02-25 01:26:13'),
(488, 488, 141, '2024-02-25 01:26:13'),
(489, 489, 218, '2024-02-25 01:26:13'),
(490, 490, 200, '2024-02-25 01:26:13'),
(491, 491, 155, '2024-02-25 01:26:13'),
(492, 492, 90, '2024-02-25 01:26:13'),
(493, 493, 205, '2024-02-25 01:26:13'),
(494, 494, 185, '2024-02-25 01:26:13'),
(495, 495, 56, '2024-02-25 01:26:13'),
(496, 496, 70, '2024-02-25 01:26:13'),
(497, 497, 44, '2024-02-25 01:26:13'),
(498, 498, 148, '2024-02-25 01:26:13'),
(499, 499, 148, '2024-02-25 01:26:13'),
(500, 500, 203, '2024-02-25 01:26:13'),
(501, 501, 117, '2024-02-25 01:26:13'),
(502, 502, 2, '2024-02-25 01:26:13'),
(503, 503, 2, '2024-02-25 01:26:13'),
(504, 504, 57, '2024-02-25 01:26:13'),
(505, 505, 116, '2024-02-25 01:26:13'),
(506, 506, 125, '2024-02-25 01:26:13'),
(507, 507, 85, '2024-02-25 01:26:13'),
(508, 508, 120, '2024-02-25 01:26:13'),
(509, 509, 70, '2024-02-25 01:26:14'),
(510, 510, 53, '2024-02-25 01:26:14'),
(511, 511, 72, '2024-02-25 01:26:14'),
(512, 512, 161, '2024-02-25 01:26:14'),
(513, 513, 89, '2024-02-25 01:26:14'),
(514, 514, 77, '2024-02-25 01:26:14'),
(515, 515, 62, '2024-02-25 01:26:14'),
(516, 516, 12, '2024-02-25 01:26:14'),
(517, 517, 114, '2024-02-25 01:26:14'),
(518, 518, 23, '2024-02-25 01:26:14'),
(519, 519, 7, '2024-02-25 01:26:14'),
(520, 520, 50, '2024-02-25 01:26:14'),
(521, 521, 95, '2024-02-25 01:26:14'),
(522, 522, 152, '2024-02-25 01:26:14'),
(523, 523, 32, '2024-02-25 01:26:14'),
(524, 524, 97, '2024-02-25 01:26:14'),
(525, 525, 107, '2024-02-25 01:26:14'),
(526, 526, 120, '2024-02-25 01:26:14'),
(527, 527, 172, '2024-02-25 01:26:14'),
(528, 528, 23, '2024-02-25 01:26:14'),
(529, 529, 205, '2024-02-25 01:26:14'),
(530, 530, 5, '2024-02-25 01:26:14'),
(531, 531, 220, '2024-02-25 01:26:14'),
(532, 532, 84, '2024-02-25 01:26:14'),
(533, 533, 202, '2024-02-25 01:26:14'),
(534, 534, 8, '2024-02-25 01:26:14'),
(535, 535, 123, '2024-02-25 01:26:14'),
(536, 536, 183, '2024-02-25 01:26:14'),
(537, 537, 116, '2024-02-25 01:26:14'),
(538, 538, 59, '2024-02-25 01:26:14'),
(539, 539, 204, '2024-02-25 01:26:14'),
(540, 540, 181, '2024-02-25 01:26:14'),
(541, 541, 130, '2024-02-25 01:26:14'),
(542, 542, 217, '2024-02-25 01:26:14'),
(543, 543, 64, '2024-02-25 01:26:14'),
(544, 544, 47, '2024-02-25 01:26:14'),
(545, 545, 129, '2024-02-25 01:26:14'),
(546, 546, 6, '2024-02-25 01:26:14'),
(547, 547, 11, '2024-02-25 01:26:14'),
(548, 548, 17, '2024-02-25 01:26:14'),
(549, 549, 98, '2024-02-25 01:26:14'),
(550, 550, 195, '2024-02-25 01:26:14'),
(551, 551, 115, '2024-02-25 01:26:14'),
(552, 552, 22, '2024-02-25 01:26:14'),
(553, 553, 167, '2024-02-25 01:26:14'),
(554, 554, 4, '2024-02-25 01:26:14'),
(555, 555, 82, '2024-02-25 01:26:14'),
(556, 556, 213, '2024-02-25 01:26:14'),
(557, 557, 95, '2024-02-25 01:26:14'),
(558, 558, 11, '2024-02-25 01:26:14'),
(559, 559, 1, '2024-02-25 01:26:14'),
(560, 560, 29, '2024-02-25 01:26:14'),
(561, 561, 8, '2024-02-25 01:26:14'),
(562, 562, 112, '2024-02-25 01:26:14'),
(563, 563, 103, '2024-02-25 01:26:14'),
(564, 564, 3, '2024-02-25 01:26:14'),
(565, 565, 213, '2024-02-25 01:26:14'),
(566, 566, 134, '2024-02-25 01:26:14'),
(567, 567, 106, '2024-02-25 01:26:14'),
(568, 568, 154, '2024-02-25 01:26:14'),
(569, 569, 29, '2024-02-25 01:26:14'),
(570, 570, 219, '2024-02-25 01:26:14'),
(571, 571, 90, '2024-02-25 01:26:14'),
(572, 572, 4, '2024-02-25 01:26:14'),
(573, 573, 213, '2024-02-25 01:26:14'),
(574, 574, 172, '2024-02-25 01:26:14'),
(575, 575, 10, '2024-02-25 01:26:14'),
(576, 576, 45, '2024-02-25 01:26:14'),
(577, 577, 1, '2024-02-25 01:26:14'),
(578, 578, 185, '2024-02-25 01:26:14'),
(579, 579, 204, '2024-02-25 01:26:14'),
(580, 580, 202, '2024-02-25 01:26:14'),
(581, 581, 158, '2024-02-25 01:26:14'),
(582, 582, 164, '2024-02-25 01:26:14'),
(583, 583, 38, '2024-02-25 01:26:14'),
(584, 584, 192, '2024-02-25 01:26:14'),
(585, 585, 23, '2024-02-25 01:26:14'),
(586, 586, 193, '2024-02-25 01:26:14'),
(587, 587, 52, '2024-02-25 01:26:14'),
(588, 588, 2, '2024-02-25 01:26:14'),
(589, 589, 126, '2024-02-25 01:26:14'),
(590, 590, 52, '2024-02-25 01:26:14'),
(591, 591, 165, '2024-02-25 01:26:14'),
(592, 592, 77, '2024-02-25 01:26:14'),
(593, 593, 143, '2024-02-25 01:26:14'),
(594, 594, 97, '2024-02-25 01:26:14'),
(595, 595, 61, '2024-02-25 01:26:14'),
(596, 596, 64, '2024-02-25 01:26:15'),
(597, 597, 33, '2024-02-25 01:26:15'),
(598, 598, 200, '2024-02-25 01:26:15'),
(599, 599, 137, '2024-02-25 01:26:15'),
(600, 600, 109, '2024-02-25 01:26:15'),
(601, 601, 17, '2024-02-25 01:26:15'),
(602, 602, 202, '2024-02-25 01:26:15'),
(603, 603, 65, '2024-02-25 01:26:15'),
(604, 604, 19, '2024-02-25 01:26:15'),
(605, 605, 145, '2024-02-25 01:26:15'),
(606, 606, 19, '2024-02-25 01:26:15'),
(607, 607, 19, '2024-02-25 01:26:15'),
(608, 608, 94, '2024-02-25 01:26:15'),
(609, 609, 11, '2024-02-25 01:26:15'),
(610, 610, 125, '2024-02-25 01:26:15'),
(611, 611, 206, '2024-02-25 01:26:15'),
(612, 612, 151, '2024-02-25 01:26:15'),
(613, 613, 203, '2024-02-25 01:26:15'),
(614, 614, 79, '2024-02-25 01:26:15'),
(615, 615, 93, '2024-02-25 01:26:15'),
(616, 616, 169, '2024-02-25 01:26:15'),
(617, 617, 105, '2024-02-25 01:26:15'),
(618, 618, 123, '2024-02-25 01:26:15'),
(619, 619, 194, '2024-02-25 01:26:15'),
(620, 620, 55, '2024-02-25 01:26:15'),
(621, 621, 101, '2024-02-25 01:26:15'),
(622, 622, 107, '2024-02-25 01:26:15'),
(623, 623, 64, '2024-02-25 01:26:15'),
(624, 624, 157, '2024-02-25 01:26:15'),
(625, 625, 179, '2024-02-25 01:26:15'),
(626, 626, 189, '2024-02-25 01:26:15'),
(627, 627, 204, '2024-02-25 01:26:15'),
(628, 628, 213, '2024-02-25 01:26:15'),
(629, 629, 67, '2024-02-25 01:26:15'),
(630, 630, 64, '2024-02-25 01:26:15'),
(631, 631, 220, '2024-02-25 01:26:15'),
(632, 632, 64, '2024-02-25 01:26:15'),
(633, 633, 54, '2024-02-25 01:26:15'),
(634, 634, 182, '2024-02-25 01:26:15'),
(635, 635, 192, '2024-02-25 01:26:15'),
(636, 636, 183, '2024-02-25 01:26:15'),
(637, 637, 137, '2024-02-25 01:26:15'),
(638, 638, 161, '2024-02-25 01:26:15'),
(639, 639, 197, '2024-02-25 01:26:15'),
(640, 640, 44, '2024-02-25 01:26:15'),
(641, 641, 39, '2024-02-25 01:26:15'),
(642, 642, 59, '2024-02-25 01:26:15'),
(643, 643, 64, '2024-02-25 01:26:15'),
(644, 644, 195, '2024-02-25 01:26:15'),
(645, 645, 105, '2024-02-25 01:26:15'),
(646, 646, 19, '2024-02-25 01:26:15'),
(647, 647, 166, '2024-02-25 01:26:15'),
(648, 648, 171, '2024-02-25 01:26:15'),
(649, 649, 36, '2024-02-25 01:26:15'),
(650, 650, 134, '2024-02-25 01:26:15'),
(651, 651, 86, '2024-02-25 01:26:15'),
(652, 652, 186, '2024-02-25 01:26:15'),
(653, 653, 46, '2024-02-25 01:26:15'),
(654, 654, 116, '2024-02-25 01:26:15'),
(655, 655, 129, '2024-02-25 01:26:15'),
(656, 656, 72, '2024-02-25 01:26:15'),
(657, 657, 108, '2024-02-25 01:26:15'),
(658, 658, 103, '2024-02-25 01:26:15'),
(659, 659, 203, '2024-02-25 01:26:15'),
(660, 660, 165, '2024-02-25 01:26:15'),
(661, 661, 71, '2024-02-25 01:26:15'),
(662, 662, 58, '2024-02-25 01:26:15'),
(663, 663, 140, '2024-02-25 01:26:15'),
(664, 664, 96, '2024-02-25 01:26:15'),
(665, 665, 177, '2024-02-25 01:26:15'),
(666, 666, 78, '2024-02-25 01:26:15'),
(667, 667, 172, '2024-02-25 01:26:15'),
(668, 668, 145, '2024-02-25 01:26:15'),
(669, 669, 40, '2024-02-25 01:26:15'),
(670, 670, 84, '2024-02-25 01:26:15'),
(671, 671, 92, '2024-02-25 01:26:15'),
(672, 672, 16, '2024-02-25 01:26:15'),
(673, 673, 81, '2024-02-25 01:26:15'),
(674, 674, 83, '2024-02-25 01:26:15'),
(675, 675, 76, '2024-02-25 01:26:15'),
(676, 676, 18, '2024-02-25 01:26:15'),
(677, 677, 220, '2024-02-25 01:26:15'),
(678, 678, 78, '2024-02-25 01:26:15'),
(679, 679, 149, '2024-02-25 01:26:15'),
(680, 680, 22, '2024-02-25 01:26:15'),
(681, 681, 58, '2024-02-25 01:26:15'),
(682, 682, 131, '2024-02-25 01:26:15'),
(683, 683, 125, '2024-02-25 01:26:16'),
(684, 684, 145, '2024-02-25 01:26:16'),
(685, 685, 31, '2024-02-25 01:26:16'),
(686, 686, 99, '2024-02-25 01:26:16'),
(687, 687, 165, '2024-02-25 01:26:16'),
(688, 688, 95, '2024-02-25 01:26:16'),
(689, 689, 124, '2024-02-25 01:26:16'),
(690, 690, 124, '2024-02-25 01:26:16'),
(691, 691, 167, '2024-02-25 01:26:16'),
(692, 692, 134, '2024-02-25 01:26:16'),
(693, 693, 122, '2024-02-25 01:26:16'),
(694, 694, 44, '2024-02-25 01:26:16'),
(695, 695, 116, '2024-02-25 01:26:16'),
(696, 696, 2, '2024-02-25 01:26:16'),
(697, 697, 62, '2024-02-25 01:26:16'),
(698, 698, 9, '2024-02-25 01:26:16'),
(699, 699, 199, '2024-02-25 01:26:16'),
(700, 700, 55, '2024-02-25 01:26:16'),
(701, 701, 168, '2024-02-25 01:26:16'),
(702, 702, 48, '2024-02-25 01:26:16'),
(703, 703, 117, '2024-02-25 01:26:16'),
(704, 704, 158, '2024-02-25 01:26:16'),
(705, 705, 16, '2024-02-25 01:26:16'),
(706, 706, 25, '2024-02-25 01:26:16'),
(707, 707, 214, '2024-02-25 01:26:16'),
(708, 708, 164, '2024-02-25 01:26:16'),
(709, 709, 12, '2024-02-25 01:26:16'),
(710, 710, 100, '2024-02-25 01:26:16'),
(711, 711, 75, '2024-02-25 01:26:16'),
(712, 712, 222, '2024-02-25 01:26:16'),
(713, 713, 140, '2024-02-25 01:26:16'),
(714, 714, 107, '2024-02-25 01:26:16'),
(715, 715, 200, '2024-02-25 01:26:16'),
(716, 716, 30, '2024-02-25 01:26:16'),
(717, 717, 172, '2024-02-25 01:26:16'),
(718, 718, 134, '2024-02-25 01:26:16'),
(719, 719, 16, '2024-02-25 01:26:16'),
(720, 720, 185, '2024-02-25 01:26:16'),
(721, 721, 58, '2024-02-25 01:26:16'),
(722, 722, 3, '2024-02-25 01:26:16'),
(723, 723, 91, '2024-02-25 01:26:16'),
(724, 724, 76, '2024-02-25 01:26:16'),
(725, 725, 210, '2024-02-25 01:26:16'),
(726, 726, 56, '2024-02-25 01:26:16'),
(727, 727, 102, '2024-02-25 01:26:16'),
(728, 728, 42, '2024-02-25 01:26:16'),
(729, 729, 160, '2024-02-25 01:26:16'),
(730, 730, 209, '2024-02-25 01:26:16'),
(731, 731, 190, '2024-02-25 01:26:16'),
(732, 732, 196, '2024-02-25 01:26:16'),
(733, 733, 121, '2024-02-25 01:26:16'),
(734, 734, 39, '2024-02-25 01:26:16'),
(735, 735, 84, '2024-02-25 01:26:16'),
(736, 736, 124, '2024-02-25 01:26:16'),
(737, 737, 187, '2024-02-25 01:26:16'),
(738, 738, 18, '2024-02-25 01:26:16'),
(739, 739, 51, '2024-02-25 01:26:16'),
(740, 740, 161, '2024-02-25 01:26:16'),
(741, 741, 208, '2024-02-25 01:26:16'),
(742, 742, 135, '2024-02-25 01:26:16'),
(743, 743, 209, '2024-02-25 01:26:16'),
(744, 744, 64, '2024-02-25 01:26:16'),
(745, 745, 84, '2024-02-25 01:26:16'),
(746, 746, 217, '2024-02-25 01:26:16'),
(747, 747, 110, '2024-02-25 01:26:16'),
(748, 748, 32, '2024-02-25 01:26:16'),
(749, 749, 121, '2024-02-25 01:26:16'),
(750, 750, 14, '2024-02-25 01:26:16'),
(751, 751, 184, '2024-02-25 01:26:16'),
(752, 752, 142, '2024-02-25 01:26:16'),
(753, 753, 142, '2024-02-25 01:26:16'),
(754, 754, 93, '2024-02-25 01:26:16'),
(755, 755, 193, '2024-02-25 01:26:16'),
(756, 756, 107, '2024-02-25 01:26:16'),
(757, 757, 124, '2024-02-25 01:26:16'),
(758, 758, 64, '2024-02-25 01:26:16'),
(759, 759, 146, '2024-02-25 01:26:16'),
(760, 760, 164, '2024-02-25 01:26:16'),
(761, 761, 114, '2024-02-25 01:26:16'),
(762, 762, 198, '2024-02-25 01:26:16'),
(763, 763, 185, '2024-02-25 01:26:16'),
(764, 764, 184, '2024-02-25 01:26:16'),
(765, 765, 26, '2024-02-25 01:26:16'),
(766, 766, 68, '2024-02-25 01:26:16'),
(767, 767, 153, '2024-02-25 01:26:16'),
(768, 768, 205, '2024-02-25 01:26:16'),
(769, 769, 20, '2024-02-25 01:26:16'),
(770, 770, 196, '2024-02-25 01:26:16'),
(771, 771, 189, '2024-02-25 01:26:17'),
(772, 772, 29, '2024-02-25 01:26:17'),
(773, 773, 191, '2024-02-25 01:26:17'),
(774, 774, 136, '2024-02-25 01:26:17'),
(775, 775, 142, '2024-02-25 01:26:17'),
(776, 776, 150, '2024-02-25 01:26:17'),
(777, 777, 191, '2024-02-25 01:26:17'),
(778, 778, 2, '2024-02-25 01:26:17'),
(779, 779, 76, '2024-02-25 01:26:17'),
(780, 780, 151, '2024-02-25 01:26:17'),
(781, 781, 24, '2024-02-25 01:26:17'),
(782, 782, 60, '2024-02-25 01:26:17'),
(783, 783, 100, '2024-02-25 01:26:17'),
(784, 784, 57, '2024-02-25 01:26:17'),
(785, 785, 41, '2024-02-25 01:26:17'),
(786, 786, 217, '2024-02-25 01:26:17'),
(787, 787, 106, '2024-02-25 01:26:17'),
(788, 788, 127, '2024-02-25 01:26:17'),
(789, 789, 87, '2024-02-25 01:26:17'),
(790, 790, 90, '2024-02-25 01:26:17'),
(791, 791, 132, '2024-02-25 01:26:17'),
(792, 792, 45, '2024-02-25 01:26:17'),
(793, 793, 109, '2024-02-25 01:26:17'),
(794, 794, 52, '2024-02-25 01:26:17'),
(795, 795, 8, '2024-02-25 01:26:17'),
(796, 796, 43, '2024-02-25 01:26:17'),
(797, 797, 49, '2024-02-25 01:26:17'),
(798, 798, 136, '2024-02-25 01:26:17'),
(799, 799, 54, '2024-02-25 01:26:17'),
(800, 800, 91, '2024-02-25 01:26:17'),
(801, 801, 31, '2024-02-25 01:26:17'),
(802, 802, 205, '2024-02-25 01:26:17'),
(803, 803, 161, '2024-02-25 01:26:17'),
(804, 804, 24, '2024-02-25 01:26:17'),
(805, 805, 142, '2024-02-25 01:26:17'),
(806, 806, 211, '2024-02-25 01:26:17'),
(807, 807, 192, '2024-02-25 01:26:17'),
(808, 808, 91, '2024-02-25 01:26:17'),
(809, 809, 137, '2024-02-25 01:26:17'),
(810, 810, 62, '2024-02-25 01:26:17'),
(811, 811, 134, '2024-02-25 01:26:17'),
(812, 812, 177, '2024-02-25 01:26:17'),
(813, 813, 92, '2024-02-25 01:26:17'),
(814, 814, 189, '2024-02-25 01:26:17'),
(815, 815, 79, '2024-02-25 01:26:17'),
(816, 816, 176, '2024-02-25 01:26:17'),
(817, 817, 52, '2024-02-25 01:26:17'),
(818, 818, 175, '2024-02-25 01:26:17'),
(819, 819, 49, '2024-02-25 01:26:17'),
(820, 820, 121, '2024-02-25 01:26:17'),
(821, 821, 126, '2024-02-25 01:26:17'),
(822, 822, 13, '2024-02-25 01:26:17'),
(823, 823, 104, '2024-02-25 01:26:17'),
(824, 824, 190, '2024-02-25 01:26:17'),
(825, 825, 124, '2024-02-25 01:26:17'),
(826, 826, 47, '2024-02-25 01:26:17'),
(827, 827, 209, '2024-02-25 01:26:17'),
(828, 828, 221, '2024-02-25 01:26:17'),
(829, 829, 220, '2024-02-25 01:26:17'),
(830, 830, 191, '2024-02-25 01:26:17'),
(831, 831, 19, '2024-02-25 01:26:17'),
(832, 832, 137, '2024-02-25 01:26:17'),
(833, 833, 73, '2024-02-25 01:26:17'),
(834, 834, 221, '2024-02-25 01:26:17'),
(835, 835, 168, '2024-02-25 01:26:17'),
(836, 836, 5, '2024-02-25 01:26:17'),
(837, 837, 14, '2024-02-25 01:26:17'),
(838, 838, 190, '2024-02-25 01:26:17'),
(839, 839, 148, '2024-02-25 01:26:17'),
(840, 840, 209, '2024-02-25 01:26:17'),
(841, 841, 126, '2024-02-25 01:26:17'),
(842, 842, 187, '2024-02-25 01:26:17'),
(843, 843, 161, '2024-02-25 01:26:17'),
(844, 844, 156, '2024-02-25 01:26:17'),
(845, 845, 122, '2024-02-25 01:26:17'),
(846, 846, 202, '2024-02-25 01:26:17'),
(847, 847, 188, '2024-02-25 01:26:17'),
(848, 848, 87, '2024-02-25 01:26:17'),
(849, 849, 107, '2024-02-25 01:26:17'),
(850, 850, 89, '2024-02-25 01:26:17'),
(851, 851, 193, '2024-02-25 01:26:17'),
(852, 852, 33, '2024-02-25 01:26:17'),
(853, 853, 157, '2024-02-25 01:26:17'),
(854, 854, 153, '2024-02-25 01:26:17'),
(855, 855, 90, '2024-02-25 01:26:17'),
(856, 856, 190, '2024-02-25 01:26:17'),
(857, 857, 57, '2024-02-25 01:26:18'),
(858, 858, 51, '2024-02-25 01:26:18'),
(859, 859, 69, '2024-02-25 01:26:18'),
(860, 860, 176, '2024-02-25 01:26:18'),
(861, 861, 189, '2024-02-25 01:26:18'),
(862, 862, 21, '2024-02-25 01:26:18'),
(863, 863, 192, '2024-02-25 01:26:18'),
(864, 864, 112, '2024-02-25 01:26:18'),
(865, 865, 129, '2024-02-25 01:26:18'),
(866, 866, 177, '2024-02-25 01:26:18'),
(867, 867, 110, '2024-02-25 01:26:18'),
(868, 868, 178, '2024-02-25 01:26:18'),
(869, 869, 215, '2024-02-25 01:26:18'),
(870, 870, 33, '2024-02-25 01:26:18'),
(871, 871, 89, '2024-02-25 01:26:18'),
(872, 872, 37, '2024-02-25 01:26:18'),
(873, 873, 75, '2024-02-25 01:26:18'),
(874, 874, 187, '2024-02-25 01:26:18'),
(875, 875, 33, '2024-02-25 01:26:18'),
(876, 876, 87, '2024-02-25 01:26:18'),
(877, 877, 50, '2024-02-25 01:26:18'),
(878, 878, 169, '2024-02-25 01:26:18'),
(879, 879, 156, '2024-02-25 01:26:18'),
(880, 880, 159, '2024-02-25 01:26:18'),
(881, 881, 39, '2024-02-25 01:26:18'),
(882, 882, 155, '2024-02-25 01:26:18'),
(883, 883, 118, '2024-02-25 01:26:18'),
(884, 884, 28, '2024-02-25 01:26:18'),
(885, 885, 173, '2024-02-25 01:26:18'),
(886, 886, 78, '2024-02-25 01:26:18'),
(887, 887, 200, '2024-02-25 01:26:18'),
(888, 888, 220, '2024-02-25 01:26:18'),
(889, 889, 95, '2024-02-25 01:26:18'),
(890, 890, 197, '2024-02-25 01:26:18'),
(891, 891, 140, '2024-02-25 01:26:18'),
(892, 892, 42, '2024-02-25 01:26:18'),
(893, 893, 221, '2024-02-25 01:26:18'),
(894, 894, 123, '2024-02-25 01:26:18'),
(895, 895, 123, '2024-02-25 01:26:18'),
(896, 896, 19, '2024-02-25 01:26:18'),
(897, 897, 75, '2024-02-25 01:26:18'),
(898, 898, 96, '2024-02-25 01:26:18'),
(899, 899, 56, '2024-02-25 01:26:18'),
(900, 900, 166, '2024-02-25 01:26:18'),
(901, 901, 83, '2024-02-25 01:26:18'),
(902, 902, 201, '2024-02-25 01:26:18'),
(903, 903, 23, '2024-02-25 01:26:18'),
(904, 904, 104, '2024-02-25 01:26:18'),
(905, 905, 43, '2024-02-25 01:26:18'),
(906, 906, 133, '2024-02-25 01:26:18'),
(907, 907, 4, '2024-02-25 01:26:18'),
(908, 908, 137, '2024-02-25 01:26:18'),
(909, 909, 167, '2024-02-25 01:26:18'),
(910, 910, 12, '2024-02-25 01:26:18'),
(911, 911, 211, '2024-02-25 01:26:18'),
(912, 912, 31, '2024-02-25 01:26:18'),
(913, 913, 8, '2024-02-25 01:26:18'),
(914, 914, 21, '2024-02-25 01:26:18'),
(915, 915, 163, '2024-02-25 01:26:18'),
(916, 916, 51, '2024-02-25 01:26:18'),
(917, 917, 149, '2024-02-25 01:26:18'),
(918, 918, 197, '2024-02-25 01:26:18'),
(919, 919, 196, '2024-02-25 01:26:18'),
(920, 920, 142, '2024-02-25 01:26:18'),
(921, 921, 50, '2024-02-25 01:26:18'),
(922, 922, 136, '2024-02-25 01:26:18'),
(923, 923, 29, '2024-02-25 01:26:18'),
(924, 924, 140, '2024-02-25 01:26:18'),
(925, 925, 140, '2024-02-25 01:26:18'),
(926, 926, 157, '2024-02-25 01:26:18'),
(927, 927, 103, '2024-02-25 01:26:18'),
(928, 928, 56, '2024-02-25 01:26:18'),
(929, 929, 127, '2024-02-25 01:26:18'),
(930, 930, 59, '2024-02-25 01:26:18'),
(931, 931, 205, '2024-02-25 01:26:18'),
(932, 932, 158, '2024-02-25 01:26:18'),
(933, 933, 76, '2024-02-25 01:26:18'),
(934, 934, 165, '2024-02-25 01:26:18'),
(935, 935, 159, '2024-02-25 01:26:18'),
(936, 936, 86, '2024-02-25 01:26:18'),
(937, 937, 76, '2024-02-25 01:26:18'),
(938, 938, 21, '2024-02-25 01:26:18'),
(939, 939, 17, '2024-02-25 01:26:18'),
(940, 940, 55, '2024-02-25 01:26:18'),
(941, 941, 82, '2024-02-25 01:26:18'),
(942, 942, 15, '2024-02-25 01:26:18'),
(943, 943, 121, '2024-02-25 01:26:18'),
(944, 944, 37, '2024-02-25 01:26:18'),
(945, 945, 166, '2024-02-25 01:26:18'),
(946, 946, 52, '2024-02-25 01:26:18'),
(947, 947, 70, '2024-02-25 01:26:18'),
(948, 948, 127, '2024-02-25 01:26:19'),
(949, 949, 62, '2024-02-25 01:26:19'),
(950, 950, 164, '2024-02-25 01:26:19'),
(951, 951, 89, '2024-02-25 01:26:19'),
(952, 952, 154, '2024-02-25 01:26:19'),
(953, 953, 72, '2024-02-25 01:26:19'),
(954, 954, 207, '2024-02-25 01:26:19'),
(955, 955, 6, '2024-02-25 01:26:19'),
(956, 956, 199, '2024-02-25 01:26:19'),
(957, 957, 57, '2024-02-25 01:26:19'),
(958, 958, 81, '2024-02-25 01:26:19'),
(959, 959, 167, '2024-02-25 01:26:19'),
(960, 960, 45, '2024-02-25 01:26:19'),
(961, 961, 29, '2024-02-25 01:26:19'),
(962, 962, 1, '2024-02-25 01:26:19'),
(963, 963, 102, '2024-02-25 01:26:19'),
(964, 964, 170, '2024-02-25 01:26:19'),
(965, 965, 34, '2024-02-25 01:26:19'),
(966, 966, 59, '2024-02-25 01:26:19'),
(967, 967, 162, '2024-02-25 01:26:19'),
(968, 968, 220, '2024-02-25 01:26:19'),
(969, 969, 142, '2024-02-25 01:26:19'),
(970, 970, 221, '2024-02-25 01:26:19'),
(971, 971, 157, '2024-02-25 01:26:19'),
(972, 972, 5, '2024-02-25 01:26:19'),
(973, 973, 219, '2024-02-25 01:26:19'),
(974, 974, 11, '2024-02-25 01:26:19'),
(975, 975, 78, '2024-02-25 01:26:19'),
(976, 976, 173, '2024-02-25 01:26:19'),
(977, 977, 51, '2024-02-25 01:26:19'),
(978, 978, 112, '2024-02-25 01:26:19'),
(979, 979, 62, '2024-02-25 01:26:19'),
(980, 980, 19, '2024-02-25 01:26:19'),
(981, 981, 177, '2024-02-25 01:26:19'),
(982, 982, 199, '2024-02-25 01:26:19'),
(983, 983, 81, '2024-02-25 01:26:19'),
(984, 984, 31, '2024-02-25 01:26:19'),
(985, 985, 213, '2024-02-25 01:26:19'),
(986, 986, 168, '2024-02-25 01:26:19'),
(987, 987, 30, '2024-02-25 01:26:19'),
(988, 988, 180, '2024-02-25 01:26:19'),
(989, 989, 177, '2024-02-25 01:26:19'),
(990, 990, 201, '2024-02-25 01:26:19'),
(991, 991, 22, '2024-02-25 01:26:19'),
(992, 992, 69, '2024-02-25 01:26:19'),
(993, 993, 131, '2024-02-25 01:26:19'),
(994, 994, 179, '2024-02-25 01:26:19'),
(995, 995, 120, '2024-02-25 01:26:19'),
(996, 996, 148, '2024-02-25 01:26:19'),
(997, 997, 73, '2024-02-25 01:26:19'),
(998, 998, 69, '2024-02-25 01:26:19'),
(999, 999, 168, '2024-02-25 01:26:19'),
(1000, 1000, 81, '2024-02-25 01:26:19'),
(1001, 466, 79, '2024-02-25 01:31:48'),
(1002, 589, 221, '2024-02-25 01:31:48'),
(1003, 385, 159, '2024-02-25 01:31:48'),
(1004, 107, 116, '2024-02-25 01:31:48'),
(1005, 720, 13, '2024-02-25 01:31:48'),
(1006, 9, 52, '2024-02-25 01:31:48'),
(1007, 199, 127, '2024-02-25 01:31:48'),
(1008, 126, 131, '2024-02-25 01:31:48'),
(1009, 10, 26, '2024-02-25 01:31:48'),
(1010, 818, 191, '2024-02-25 01:31:48'),
(1011, 493, 30, '2024-02-25 01:31:48'),
(1012, 195, 214, '2024-02-25 01:31:48'),
(1013, 454, 22, '2024-02-25 01:31:48'),
(1014, 708, 193, '2024-02-25 01:31:48'),
(1015, 355, 164, '2024-02-25 01:31:48'),
(1016, 900, 98, '2024-02-25 01:31:48'),
(1017, 610, 116, '2024-02-25 01:31:48'),
(1018, 488, 23, '2024-02-25 01:31:48'),
(1019, 103, 193, '2024-02-25 01:31:48'),
(1020, 53, 104, '2024-02-25 01:31:48'),
(1021, 785, 115, '2024-02-25 01:31:48'),
(1022, 778, 52, '2024-02-25 01:31:48'),
(1023, 610, 91, '2024-02-25 01:31:48'),
(1024, 660, 193, '2024-02-25 01:31:48'),
(1025, 948, 9, '2024-02-25 01:31:48'),
(1026, 699, 127, '2024-02-25 01:31:48'),
(1027, 76, 146, '2024-02-25 01:31:48'),
(1028, 169, 156, '2024-02-25 01:31:49'),
(1029, 6, 78, '2024-02-25 01:31:49'),
(1030, 474, 47, '2024-02-25 01:31:49'),
(1031, 431, 171, '2024-02-25 01:31:49'),
(1032, 704, 77, '2024-02-25 01:31:49'),
(1033, 808, 95, '2024-02-25 01:31:49'),
(1034, 106, 156, '2024-02-25 01:31:49'),
(1035, 17, 36, '2024-02-25 01:31:49'),
(1036, 203, 137, '2024-02-25 01:31:49'),
(1037, 977, 171, '2024-02-25 01:31:49'),
(1038, 831, 204, '2024-02-25 01:31:49'),
(1039, 673, 180, '2024-02-25 01:31:49'),
(1040, 918, 3, '2024-02-25 01:31:49'),
(1041, 204, 177, '2024-02-25 01:31:49'),
(1042, 566, 167, '2024-02-25 01:31:49'),
(1043, 855, 222, '2024-02-25 01:31:49'),
(1044, 774, 40, '2024-02-25 01:31:49'),
(1045, 376, 18, '2024-02-25 01:31:49'),
(1046, 456, 56, '2024-02-25 01:31:49'),
(1047, 93, 29, '2024-02-25 01:31:49'),
(1048, 14, 129, '2024-02-25 01:31:49'),
(1049, 882, 24, '2024-02-25 01:31:49'),
(1050, 179, 106, '2024-02-25 01:31:49'),
(1051, 957, 6, '2024-02-25 01:31:49'),
(1052, 505, 32, '2024-02-25 01:31:49'),
(1053, 586, 67, '2024-02-25 01:31:49'),
(1054, 328, 211, '2024-02-25 01:31:49'),
(1055, 276, 74, '2024-02-25 01:31:49'),
(1056, 844, 199, '2024-02-25 01:31:49'),
(1057, 797, 37, '2024-02-25 01:31:49'),
(1058, 159, 145, '2024-02-25 01:31:49'),
(1059, 106, 57, '2024-02-25 01:31:49'),
(1060, 821, 185, '2024-02-25 01:31:49'),
(1061, 244, 208, '2024-02-25 01:31:49'),
(1062, 86, 190, '2024-02-25 01:31:49'),
(1063, 163, 116, '2024-02-25 01:31:49'),
(1064, 596, 13, '2024-02-25 01:31:49'),
(1065, 682, 193, '2024-02-25 01:31:49'),
(1066, 198, 72, '2024-02-25 01:31:49'),
(1067, 631, 91, '2024-02-25 01:31:49'),
(1068, 806, 46, '2024-02-25 01:31:49'),
(1069, 430, 20, '2024-02-25 01:31:49'),
(1070, 954, 59, '2024-02-25 01:31:49'),
(1071, 494, 140, '2024-02-25 01:31:49'),
(1072, 860, 100, '2024-02-25 01:31:49'),
(1073, 906, 139, '2024-02-25 01:31:49'),
(1074, 530, 82, '2024-02-25 01:31:49'),
(1075, 335, 177, '2024-02-25 01:31:49'),
(1076, 867, 60, '2024-02-25 01:31:49'),
(1077, 872, 157, '2024-02-25 01:31:49'),
(1078, 182, 93, '2024-02-25 01:31:49'),
(1079, 218, 72, '2024-02-25 01:31:49'),
(1080, 283, 165, '2024-02-25 01:31:49'),
(1081, 807, 165, '2024-02-25 01:31:49'),
(1082, 873, 212, '2024-02-25 01:31:49'),
(1083, 23, 217, '2024-02-25 01:31:49'),
(1084, 46, 217, '2024-02-25 01:31:49'),
(1085, 772, 53, '2024-02-25 01:31:49'),
(1086, 663, 179, '2024-02-25 01:31:49'),
(1087, 749, 76, '2024-02-25 01:31:49'),
(1088, 591, 110, '2024-02-25 01:31:49'),
(1089, 514, 80, '2024-02-25 01:31:49'),
(1090, 334, 161, '2024-02-25 01:31:49'),
(1091, 834, 121, '2024-02-25 01:31:49'),
(1092, 639, 220, '2024-02-25 01:31:49'),
(1093, 583, 113, '2024-02-25 01:31:49'),
(1094, 23, 84, '2024-02-25 01:31:49'),
(1095, 655, 47, '2024-02-25 01:31:49'),
(1096, 640, 183, '2024-02-25 01:31:49'),
(1097, 205, 204, '2024-02-25 01:31:49'),
(1098, 956, 70, '2024-02-25 01:31:49'),
(1099, 908, 77, '2024-02-25 01:31:49'),
(1100, 590, 18, '2024-02-25 01:31:49'),
(1101, 649, 201, '2024-02-25 01:31:49'),
(1102, 1008, 200, '2024-02-25 01:31:49'),
(1103, 838, 38, '2024-02-25 01:31:49'),
(1104, 569, 48, '2024-02-25 01:31:49'),
(1105, 716, 73, '2024-02-25 01:31:49'),
(1106, 472, 169, '2024-02-25 01:31:49'),
(1107, 8, 95, '2024-02-25 01:31:49'),
(1108, 352, 120, '2024-02-25 01:31:49'),
(1109, 259, 103, '2024-02-25 01:31:49'),
(1110, 130, 60, '2024-02-25 01:31:49'),
(1111, 368, 114, '2024-02-25 01:31:49'),
(1112, 664, 213, '2024-02-25 01:31:49'),
(1113, 992, 48, '2024-02-25 01:31:49'),
(1114, 641, 68, '2024-02-25 01:31:49'),
(1115, 444, 24, '2024-02-25 01:31:49'),
(1116, 696, 8, '2024-02-25 01:31:49'),
(1117, 250, 158, '2024-02-25 01:31:49'),
(1118, 325, 202, '2024-02-25 01:31:49'),
(1119, 617, 132, '2024-02-25 01:31:49'),
(1120, 558, 6, '2024-02-25 01:31:49'),
(1121, 507, 151, '2024-02-25 01:31:49'),
(1122, 231, 199, '2024-02-25 01:31:49'),
(1123, 558, 80, '2024-02-25 01:31:49'),
(1124, 720, 76, '2024-02-25 01:31:49'),
(1125, 617, 156, '2024-02-25 01:31:49'),
(1126, 732, 220, '2024-02-25 01:31:49'),
(1127, 106, 153, '2024-02-25 01:31:49'),
(1128, 984, 18, '2024-02-25 01:31:49'),
(1129, 194, 50, '2024-02-25 01:31:49'),
(1130, 823, 55, '2024-02-25 01:31:49'),
(1131, 326, 20, '2024-02-25 01:31:49'),
(1132, 814, 169, '2024-02-25 01:31:49'),
(1133, 264, 5, '2024-02-25 01:31:49'),
(1134, 989, 220, '2024-02-25 01:31:49'),
(1135, 593, 71, '2024-02-25 01:31:49'),
(1136, 1013, 103, '2024-02-25 01:31:49'),
(1137, 478, 191, '2024-02-25 01:31:49'),
(1138, 920, 190, '2024-02-25 01:31:49'),
(1139, 667, 144, '2024-02-25 01:31:49'),
(1140, 108, 144, '2024-02-25 01:31:49'),
(1141, 275, 69, '2024-02-25 01:31:49'),
(1142, 571, 136, '2024-02-25 01:31:49'),
(1143, 79, 72, '2024-02-25 01:31:49'),
(1144, 134, 104, '2024-02-25 01:31:49'),
(1145, 981, 102, '2024-02-25 01:31:49'),
(1146, 139, 92, '2024-02-25 01:31:49'),
(1147, 310, 67, '2024-02-25 01:31:50'),
(1148, 293, 199, '2024-02-25 01:31:50'),
(1149, 947, 204, '2024-02-25 01:31:50'),
(1150, 603, 1, '2024-02-25 01:31:50'),
(1151, 1010, 178, '2024-02-25 01:31:50'),
(1152, 993, 73, '2024-02-25 01:31:50'),
(1153, 426, 196, '2024-02-25 01:31:50'),
(1154, 66, 83, '2024-02-25 01:31:50'),
(1155, 1007, 130, '2024-02-25 01:31:50'),
(1156, 630, 69, '2024-02-25 01:31:50'),
(1157, 710, 89, '2024-02-25 01:31:50'),
(1158, 692, 190, '2024-02-25 01:31:50'),
(1159, 188, 179, '2024-02-25 01:31:50'),
(1160, 1002, 173, '2024-02-25 01:31:50'),
(1161, 836, 41, '2024-02-25 01:31:50'),
(1162, 345, 171, '2024-02-25 01:31:50'),
(1163, 600, 145, '2024-02-25 01:31:50'),
(1164, 517, 161, '2024-02-25 01:31:50'),
(1165, 958, 10, '2024-02-25 01:31:50'),
(1166, 450, 151, '2024-02-25 01:31:50'),
(1167, 134, 92, '2024-02-25 01:31:50'),
(1168, 557, 28, '2024-02-25 01:31:50'),
(1169, 814, 132, '2024-02-25 01:31:50'),
(1170, 424, 123, '2024-02-25 01:31:50'),
(1171, 503, 156, '2024-02-25 01:31:50'),
(1172, 735, 190, '2024-02-25 01:31:50'),
(1173, 985, 5, '2024-02-25 01:31:50'),
(1174, 110, 22, '2024-02-25 01:31:50'),
(1175, 50, 147, '2024-02-25 01:31:50'),
(1176, 333, 163, '2024-02-25 01:31:50'),
(1177, 239, 13, '2024-02-25 01:31:50'),
(1178, 35, 67, '2024-02-25 01:31:50'),
(1179, 887, 101, '2024-02-25 01:31:50'),
(1180, 630, 181, '2024-02-25 01:31:50'),
(1181, 168, 63, '2024-02-25 01:31:50'),
(1182, 985, 161, '2024-02-25 01:31:50'),
(1183, 118, 46, '2024-02-25 01:31:50'),
(1184, 246, 14, '2024-02-25 01:31:50'),
(1185, 177, 148, '2024-02-25 01:31:50'),
(1186, 527, 189, '2024-02-25 01:31:50'),
(1187, 412, 199, '2024-02-25 01:31:50'),
(1188, 739, 6, '2024-02-25 01:31:50'),
(1189, 184, 191, '2024-02-25 01:31:50'),
(1190, 829, 175, '2024-02-25 01:31:50'),
(1191, 617, 136, '2024-02-25 01:31:50'),
(1192, 891, 129, '2024-02-25 01:31:50'),
(1193, 844, 44, '2024-02-25 01:31:50'),
(1194, 123, 51, '2024-02-25 01:31:50'),
(1195, 66, 82, '2024-02-25 01:31:50'),
(1196, 323, 38, '2024-02-25 01:31:50'),
(1197, 711, 51, '2024-02-25 01:31:50'),
(1198, 285, 161, '2024-02-25 01:31:50'),
(1199, 872, 169, '2024-02-25 01:31:50'),
(1200, 324, 149, '2024-02-25 01:31:50'),
(1201, 515, 72, '2024-02-25 01:31:50'),
(1202, 425, 14, '2024-02-25 01:31:50'),
(1203, 26, 87, '2024-02-25 01:31:50'),
(1204, 551, 216, '2024-02-25 01:31:50'),
(1205, 203, 23, '2024-02-25 01:31:50'),
(1206, 404, 3, '2024-02-25 01:31:50'),
(1207, 416, 154, '2024-02-25 01:31:50'),
(1208, 707, 100, '2024-02-25 01:31:50'),
(1209, 546, 13, '2024-02-25 01:31:50'),
(1210, 334, 14, '2024-02-25 01:31:50'),
(1211, 447, 157, '2024-02-25 01:31:50'),
(1212, 698, 156, '2024-02-25 01:31:50'),
(1213, 552, 23, '2024-02-25 01:31:50'),
(1214, 612, 23, '2024-02-25 01:31:50'),
(1215, 471, 124, '2024-02-25 01:31:50'),
(1216, 408, 41, '2024-02-25 01:31:50'),
(1217, 503, 37, '2024-02-25 01:31:50'),
(1218, 359, 83, '2024-02-25 01:31:50'),
(1219, 298, 182, '2024-02-25 01:31:50'),
(1220, 493, 66, '2024-02-25 01:31:50'),
(1221, 869, 209, '2024-02-25 01:31:50'),
(1222, 738, 12, '2024-02-25 01:31:50'),
(1223, 631, 6, '2024-02-25 01:31:50'),
(1224, 232, 13, '2024-02-25 01:31:50'),
(1225, 580, 20, '2024-02-25 01:31:50'),
(1226, 829, 178, '2024-02-25 01:31:50'),
(1227, 531, 104, '2024-02-25 01:31:50'),
(1228, 136, 105, '2024-02-25 01:31:50'),
(1229, 999, 42, '2024-02-25 01:31:50'),
(1230, 927, 1, '2024-02-25 01:31:50'),
(1231, 250, 156, '2024-02-25 01:31:50'),
(1232, 535, 134, '2024-02-25 01:31:50'),
(1233, 535, 47, '2024-02-25 01:31:50'),
(1234, 503, 218, '2024-02-25 01:31:50'),
(1235, 755, 170, '2024-02-25 01:31:51'),
(1236, 466, 73, '2024-02-25 01:31:51'),
(1237, 168, 142, '2024-02-25 01:31:51'),
(1238, 627, 24, '2024-02-25 01:31:51'),
(1239, 597, 215, '2024-02-25 01:31:51'),
(1240, 199, 31, '2024-02-25 01:31:51'),
(1241, 856, 119, '2024-02-25 01:31:51'),
(1242, 320, 36, '2024-02-25 01:31:51'),
(1243, 511, 149, '2024-02-25 01:31:51'),
(1244, 89, 182, '2024-02-25 01:31:51'),
(1245, 636, 55, '2024-02-25 01:31:51'),
(1246, 91, 62, '2024-02-25 01:31:51'),
(1247, 483, 220, '2024-02-25 01:31:51'),
(1248, 892, 12, '2024-02-25 01:31:51'),
(1249, 334, 206, '2024-02-25 01:31:51'),
(1250, 585, 43, '2024-02-25 01:31:51'),
(1251, 289, 184, '2024-02-25 01:31:51'),
(1252, 183, 205, '2024-02-25 01:31:51'),
(1253, 384, 189, '2024-02-25 01:31:51'),
(1254, 923, 120, '2024-02-25 01:31:51'),
(1255, 478, 178, '2024-02-25 01:31:51'),
(1256, 850, 217, '2024-02-25 01:31:51'),
(1257, 222, 18, '2024-02-25 01:31:51'),
(1258, 332, 128, '2024-02-25 01:31:51'),
(1259, 547, 5, '2024-02-25 01:31:51'),
(1260, 734, 98, '2024-02-25 01:31:51'),
(1261, 921, 119, '2024-02-25 01:31:51'),
(1262, 779, 150, '2024-02-25 01:31:51'),
(1263, 198, 36, '2024-02-25 01:31:51'),
(1264, 260, 64, '2024-02-25 01:31:51'),
(1265, 270, 98, '2024-02-25 01:31:51'),
(1266, 810, 125, '2024-02-25 01:31:51'),
(1267, 694, 152, '2024-02-25 01:31:51'),
(1268, 944, 55, '2024-02-25 01:31:51'),
(1269, 910, 62, '2024-02-25 01:31:51'),
(1270, 74, 31, '2024-02-25 01:31:51'),
(1271, 387, 66, '2024-02-25 01:31:51'),
(1272, 537, 221, '2024-02-25 01:31:51'),
(1273, 461, 54, '2024-02-25 01:31:51'),
(1274, 110, 87, '2024-02-25 01:31:51'),
(1275, 241, 42, '2024-02-25 01:31:51'),
(1276, 880, 175, '2024-02-25 01:31:51'),
(1277, 873, 199, '2024-02-25 01:31:51'),
(1278, 784, 159, '2024-02-25 01:31:51'),
(1279, 868, 130, '2024-02-25 01:31:51'),
(1280, 95, 4, '2024-02-25 01:31:51'),
(1281, 139, 139, '2024-02-25 01:31:51'),
(1282, 1008, 36, '2024-02-25 01:31:51'),
(1283, 76, 102, '2024-02-25 01:31:51'),
(1284, 708, 37, '2024-02-25 01:31:51'),
(1285, 682, 62, '2024-02-25 01:31:51'),
(1286, 774, 163, '2024-02-25 01:31:51'),
(1287, 79, 42, '2024-02-25 01:31:51'),
(1288, 362, 174, '2024-02-25 01:31:51'),
(1289, 635, 110, '2024-02-25 01:31:51'),
(1290, 735, 186, '2024-02-25 01:31:51'),
(1291, 288, 160, '2024-02-25 01:31:51'),
(1292, 212, 192, '2024-02-25 01:31:51'),
(1293, 475, 134, '2024-02-25 01:31:51'),
(1294, 771, 129, '2024-02-25 01:31:51'),
(1295, 977, 47, '2024-02-25 01:31:51'),
(1296, 199, 144, '2024-02-25 01:31:51'),
(1297, 643, 104, '2024-02-25 01:31:51'),
(1298, 556, 158, '2024-02-25 01:31:51'),
(1299, 170, 151, '2024-02-25 01:31:51'),
(1300, 432, 170, '2024-02-25 01:31:51'),
(1301, 815, 172, '2024-02-25 01:31:51'),
(1302, 545, 31, '2024-02-25 01:31:51'),
(1303, 517, 157, '2024-02-25 01:31:51'),
(1304, 819, 154, '2024-02-25 01:31:51'),
(1305, 232, 162, '2024-02-25 01:31:51'),
(1306, 991, 215, '2024-02-25 01:31:51'),
(1307, 350, 167, '2024-02-25 01:31:51'),
(1308, 205, 190, '2024-02-25 01:31:51'),
(1309, 689, 96, '2024-02-25 01:31:51'),
(1310, 649, 128, '2024-02-25 01:31:51'),
(1311, 852, 186, '2024-02-25 01:31:51'),
(1312, 234, 168, '2024-02-25 01:31:51'),
(1313, 268, 219, '2024-02-25 01:31:51'),
(1314, 568, 33, '2024-02-25 01:31:51'),
(1315, 361, 40, '2024-02-25 01:31:51'),
(1316, 274, 159, '2024-02-25 01:31:51'),
(1317, 953, 114, '2024-02-25 01:31:51'),
(1318, 825, 98, '2024-02-25 01:31:51'),
(1319, 761, 47, '2024-02-25 01:31:51'),
(1320, 157, 51, '2024-02-25 01:31:51'),
(1321, 897, 131, '2024-02-25 01:31:51'),
(1322, 762, 151, '2024-02-25 01:31:52'),
(1323, 110, 132, '2024-02-25 01:31:52'),
(1324, 627, 135, '2024-02-25 01:31:52'),
(1325, 307, 109, '2024-02-25 01:31:52'),
(1326, 443, 63, '2024-02-25 01:31:52'),
(1327, 262, 185, '2024-02-25 01:31:52');
INSERT INTO `Likes` (`like_id`, `user_id`, `image_id`, `liked_at`) VALUES
(1328, 889, 68, '2024-02-25 01:31:52'),
(1329, 893, 160, '2024-02-25 01:31:52'),
(1330, 452, 35, '2024-02-25 01:31:52'),
(1331, 109, 108, '2024-02-25 01:31:52'),
(1332, 347, 41, '2024-02-25 01:31:52'),
(1333, 234, 20, '2024-02-25 01:31:52'),
(1334, 994, 121, '2024-02-25 01:31:52'),
(1335, 398, 176, '2024-02-25 01:31:52'),
(1336, 596, 17, '2024-02-25 01:31:52'),
(1337, 468, 39, '2024-02-25 01:31:52'),
(1338, 23, 40, '2024-02-25 01:31:52'),
(1339, 476, 103, '2024-02-25 01:31:52'),
(1340, 875, 180, '2024-02-25 01:31:52'),
(1341, 787, 97, '2024-02-25 01:31:52'),
(1342, 591, 41, '2024-02-25 01:31:52'),
(1343, 321, 188, '2024-02-25 01:31:52'),
(1344, 471, 157, '2024-02-25 01:31:52'),
(1345, 607, 74, '2024-02-25 01:31:52'),
(1346, 673, 162, '2024-02-25 01:31:52'),
(1347, 642, 203, '2024-02-25 01:31:52'),
(1348, 148, 118, '2024-02-25 01:31:52'),
(1349, 586, 150, '2024-02-25 01:31:52'),
(1350, 785, 24, '2024-02-25 01:31:52'),
(1351, 539, 112, '2024-02-25 01:31:52'),
(1352, 383, 172, '2024-02-25 01:31:52'),
(1353, 891, 153, '2024-02-25 01:31:52'),
(1354, 668, 7, '2024-02-25 01:31:52'),
(1355, 23, 189, '2024-02-25 01:31:52'),
(1356, 147, 206, '2024-02-25 01:31:52'),
(1357, 303, 204, '2024-02-25 01:31:52'),
(1358, 1, 157, '2024-02-25 01:31:52'),
(1359, 478, 35, '2024-02-25 01:31:52'),
(1360, 652, 104, '2024-02-25 01:31:52'),
(1361, 458, 44, '2024-02-25 01:31:52'),
(1362, 7, 205, '2024-02-25 01:31:52'),
(1363, 854, 12, '2024-02-25 01:31:52'),
(1364, 982, 131, '2024-02-25 01:31:52'),
(1365, 618, 153, '2024-02-25 01:31:52'),
(1366, 964, 4, '2024-02-25 01:31:52'),
(1367, 808, 4, '2024-02-25 01:31:52'),
(1368, 330, 90, '2024-02-25 01:31:52'),
(1369, 94, 79, '2024-02-25 01:31:52'),
(1370, 20, 65, '2024-02-25 01:31:52'),
(1371, 579, 81, '2024-02-25 01:31:52'),
(1372, 572, 114, '2024-02-25 01:31:52'),
(1373, 97, 15, '2024-02-25 01:31:52'),
(1374, 888, 120, '2024-02-25 01:31:52'),
(1375, 311, 130, '2024-02-25 01:31:52'),
(1376, 740, 5, '2024-02-25 01:31:52'),
(1377, 743, 191, '2024-02-25 01:31:52'),
(1378, 340, 38, '2024-02-25 01:31:52'),
(1379, 373, 222, '2024-02-25 01:31:52'),
(1380, 785, 80, '2024-02-25 01:31:52'),
(1381, 612, 13, '2024-02-25 01:31:52'),
(1382, 646, 166, '2024-02-25 01:31:52'),
(1383, 402, 172, '2024-02-25 01:31:52'),
(1384, 298, 199, '2024-02-25 01:31:52'),
(1385, 942, 213, '2024-02-25 01:31:52'),
(1386, 108, 117, '2024-02-25 01:31:52'),
(1387, 276, 13, '2024-02-25 01:31:52'),
(1388, 995, 21, '2024-02-25 01:31:52'),
(1389, 614, 209, '2024-02-25 01:31:52'),
(1390, 61, 97, '2024-02-25 01:31:52'),
(1391, 4, 213, '2024-02-25 01:31:52'),
(1392, 138, 169, '2024-02-25 01:31:52'),
(1393, 888, 110, '2024-02-25 01:31:52'),
(1394, 302, 189, '2024-02-25 01:31:52'),
(1395, 73, 150, '2024-02-25 01:31:52'),
(1396, 532, 83, '2024-02-25 01:31:52'),
(1397, 505, 84, '2024-02-25 01:31:52'),
(1398, 94, 112, '2024-02-25 01:31:52'),
(1399, 894, 175, '2024-02-25 01:31:52'),
(1400, 572, 4, '2024-02-25 01:31:52'),
(1401, 152, 56, '2024-02-25 01:31:52'),
(1402, 120, 59, '2024-02-25 01:31:52'),
(1403, 86, 214, '2024-02-25 01:31:52'),
(1404, 177, 66, '2024-02-25 01:31:52'),
(1405, 259, 91, '2024-02-25 01:31:52'),
(1406, 709, 207, '2024-02-25 01:31:52'),
(1407, 783, 56, '2024-02-25 01:31:52'),
(1408, 867, 47, '2024-02-25 01:31:52'),
(1409, 271, 216, '2024-02-25 01:31:52'),
(1410, 286, 211, '2024-02-25 01:31:53'),
(1411, 989, 163, '2024-02-25 01:31:53'),
(1412, 654, 27, '2024-02-25 01:31:53'),
(1413, 597, 124, '2024-02-25 01:31:53'),
(1414, 614, 214, '2024-02-25 01:31:53'),
(1415, 545, 65, '2024-02-25 01:31:53'),
(1416, 933, 141, '2024-02-25 01:31:53'),
(1417, 642, 95, '2024-02-25 01:31:53'),
(1418, 551, 113, '2024-02-25 01:31:53'),
(1419, 667, 150, '2024-02-25 01:31:53'),
(1420, 737, 132, '2024-02-25 01:31:53'),
(1421, 50, 138, '2024-02-25 01:31:53'),
(1422, 588, 28, '2024-02-25 01:31:53'),
(1423, 148, 11, '2024-02-25 01:31:53'),
(1424, 18, 6, '2024-02-25 01:31:53'),
(1425, 233, 20, '2024-02-25 01:31:53'),
(1426, 107, 78, '2024-02-25 01:31:53'),
(1427, 194, 169, '2024-02-25 01:31:53'),
(1428, 120, 29, '2024-02-25 01:31:53'),
(1429, 989, 87, '2024-02-25 01:31:53'),
(1430, 33, 164, '2024-02-25 01:31:53'),
(1431, 968, 132, '2024-02-25 01:31:53'),
(1432, 807, 85, '2024-02-25 01:31:53'),
(1433, 328, 195, '2024-02-25 01:31:53'),
(1434, 494, 140, '2024-02-25 01:31:53'),
(1435, 689, 154, '2024-02-25 01:31:53'),
(1436, 1017, 146, '2024-02-25 01:31:53'),
(1437, 449, 97, '2024-02-25 01:31:53'),
(1438, 666, 193, '2024-02-25 01:31:53'),
(1439, 56, 51, '2024-02-25 01:31:53'),
(1440, 636, 6, '2024-02-25 01:31:53'),
(1441, 475, 115, '2024-02-25 01:31:53'),
(1442, 820, 186, '2024-02-25 01:31:53'),
(1443, 326, 114, '2024-02-25 01:31:53'),
(1444, 779, 183, '2024-02-25 01:31:53'),
(1445, 484, 53, '2024-02-25 01:31:53'),
(1446, 805, 133, '2024-02-25 01:31:53'),
(1447, 962, 133, '2024-02-25 01:31:53'),
(1448, 67, 80, '2024-02-25 01:31:53'),
(1449, 786, 148, '2024-02-25 01:31:53'),
(1450, 117, 207, '2024-02-25 01:31:53'),
(1451, 369, 37, '2024-02-25 01:31:53'),
(1452, 737, 211, '2024-02-25 01:31:53'),
(1453, 109, 27, '2024-02-25 01:31:53'),
(1454, 332, 199, '2024-02-25 01:31:53'),
(1455, 892, 117, '2024-02-25 01:31:53'),
(1456, 831, 45, '2024-02-25 01:31:53'),
(1457, 440, 183, '2024-02-25 01:31:53'),
(1458, 167, 129, '2024-02-25 01:31:53'),
(1459, 630, 134, '2024-02-25 01:31:53'),
(1460, 737, 93, '2024-02-25 01:31:53'),
(1461, 678, 83, '2024-02-25 01:31:53'),
(1462, 636, 27, '2024-02-25 01:31:53'),
(1463, 627, 60, '2024-02-25 01:31:53'),
(1464, 168, 192, '2024-02-25 01:31:53'),
(1465, 500, 146, '2024-02-25 01:31:53'),
(1466, 795, 173, '2024-02-25 01:31:53'),
(1467, 514, 97, '2024-02-25 01:31:53'),
(1468, 152, 135, '2024-02-25 01:31:53'),
(1469, 750, 102, '2024-02-25 01:31:53'),
(1470, 880, 42, '2024-02-25 01:31:53'),
(1471, 976, 141, '2024-02-25 01:31:53'),
(1472, 596, 197, '2024-02-25 01:31:53'),
(1473, 1011, 188, '2024-02-25 01:31:53'),
(1474, 518, 197, '2024-02-25 01:31:53'),
(1475, 481, 157, '2024-02-25 01:31:53'),
(1476, 473, 109, '2024-02-25 01:31:53'),
(1477, 697, 10, '2024-02-25 01:31:53'),
(1478, 786, 24, '2024-02-25 01:31:53'),
(1479, 880, 188, '2024-02-25 01:31:53'),
(1480, 383, 182, '2024-02-25 01:31:53'),
(1481, 503, 88, '2024-02-25 01:31:53'),
(1482, 920, 100, '2024-02-25 01:31:53'),
(1483, 408, 14, '2024-02-25 01:31:53'),
(1484, 686, 120, '2024-02-25 01:31:53'),
(1485, 117, 194, '2024-02-25 01:31:53'),
(1486, 42, 74, '2024-02-25 01:31:53'),
(1487, 119, 33, '2024-02-25 01:31:53'),
(1488, 922, 87, '2024-02-25 01:31:53'),
(1489, 85, 53, '2024-02-25 01:31:53'),
(1490, 795, 94, '2024-02-25 01:31:53'),
(1491, 709, 212, '2024-02-25 01:31:53'),
(1492, 466, 59, '2024-02-25 01:31:53'),
(1493, 993, 48, '2024-02-25 01:31:53'),
(1494, 536, 37, '2024-02-25 01:31:53'),
(1495, 697, 64, '2024-02-25 01:31:53'),
(1496, 667, 194, '2024-02-25 01:31:54'),
(1497, 866, 29, '2024-02-25 01:31:54'),
(1498, 240, 111, '2024-02-25 01:31:54'),
(1499, 522, 1, '2024-02-25 01:31:54'),
(1500, 598, 80, '2024-02-25 01:31:54'),
(1501, 465, 219, '2024-02-25 01:31:54'),
(1502, 215, 146, '2024-02-25 01:31:54'),
(1503, 252, 146, '2024-02-25 01:31:54'),
(1504, 368, 169, '2024-02-25 01:31:54'),
(1505, 517, 203, '2024-02-25 01:31:54'),
(1506, 223, 173, '2024-02-25 01:31:54'),
(1507, 325, 175, '2024-02-25 01:31:54'),
(1508, 524, 54, '2024-02-25 01:31:54'),
(1509, 960, 49, '2024-02-25 01:31:54'),
(1510, 956, 198, '2024-02-25 01:31:54'),
(1511, 934, 204, '2024-02-25 01:31:54'),
(1512, 92, 202, '2024-02-25 01:31:54'),
(1513, 1001, 143, '2024-02-25 01:31:54'),
(1514, 710, 91, '2024-02-25 01:31:54'),
(1515, 201, 129, '2024-02-25 01:31:54'),
(1516, 595, 172, '2024-02-25 01:31:54'),
(1517, 470, 165, '2024-02-25 01:31:54'),
(1518, 194, 77, '2024-02-25 01:31:54'),
(1519, 551, 27, '2024-02-25 01:31:54'),
(1520, 983, 122, '2024-02-25 01:31:54'),
(1521, 696, 48, '2024-02-25 01:31:54'),
(1522, 152, 146, '2024-02-25 01:31:54'),
(1523, 789, 73, '2024-02-25 01:31:54'),
(1524, 265, 118, '2024-02-25 01:31:54'),
(1525, 998, 132, '2024-02-25 01:31:54'),
(1526, 16, 167, '2024-02-25 01:31:54'),
(1527, 705, 204, '2024-02-25 01:31:54'),
(1528, 56, 147, '2024-02-25 01:31:54'),
(1529, 529, 82, '2024-02-25 01:31:54'),
(1530, 570, 100, '2024-02-25 01:31:54'),
(1531, 120, 119, '2024-02-25 01:31:54'),
(1532, 41, 156, '2024-02-25 01:31:54'),
(1533, 254, 78, '2024-02-25 01:31:54'),
(1534, 688, 196, '2024-02-25 01:31:54'),
(1535, 173, 201, '2024-02-25 01:31:54'),
(1536, 850, 104, '2024-02-25 01:31:54'),
(1537, 665, 68, '2024-02-25 01:31:54'),
(1538, 838, 128, '2024-02-25 01:31:54'),
(1539, 262, 90, '2024-02-25 01:31:54'),
(1540, 194, 182, '2024-02-25 01:31:54'),
(1541, 719, 31, '2024-02-25 01:31:54'),
(1542, 319, 5, '2024-02-25 01:31:54'),
(1543, 60, 8, '2024-02-25 01:31:54'),
(1544, 629, 89, '2024-02-25 01:31:54'),
(1545, 904, 68, '2024-02-25 01:31:54'),
(1546, 278, 25, '2024-02-25 01:31:54'),
(1547, 917, 7, '2024-02-25 01:31:54'),
(1548, 134, 195, '2024-02-25 01:31:54'),
(1549, 819, 56, '2024-02-25 01:31:54'),
(1550, 140, 28, '2024-02-25 01:31:54'),
(1551, 382, 112, '2024-02-25 01:31:54'),
(1552, 983, 21, '2024-02-25 01:31:54'),
(1553, 941, 31, '2024-02-25 01:31:54'),
(1554, 48, 38, '2024-02-25 01:31:54'),
(1555, 339, 175, '2024-02-25 01:31:54'),
(1556, 739, 211, '2024-02-25 01:31:54'),
(1557, 557, 136, '2024-02-25 01:31:54'),
(1558, 260, 196, '2024-02-25 01:31:54'),
(1559, 830, 194, '2024-02-25 01:31:54'),
(1560, 337, 77, '2024-02-25 01:31:54'),
(1561, 208, 127, '2024-02-25 01:31:54'),
(1562, 536, 83, '2024-02-25 01:31:54'),
(1563, 930, 195, '2024-02-25 01:31:54'),
(1564, 190, 117, '2024-02-25 01:31:54'),
(1565, 599, 184, '2024-02-25 01:31:54'),
(1566, 755, 6, '2024-02-25 01:31:54'),
(1567, 1011, 212, '2024-02-25 01:31:54'),
(1568, 654, 12, '2024-02-25 01:31:54'),
(1569, 489, 191, '2024-02-25 01:31:54'),
(1570, 925, 72, '2024-02-25 01:31:54'),
(1571, 270, 39, '2024-02-25 01:31:54'),
(1572, 636, 17, '2024-02-25 01:31:54'),
(1573, 872, 124, '2024-02-25 01:31:54'),
(1574, 358, 31, '2024-02-25 01:31:54'),
(1575, 223, 89, '2024-02-25 01:31:54'),
(1576, 941, 94, '2024-02-25 01:31:54'),
(1577, 1023, 14, '2024-02-25 01:31:54'),
(1578, 230, 120, '2024-02-25 01:31:54'),
(1579, 121, 28, '2024-02-25 01:31:54'),
(1580, 521, 181, '2024-02-25 01:31:54'),
(1581, 77, 73, '2024-02-25 01:31:54'),
(1582, 70, 104, '2024-02-25 01:31:54'),
(1583, 349, 203, '2024-02-25 01:31:55'),
(1584, 656, 35, '2024-02-25 01:31:55'),
(1585, 945, 185, '2024-02-25 01:31:55'),
(1586, 711, 179, '2024-02-25 01:31:55'),
(1587, 968, 131, '2024-02-25 01:31:55'),
(1588, 22, 166, '2024-02-25 01:31:55'),
(1589, 33, 13, '2024-02-25 01:31:55'),
(1590, 518, 98, '2024-02-25 01:31:55'),
(1591, 51, 197, '2024-02-25 01:31:55'),
(1592, 795, 136, '2024-02-25 01:31:55'),
(1593, 329, 9, '2024-02-25 01:31:55'),
(1594, 789, 87, '2024-02-25 01:31:55'),
(1595, 240, 70, '2024-02-25 01:31:55'),
(1596, 711, 16, '2024-02-25 01:31:55'),
(1597, 22, 38, '2024-02-25 01:31:55'),
(1598, 920, 144, '2024-02-25 01:31:55'),
(1599, 54, 132, '2024-02-25 01:31:55'),
(1600, 892, 83, '2024-02-25 01:31:55'),
(1601, 439, 130, '2024-02-25 01:31:55'),
(1602, 823, 40, '2024-02-25 01:31:55'),
(1603, 607, 137, '2024-02-25 01:31:55'),
(1604, 676, 158, '2024-02-25 01:31:55'),
(1605, 616, 138, '2024-02-25 01:31:55'),
(1606, 514, 102, '2024-02-25 01:31:55'),
(1607, 154, 38, '2024-02-25 01:31:55'),
(1608, 157, 45, '2024-02-25 01:31:55'),
(1609, 713, 222, '2024-02-25 01:31:55'),
(1610, 103, 58, '2024-02-25 01:31:55'),
(1611, 94, 195, '2024-02-25 01:31:55'),
(1612, 103, 62, '2024-02-25 01:31:55'),
(1613, 173, 149, '2024-02-25 01:31:55'),
(1614, 797, 49, '2024-02-25 01:31:55'),
(1615, 780, 47, '2024-02-25 01:31:55'),
(1616, 443, 7, '2024-02-25 01:31:55'),
(1617, 9, 72, '2024-02-25 01:31:55'),
(1618, 184, 150, '2024-02-25 01:31:55'),
(1619, 876, 165, '2024-02-25 01:31:55'),
(1620, 873, 136, '2024-02-25 01:31:55'),
(1621, 722, 128, '2024-02-25 01:31:55'),
(1622, 554, 145, '2024-02-25 01:31:55'),
(1623, 533, 128, '2024-02-25 01:31:55'),
(1624, 431, 90, '2024-02-25 01:31:55'),
(1625, 793, 2, '2024-02-25 01:31:55'),
(1626, 658, 156, '2024-02-25 01:31:55'),
(1627, 870, 18, '2024-02-25 01:31:55'),
(1628, 466, 101, '2024-02-25 01:31:55'),
(1629, 252, 20, '2024-02-25 01:31:55'),
(1630, 117, 214, '2024-02-25 01:31:55'),
(1631, 39, 17, '2024-02-25 01:31:55'),
(1632, 847, 202, '2024-02-25 01:31:55'),
(1633, 409, 222, '2024-02-25 01:31:55'),
(1634, 993, 109, '2024-02-25 01:31:55'),
(1635, 270, 57, '2024-02-25 01:31:55'),
(1636, 706, 125, '2024-02-25 01:31:55'),
(1637, 157, 176, '2024-02-25 01:31:55'),
(1638, 864, 53, '2024-02-25 01:31:55'),
(1639, 222, 26, '2024-02-25 01:31:55'),
(1640, 1013, 47, '2024-02-25 01:31:55'),
(1641, 224, 151, '2024-02-25 01:31:55'),
(1642, 855, 31, '2024-02-25 01:31:55'),
(1643, 49, 85, '2024-02-25 01:31:55'),
(1644, 1020, 86, '2024-02-25 01:31:55'),
(1645, 539, 79, '2024-02-25 01:31:55'),
(1646, 329, 177, '2024-02-25 01:31:55'),
(1647, 634, 106, '2024-02-25 01:31:55'),
(1648, 646, 113, '2024-02-25 01:31:55'),
(1649, 248, 148, '2024-02-25 01:31:55'),
(1650, 70, 161, '2024-02-25 01:31:55'),
(1651, 836, 2, '2024-02-25 01:31:55'),
(1652, 981, 107, '2024-02-25 01:31:55'),
(1653, 219, 216, '2024-02-25 01:31:55'),
(1654, 598, 90, '2024-02-25 01:31:55'),
(1655, 555, 222, '2024-02-25 01:31:55'),
(1656, 426, 74, '2024-02-25 01:31:55'),
(1657, 309, 35, '2024-02-25 01:31:55'),
(1658, 452, 73, '2024-02-25 01:31:55'),
(1659, 324, 93, '2024-02-25 01:31:55'),
(1660, 853, 45, '2024-02-25 01:31:55'),
(1661, 744, 120, '2024-02-25 01:31:55'),
(1662, 956, 11, '2024-02-25 01:31:55'),
(1663, 98, 186, '2024-02-25 01:31:55'),
(1664, 738, 136, '2024-02-25 01:31:55'),
(1665, 901, 31, '2024-02-25 01:31:55'),
(1666, 95, 191, '2024-02-25 01:31:55'),
(1667, 805, 217, '2024-02-25 01:31:55'),
(1668, 801, 8, '2024-02-25 01:31:55'),
(1669, 129, 9, '2024-02-25 01:31:55'),
(1670, 341, 1, '2024-02-25 01:31:55'),
(1671, 322, 41, '2024-02-25 01:31:55'),
(1672, 907, 119, '2024-02-25 01:31:55'),
(1673, 242, 209, '2024-02-25 01:31:55'),
(1674, 949, 117, '2024-02-25 01:31:55'),
(1675, 851, 125, '2024-02-25 01:31:55'),
(1676, 662, 84, '2024-02-25 01:31:56'),
(1677, 423, 160, '2024-02-25 01:31:56'),
(1678, 410, 120, '2024-02-25 01:31:56'),
(1679, 674, 137, '2024-02-25 01:31:56'),
(1680, 205, 8, '2024-02-25 01:31:56'),
(1681, 361, 148, '2024-02-25 01:31:56'),
(1682, 526, 29, '2024-02-25 01:31:56'),
(1683, 183, 46, '2024-02-25 01:31:56'),
(1684, 695, 179, '2024-02-25 01:31:56'),
(1685, 679, 175, '2024-02-25 01:31:56'),
(1686, 750, 8, '2024-02-25 01:31:56'),
(1687, 381, 39, '2024-02-25 01:31:56'),
(1688, 910, 138, '2024-02-25 01:31:56'),
(1689, 350, 188, '2024-02-25 01:31:56'),
(1690, 979, 100, '2024-02-25 01:31:56'),
(1691, 1, 143, '2024-02-25 01:31:56'),
(1692, 441, 191, '2024-02-25 01:31:56'),
(1693, 138, 179, '2024-02-25 01:31:56'),
(1694, 964, 98, '2024-02-25 01:31:56'),
(1695, 981, 70, '2024-02-25 01:31:56'),
(1696, 326, 158, '2024-02-25 01:31:56'),
(1697, 734, 87, '2024-02-25 01:31:56'),
(1698, 364, 189, '2024-02-25 01:31:56'),
(1699, 822, 7, '2024-02-25 01:31:56'),
(1700, 978, 162, '2024-02-25 01:31:56'),
(1701, 163, 204, '2024-02-25 01:31:56'),
(1702, 669, 81, '2024-02-25 01:31:56'),
(1703, 455, 205, '2024-02-25 01:31:56'),
(1704, 220, 152, '2024-02-25 01:31:56'),
(1705, 918, 124, '2024-02-25 01:31:56'),
(1706, 882, 74, '2024-02-25 01:31:56'),
(1707, 881, 106, '2024-02-25 01:31:56'),
(1708, 137, 188, '2024-02-25 01:31:56'),
(1709, 846, 69, '2024-02-25 01:31:56'),
(1710, 930, 23, '2024-02-25 01:31:56'),
(1711, 947, 54, '2024-02-25 01:31:56'),
(1712, 785, 105, '2024-02-25 01:31:56'),
(1713, 147, 78, '2024-02-25 01:31:56'),
(1714, 161, 150, '2024-02-25 01:31:56'),
(1715, 516, 206, '2024-02-25 01:31:56'),
(1716, 483, 139, '2024-02-25 01:31:56'),
(1717, 142, 189, '2024-02-25 01:31:56'),
(1718, 394, 188, '2024-02-25 01:31:56'),
(1719, 143, 208, '2024-02-25 01:31:56'),
(1720, 674, 68, '2024-02-25 01:31:56'),
(1721, 789, 152, '2024-02-25 01:31:56'),
(1722, 876, 123, '2024-02-25 01:31:56'),
(1723, 431, 18, '2024-02-25 01:31:56'),
(1724, 18, 43, '2024-02-25 01:31:56'),
(1725, 427, 163, '2024-02-25 01:31:56'),
(1726, 916, 37, '2024-02-25 01:31:56'),
(1727, 466, 28, '2024-02-25 01:31:56'),
(1728, 57, 195, '2024-02-25 01:31:56'),
(1729, 67, 80, '2024-02-25 01:31:56'),
(1730, 170, 9, '2024-02-25 01:31:56'),
(1731, 79, 175, '2024-02-25 01:31:56'),
(1732, 299, 80, '2024-02-25 01:31:56'),
(1733, 569, 208, '2024-02-25 01:31:56'),
(1734, 566, 138, '2024-02-25 01:31:56'),
(1735, 875, 73, '2024-02-25 01:31:56'),
(1736, 583, 110, '2024-02-25 01:31:56'),
(1737, 567, 205, '2024-02-25 01:31:56'),
(1738, 730, 180, '2024-02-25 01:31:56'),
(1739, 298, 166, '2024-02-25 01:31:56'),
(1740, 884, 13, '2024-02-25 01:31:56'),
(1741, 180, 199, '2024-02-25 01:31:56'),
(1742, 561, 128, '2024-02-25 01:31:56'),
(1743, 565, 156, '2024-02-25 01:31:56'),
(1744, 984, 142, '2024-02-25 01:31:56'),
(1745, 236, 162, '2024-02-25 01:31:56'),
(1746, 40, 12, '2024-02-25 01:31:56'),
(1747, 577, 88, '2024-02-25 01:31:56'),
(1748, 102, 174, '2024-02-25 01:31:56'),
(1749, 374, 199, '2024-02-25 01:31:56'),
(1750, 127, 75, '2024-02-25 01:31:56'),
(1751, 594, 36, '2024-02-25 01:31:56'),
(1752, 446, 102, '2024-02-25 01:31:56'),
(1753, 487, 39, '2024-02-25 01:31:56'),
(1754, 139, 180, '2024-02-25 01:31:56'),
(1755, 924, 48, '2024-02-25 01:31:56'),
(1756, 5, 68, '2024-02-25 01:31:56'),
(1757, 92, 78, '2024-02-25 01:31:56'),
(1758, 445, 38, '2024-02-25 01:31:56'),
(1759, 565, 43, '2024-02-25 01:31:56'),
(1760, 446, 9, '2024-02-25 01:31:56'),
(1761, 427, 195, '2024-02-25 01:31:56'),
(1762, 319, 175, '2024-02-25 01:31:57'),
(1763, 650, 206, '2024-02-25 01:31:57'),
(1764, 161, 153, '2024-02-25 01:31:57'),
(1765, 95, 57, '2024-02-25 01:31:57'),
(1766, 654, 150, '2024-02-25 01:31:57'),
(1767, 438, 9, '2024-02-25 01:31:57'),
(1768, 437, 97, '2024-02-25 01:31:57'),
(1769, 273, 108, '2024-02-25 01:31:57'),
(1770, 352, 187, '2024-02-25 01:31:57'),
(1771, 447, 94, '2024-02-25 01:31:57'),
(1772, 394, 56, '2024-02-25 01:31:57'),
(1773, 189, 5, '2024-02-25 01:31:57'),
(1774, 923, 56, '2024-02-25 01:31:57'),
(1775, 904, 84, '2024-02-25 01:31:57'),
(1776, 404, 162, '2024-02-25 01:31:57'),
(1777, 163, 155, '2024-02-25 01:31:57'),
(1778, 700, 125, '2024-02-25 01:31:57'),
(1779, 30, 47, '2024-02-25 01:31:57'),
(1780, 174, 4, '2024-02-25 01:31:57'),
(1781, 267, 156, '2024-02-25 01:31:57'),
(1782, 722, 71, '2024-02-25 01:31:57'),
(1783, 381, 25, '2024-02-25 01:31:57'),
(1784, 264, 144, '2024-02-25 01:31:57'),
(1785, 945, 58, '2024-02-25 01:31:57'),
(1786, 222, 179, '2024-02-25 01:31:57'),
(1787, 378, 204, '2024-02-25 01:31:57'),
(1788, 34, 154, '2024-02-25 01:31:57'),
(1789, 948, 16, '2024-02-25 01:31:57'),
(1790, 277, 156, '2024-02-25 01:31:57'),
(1791, 943, 27, '2024-02-25 01:31:57'),
(1792, 1010, 52, '2024-02-25 01:31:57'),
(1793, 625, 89, '2024-02-25 01:31:57'),
(1794, 328, 184, '2024-02-25 01:31:57'),
(1795, 718, 72, '2024-02-25 01:31:57'),
(1796, 935, 150, '2024-02-25 01:31:57'),
(1797, 7, 161, '2024-02-25 01:31:57'),
(1798, 922, 188, '2024-02-25 01:31:57'),
(1799, 870, 211, '2024-02-25 01:31:57'),
(1800, 680, 180, '2024-02-25 01:31:57'),
(1801, 145, 192, '2024-02-25 01:31:57'),
(1802, 639, 95, '2024-02-25 01:31:57'),
(1803, 527, 47, '2024-02-25 01:31:57'),
(1804, 392, 154, '2024-02-25 01:31:57'),
(1805, 218, 36, '2024-02-25 01:31:57'),
(1806, 390, 134, '2024-02-25 01:31:57'),
(1807, 9, 72, '2024-02-25 01:31:57'),
(1808, 234, 172, '2024-02-25 01:31:57'),
(1809, 149, 42, '2024-02-25 01:31:57'),
(1810, 444, 206, '2024-02-25 01:31:57'),
(1811, 49, 199, '2024-02-25 01:31:57'),
(1812, 317, 53, '2024-02-25 01:31:57'),
(1813, 138, 36, '2024-02-25 01:31:57'),
(1814, 560, 161, '2024-02-25 01:31:57'),
(1815, 828, 70, '2024-02-25 01:31:57'),
(1816, 46, 21, '2024-02-25 01:31:57'),
(1817, 172, 129, '2024-02-25 01:31:57'),
(1818, 32, 69, '2024-02-25 01:31:57'),
(1819, 308, 142, '2024-02-25 01:31:57'),
(1820, 702, 78, '2024-02-25 01:31:57'),
(1821, 882, 3, '2024-02-25 01:31:57'),
(1822, 832, 109, '2024-02-25 01:31:57'),
(1823, 74, 133, '2024-02-25 01:31:57'),
(1824, 1000, 76, '2024-02-25 01:31:57'),
(1825, 271, 109, '2024-02-25 01:31:57'),
(1826, 827, 73, '2024-02-25 01:31:57'),
(1827, 744, 25, '2024-02-25 01:31:57'),
(1828, 614, 150, '2024-02-25 01:31:57'),
(1829, 413, 29, '2024-02-25 01:31:57'),
(1830, 414, 76, '2024-02-25 01:31:57'),
(1831, 769, 154, '2024-02-25 01:31:57'),
(1832, 35, 199, '2024-02-25 01:31:57'),
(1833, 749, 219, '2024-02-25 01:31:57'),
(1834, 743, 82, '2024-02-25 01:31:57'),
(1835, 805, 171, '2024-02-25 01:31:57'),
(1836, 664, 25, '2024-02-25 01:31:57'),
(1837, 365, 141, '2024-02-25 01:31:57'),
(1838, 963, 40, '2024-02-25 01:31:57'),
(1839, 337, 141, '2024-02-25 01:31:57'),
(1840, 427, 6, '2024-02-25 01:31:57'),
(1841, 457, 129, '2024-02-25 01:31:57'),
(1842, 542, 187, '2024-02-25 01:31:57'),
(1843, 653, 68, '2024-02-25 01:31:57'),
(1844, 1021, 118, '2024-02-25 01:31:57'),
(1845, 905, 53, '2024-02-25 01:31:57'),
(1846, 906, 182, '2024-02-25 01:31:57'),
(1847, 783, 105, '2024-02-25 01:31:57'),
(1848, 486, 156, '2024-02-25 01:31:57'),
(1849, 960, 100, '2024-02-25 01:31:58'),
(1850, 340, 208, '2024-02-25 01:31:58'),
(1851, 475, 30, '2024-02-25 01:31:58'),
(1852, 1008, 83, '2024-02-25 01:31:58'),
(1853, 36, 5, '2024-02-25 01:31:58'),
(1854, 847, 34, '2024-02-25 01:31:58'),
(1855, 712, 97, '2024-02-25 01:31:58'),
(1856, 423, 35, '2024-02-25 01:31:58'),
(1857, 287, 178, '2024-02-25 01:31:58'),
(1858, 682, 46, '2024-02-25 01:31:58'),
(1859, 595, 202, '2024-02-25 01:31:58'),
(1860, 179, 19, '2024-02-25 01:31:58'),
(1861, 614, 59, '2024-02-25 01:31:58'),
(1862, 560, 46, '2024-02-25 01:31:58'),
(1863, 432, 184, '2024-02-25 01:31:58'),
(1864, 736, 94, '2024-02-25 01:31:58'),
(1865, 426, 134, '2024-02-25 01:31:58'),
(1866, 159, 132, '2024-02-25 01:31:58'),
(1867, 890, 137, '2024-02-25 01:31:58'),
(1868, 781, 154, '2024-02-25 01:31:58'),
(1869, 697, 29, '2024-02-25 01:31:58'),
(1870, 798, 81, '2024-02-25 01:31:58'),
(1871, 484, 89, '2024-02-25 01:31:58'),
(1872, 508, 186, '2024-02-25 01:31:58'),
(1873, 219, 59, '2024-02-25 01:31:58'),
(1874, 304, 64, '2024-02-25 01:31:58'),
(1875, 108, 172, '2024-02-25 01:31:58'),
(1876, 445, 150, '2024-02-25 01:31:58'),
(1877, 401, 175, '2024-02-25 01:31:58'),
(1878, 988, 16, '2024-02-25 01:31:58'),
(1879, 28, 194, '2024-02-25 01:31:58'),
(1880, 395, 78, '2024-02-25 01:31:58'),
(1881, 606, 28, '2024-02-25 01:31:58'),
(1882, 793, 50, '2024-02-25 01:31:58'),
(1883, 687, 49, '2024-02-25 01:31:58'),
(1884, 376, 174, '2024-02-25 01:31:58'),
(1885, 440, 40, '2024-02-25 01:31:58'),
(1886, 575, 219, '2024-02-25 01:31:58'),
(1887, 554, 216, '2024-02-25 01:31:58'),
(1888, 603, 210, '2024-02-25 01:31:58'),
(1889, 791, 147, '2024-02-25 01:31:58'),
(1890, 89, 204, '2024-02-25 01:31:58'),
(1891, 964, 36, '2024-02-25 01:31:58'),
(1892, 410, 99, '2024-02-25 01:31:58'),
(1893, 761, 75, '2024-02-25 01:31:58'),
(1894, 88, 201, '2024-02-25 01:31:58'),
(1895, 912, 1, '2024-02-25 01:31:58'),
(1896, 707, 171, '2024-02-25 01:31:58'),
(1897, 566, 116, '2024-02-25 01:31:58'),
(1898, 123, 12, '2024-02-25 01:31:58'),
(1899, 54, 183, '2024-02-25 01:31:58'),
(1900, 320, 213, '2024-02-25 01:31:58'),
(1901, 317, 94, '2024-02-25 01:31:58'),
(1902, 562, 187, '2024-02-25 01:31:58'),
(1903, 374, 131, '2024-02-25 01:31:58'),
(1904, 568, 11, '2024-02-25 01:31:58'),
(1905, 627, 144, '2024-02-25 01:31:58'),
(1906, 31, 99, '2024-02-25 01:31:58'),
(1907, 532, 207, '2024-02-25 01:31:58'),
(1908, 649, 183, '2024-02-25 01:31:58'),
(1909, 46, 97, '2024-02-25 01:31:58'),
(1910, 937, 129, '2024-02-25 01:31:58'),
(1911, 1010, 111, '2024-02-25 01:31:58'),
(1912, 591, 68, '2024-02-25 01:31:58'),
(1913, 370, 81, '2024-02-25 01:31:58'),
(1914, 672, 73, '2024-02-25 01:31:58'),
(1915, 400, 114, '2024-02-25 01:31:58'),
(1916, 994, 71, '2024-02-25 01:31:58'),
(1917, 911, 74, '2024-02-25 01:31:58'),
(1918, 1017, 75, '2024-02-25 01:31:58'),
(1919, 469, 140, '2024-02-25 01:31:58'),
(1920, 566, 125, '2024-02-25 01:31:58'),
(1921, 247, 66, '2024-02-25 01:31:58'),
(1922, 846, 91, '2024-02-25 01:31:58'),
(1923, 699, 222, '2024-02-25 01:31:58'),
(1924, 284, 115, '2024-02-25 01:31:58'),
(1925, 705, 125, '2024-02-25 01:31:58'),
(1926, 493, 121, '2024-02-25 01:31:58'),
(1927, 809, 114, '2024-02-25 01:31:58'),
(1928, 134, 105, '2024-02-25 01:31:58'),
(1929, 473, 166, '2024-02-25 01:31:58'),
(1930, 491, 126, '2024-02-25 01:31:58'),
(1931, 799, 32, '2024-02-25 01:31:58'),
(1932, 604, 14, '2024-02-25 01:31:58'),
(1933, 731, 200, '2024-02-25 01:31:58'),
(1934, 589, 147, '2024-02-25 01:31:58'),
(1935, 534, 205, '2024-02-25 01:31:58'),
(1936, 701, 57, '2024-02-25 01:31:59'),
(1937, 995, 151, '2024-02-25 01:31:59'),
(1938, 89, 5, '2024-02-25 01:31:59'),
(1939, 1022, 99, '2024-02-25 01:31:59'),
(1940, 193, 29, '2024-02-25 01:31:59'),
(1941, 566, 151, '2024-02-25 01:31:59'),
(1942, 315, 107, '2024-02-25 01:31:59'),
(1943, 389, 148, '2024-02-25 01:31:59'),
(1944, 38, 62, '2024-02-25 01:31:59'),
(1945, 1022, 115, '2024-02-25 01:31:59'),
(1946, 80, 177, '2024-02-25 01:31:59'),
(1947, 517, 54, '2024-02-25 01:31:59'),
(1948, 869, 216, '2024-02-25 01:31:59'),
(1949, 337, 62, '2024-02-25 01:31:59'),
(1950, 673, 28, '2024-02-25 01:31:59'),
(1951, 705, 116, '2024-02-25 01:31:59'),
(1952, 790, 147, '2024-02-25 01:31:59'),
(1953, 533, 66, '2024-02-25 01:31:59'),
(1954, 606, 74, '2024-02-25 01:31:59'),
(1955, 710, 10, '2024-02-25 01:31:59'),
(1956, 456, 16, '2024-02-25 01:31:59'),
(1957, 512, 214, '2024-02-25 01:31:59'),
(1958, 911, 136, '2024-02-25 01:31:59'),
(1959, 625, 115, '2024-02-25 01:31:59'),
(1960, 425, 108, '2024-02-25 01:31:59'),
(1961, 357, 104, '2024-02-25 01:31:59'),
(1962, 638, 27, '2024-02-25 01:31:59'),
(1963, 448, 153, '2024-02-25 01:31:59'),
(1964, 346, 97, '2024-02-25 01:31:59'),
(1965, 379, 185, '2024-02-25 01:31:59'),
(1966, 915, 3, '2024-02-25 01:31:59'),
(1967, 1020, 113, '2024-02-25 01:31:59'),
(1968, 714, 42, '2024-02-25 01:31:59'),
(1969, 197, 96, '2024-02-25 01:31:59'),
(1970, 39, 203, '2024-02-25 01:31:59'),
(1971, 497, 11, '2024-02-25 01:31:59'),
(1972, 833, 197, '2024-02-25 01:31:59'),
(1973, 890, 118, '2024-02-25 01:31:59'),
(1974, 542, 159, '2024-02-25 01:31:59'),
(1975, 749, 196, '2024-02-25 01:31:59'),
(1976, 786, 97, '2024-02-25 01:31:59'),
(1977, 85, 131, '2024-02-25 01:31:59'),
(1978, 659, 118, '2024-02-25 01:31:59'),
(1979, 638, 192, '2024-02-25 01:31:59'),
(1980, 249, 2, '2024-02-25 01:31:59'),
(1981, 341, 7, '2024-02-25 01:31:59'),
(1982, 334, 51, '2024-02-25 01:31:59'),
(1983, 643, 6, '2024-02-25 01:31:59'),
(1984, 155, 16, '2024-02-25 01:31:59'),
(1985, 1016, 34, '2024-02-25 01:31:59'),
(1986, 626, 93, '2024-02-25 01:31:59'),
(1987, 296, 214, '2024-02-25 01:31:59'),
(1988, 130, 220, '2024-02-25 01:31:59'),
(1989, 147, 33, '2024-02-25 01:31:59'),
(1990, 151, 69, '2024-02-25 01:31:59'),
(1991, 211, 209, '2024-02-25 01:31:59'),
(1992, 834, 212, '2024-02-25 01:31:59'),
(1993, 48, 33, '2024-02-25 01:31:59'),
(1994, 870, 202, '2024-02-25 01:31:59'),
(1995, 306, 93, '2024-02-25 01:31:59'),
(1996, 663, 41, '2024-02-25 01:31:59'),
(1997, 44, 212, '2024-02-25 01:31:59'),
(1998, 457, 200, '2024-02-25 01:31:59'),
(1999, 401, 95, '2024-02-25 01:31:59'),
(2000, 1000, 199, '2024-02-25 01:31:59'),
(2001, 509, 168, '2024-02-25 01:33:12'),
(2002, 242, 166, '2024-02-25 01:33:12'),
(2003, 421, 169, '2024-02-25 01:33:12'),
(2004, 964, 189, '2024-02-25 01:33:12'),
(2005, 486, 77, '2024-02-25 01:33:12'),
(2006, 409, 1, '2024-02-25 01:33:12'),
(2007, 267, 121, '2024-02-25 01:33:12'),
(2008, 588, 57, '2024-02-25 01:33:12'),
(2009, 18, 57, '2024-02-25 01:33:12'),
(2010, 877, 6, '2024-02-25 01:33:12'),
(2011, 510, 153, '2024-02-25 01:33:12'),
(2012, 444, 59, '2024-02-25 01:33:12'),
(2013, 260, 46, '2024-02-25 01:33:12'),
(2014, 965, 16, '2024-02-25 01:33:12'),
(2015, 204, 91, '2024-02-25 01:33:12'),
(2016, 966, 116, '2024-02-25 01:33:12'),
(2017, 77, 137, '2024-02-25 01:33:12'),
(2018, 42, 141, '2024-02-25 01:33:12'),
(2019, 1011, 32, '2024-02-25 01:33:12'),
(2020, 90, 41, '2024-02-25 01:33:12'),
(2021, 549, 146, '2024-02-25 01:33:12'),
(2022, 959, 110, '2024-02-25 01:33:12'),
(2023, 335, 88, '2024-02-25 01:33:12'),
(2024, 531, 119, '2024-02-25 01:33:12'),
(2025, 950, 147, '2024-02-25 01:33:12'),
(2026, 880, 6, '2024-02-25 01:33:13'),
(2027, 897, 48, '2024-02-25 01:33:13'),
(2028, 961, 8, '2024-02-25 01:33:13'),
(2029, 826, 36, '2024-02-25 01:33:13'),
(2030, 216, 103, '2024-02-25 01:33:13'),
(2031, 880, 112, '2024-02-25 01:33:13'),
(2032, 651, 33, '2024-02-25 01:33:13'),
(2033, 382, 195, '2024-02-25 01:33:13'),
(2034, 682, 12, '2024-02-25 01:33:13'),
(2035, 713, 21, '2024-02-25 01:33:13'),
(2036, 138, 19, '2024-02-25 01:33:13'),
(2037, 551, 14, '2024-02-25 01:33:13'),
(2038, 604, 158, '2024-02-25 01:33:13'),
(2039, 306, 102, '2024-02-25 01:33:13'),
(2040, 466, 118, '2024-02-25 01:33:13'),
(2041, 418, 81, '2024-02-25 01:33:13'),
(2042, 1002, 123, '2024-02-25 01:33:13'),
(2043, 949, 203, '2024-02-25 01:33:13'),
(2044, 872, 55, '2024-02-25 01:33:13'),
(2045, 810, 72, '2024-02-25 01:33:13'),
(2046, 538, 90, '2024-02-25 01:33:13'),
(2047, 125, 26, '2024-02-25 01:33:13'),
(2048, 712, 141, '2024-02-25 01:33:13'),
(2049, 808, 10, '2024-02-25 01:33:13'),
(2050, 71, 103, '2024-02-25 01:33:13'),
(2051, 982, 184, '2024-02-25 01:33:13'),
(2052, 870, 207, '2024-02-25 01:33:13'),
(2053, 681, 157, '2024-02-25 01:33:13'),
(2054, 9, 5, '2024-02-25 01:33:13'),
(2055, 916, 125, '2024-02-25 01:33:13'),
(2056, 320, 14, '2024-02-25 01:33:13'),
(2057, 41, 126, '2024-02-25 01:33:13'),
(2058, 183, 195, '2024-02-25 01:33:13'),
(2059, 814, 174, '2024-02-25 01:33:13'),
(2060, 853, 77, '2024-02-25 01:33:13'),
(2061, 110, 80, '2024-02-25 01:33:13'),
(2062, 688, 205, '2024-02-25 01:33:13'),
(2063, 399, 66, '2024-02-25 01:33:13'),
(2064, 467, 199, '2024-02-25 01:33:13'),
(2065, 193, 69, '2024-02-25 01:33:13'),
(2066, 954, 34, '2024-02-25 01:33:13'),
(2067, 172, 218, '2024-02-25 01:33:13'),
(2068, 648, 9, '2024-02-25 01:33:13'),
(2069, 799, 215, '2024-02-25 01:33:13'),
(2070, 241, 50, '2024-02-25 01:33:13'),
(2071, 952, 128, '2024-02-25 01:33:13'),
(2072, 88, 209, '2024-02-25 01:33:13'),
(2073, 191, 28, '2024-02-25 01:33:13'),
(2074, 421, 219, '2024-02-25 01:33:13'),
(2075, 799, 86, '2024-02-25 01:33:13'),
(2076, 311, 29, '2024-02-25 01:33:13'),
(2077, 192, 116, '2024-02-25 01:33:13'),
(2078, 935, 153, '2024-02-25 01:33:13'),
(2079, 192, 140, '2024-02-25 01:33:13'),
(2080, 680, 143, '2024-02-25 01:33:13'),
(2081, 688, 85, '2024-02-25 01:33:13'),
(2082, 742, 83, '2024-02-25 01:33:13'),
(2083, 290, 68, '2024-02-25 01:33:13'),
(2084, 916, 93, '2024-02-25 01:33:13'),
(2085, 730, 73, '2024-02-25 01:33:13'),
(2086, 778, 14, '2024-02-25 01:33:13'),
(2087, 181, 203, '2024-02-25 01:33:13'),
(2088, 501, 74, '2024-02-25 01:33:13'),
(2089, 96, 43, '2024-02-25 01:33:13'),
(2090, 418, 77, '2024-02-25 01:33:13'),
(2091, 427, 17, '2024-02-25 01:33:13'),
(2092, 65, 205, '2024-02-25 01:33:13'),
(2093, 1020, 207, '2024-02-25 01:33:13'),
(2094, 974, 71, '2024-02-25 01:33:13'),
(2095, 860, 35, '2024-02-25 01:33:13'),
(2096, 431, 55, '2024-02-25 01:33:13'),
(2097, 242, 119, '2024-02-25 01:33:13'),
(2098, 945, 72, '2024-02-25 01:33:13'),
(2099, 459, 165, '2024-02-25 01:33:13'),
(2100, 655, 41, '2024-02-25 01:33:13'),
(2101, 825, 8, '2024-02-25 01:33:13'),
(2102, 352, 31, '2024-02-25 01:33:13'),
(2103, 746, 219, '2024-02-25 01:33:13'),
(2104, 339, 111, '2024-02-25 01:33:13'),
(2105, 365, 35, '2024-02-25 01:33:13'),
(2106, 13, 158, '2024-02-25 01:33:13'),
(2107, 702, 203, '2024-02-25 01:33:13'),
(2108, 854, 57, '2024-02-25 01:33:13'),
(2109, 35, 7, '2024-02-25 01:33:13'),
(2110, 280, 19, '2024-02-25 01:33:13'),
(2111, 128, 181, '2024-02-25 01:33:13'),
(2112, 506, 134, '2024-02-25 01:33:13'),
(2113, 505, 56, '2024-02-25 01:33:13'),
(2114, 282, 14, '2024-02-25 01:33:13'),
(2115, 235, 42, '2024-02-25 01:33:13'),
(2116, 298, 154, '2024-02-25 01:33:13'),
(2117, 548, 55, '2024-02-25 01:33:13'),
(2118, 418, 37, '2024-02-25 01:33:13'),
(2119, 38, 34, '2024-02-25 01:33:13'),
(2120, 592, 213, '2024-02-25 01:33:13'),
(2121, 841, 130, '2024-02-25 01:33:13'),
(2122, 927, 135, '2024-02-25 01:33:13'),
(2123, 941, 222, '2024-02-25 01:33:13'),
(2124, 758, 127, '2024-02-25 01:33:13'),
(2125, 641, 145, '2024-02-25 01:33:13'),
(2126, 905, 19, '2024-02-25 01:33:13'),
(2127, 538, 194, '2024-02-25 01:33:13'),
(2128, 278, 145, '2024-02-25 01:33:13'),
(2129, 1013, 65, '2024-02-25 01:33:13'),
(2130, 269, 3, '2024-02-25 01:33:13'),
(2131, 635, 190, '2024-02-25 01:33:13'),
(2132, 94, 165, '2024-02-25 01:33:13'),
(2133, 67, 68, '2024-02-25 01:33:13'),
(2134, 928, 140, '2024-02-25 01:33:13'),
(2135, 153, 157, '2024-02-25 01:33:13'),
(2136, 694, 74, '2024-02-25 01:33:13'),
(2137, 92, 191, '2024-02-25 01:33:13'),
(2138, 178, 211, '2024-02-25 01:33:13'),
(2139, 755, 117, '2024-02-25 01:33:13'),
(2140, 437, 84, '2024-02-25 01:33:13'),
(2141, 202, 24, '2024-02-25 01:33:13'),
(2142, 277, 14, '2024-02-25 01:33:13'),
(2143, 951, 186, '2024-02-25 01:33:13'),
(2144, 1000, 202, '2024-02-25 01:33:13'),
(2145, 916, 151, '2024-02-25 01:33:13'),
(2146, 470, 142, '2024-02-25 01:33:13'),
(2147, 90, 20, '2024-02-25 01:33:13'),
(2148, 769, 74, '2024-02-25 01:33:13'),
(2149, 479, 35, '2024-02-25 01:33:13'),
(2150, 716, 22, '2024-02-25 01:33:13'),
(2151, 82, 142, '2024-02-25 01:33:13'),
(2152, 871, 122, '2024-02-25 01:33:13'),
(2153, 475, 17, '2024-02-25 01:33:13'),
(2154, 8, 27, '2024-02-25 01:33:13'),
(2155, 156, 79, '2024-02-25 01:33:13'),
(2156, 353, 107, '2024-02-25 01:33:13'),
(2157, 121, 66, '2024-02-25 01:33:13'),
(2158, 197, 190, '2024-02-25 01:33:13'),
(2159, 425, 174, '2024-02-25 01:33:13'),
(2160, 868, 210, '2024-02-25 01:33:14'),
(2161, 456, 34, '2024-02-25 01:33:14'),
(2162, 782, 96, '2024-02-25 01:33:14'),
(2163, 853, 57, '2024-02-25 01:33:14'),
(2164, 383, 221, '2024-02-25 01:33:14'),
(2165, 695, 42, '2024-02-25 01:33:14'),
(2166, 112, 17, '2024-02-25 01:33:14'),
(2167, 965, 39, '2024-02-25 01:33:14'),
(2168, 438, 175, '2024-02-25 01:33:14'),
(2169, 524, 24, '2024-02-25 01:33:14'),
(2170, 200, 126, '2024-02-25 01:33:14'),
(2171, 303, 132, '2024-02-25 01:33:14'),
(2172, 355, 37, '2024-02-25 01:33:14'),
(2173, 243, 135, '2024-02-25 01:33:14'),
(2174, 525, 63, '2024-02-25 01:33:14'),
(2175, 6, 45, '2024-02-25 01:33:14'),
(2176, 462, 204, '2024-02-25 01:33:14'),
(2177, 611, 13, '2024-02-25 01:33:14'),
(2178, 807, 8, '2024-02-25 01:33:14'),
(2179, 460, 106, '2024-02-25 01:33:14'),
(2180, 901, 144, '2024-02-25 01:33:14'),
(2181, 108, 93, '2024-02-25 01:33:14'),
(2182, 610, 118, '2024-02-25 01:33:14'),
(2183, 768, 118, '2024-02-25 01:33:14'),
(2184, 281, 18, '2024-02-25 01:33:14'),
(2185, 605, 200, '2024-02-25 01:33:14'),
(2186, 417, 136, '2024-02-25 01:33:14'),
(2187, 667, 70, '2024-02-25 01:33:14'),
(2188, 602, 176, '2024-02-25 01:33:14'),
(2189, 88, 116, '2024-02-25 01:33:14'),
(2190, 418, 194, '2024-02-25 01:33:14'),
(2191, 972, 208, '2024-02-25 01:33:14'),
(2192, 1003, 217, '2024-02-25 01:33:14'),
(2193, 146, 150, '2024-02-25 01:33:14'),
(2194, 538, 68, '2024-02-25 01:33:14'),
(2195, 491, 179, '2024-02-25 01:33:14'),
(2196, 40, 36, '2024-02-25 01:33:14'),
(2197, 252, 164, '2024-02-25 01:33:14'),
(2198, 519, 88, '2024-02-25 01:33:14'),
(2199, 765, 129, '2024-02-25 01:33:14'),
(2200, 472, 88, '2024-02-25 01:33:14'),
(2201, 184, 122, '2024-02-25 01:33:14'),
(2202, 833, 179, '2024-02-25 01:33:14'),
(2203, 1012, 147, '2024-02-25 01:33:14'),
(2204, 129, 141, '2024-02-25 01:33:14'),
(2205, 759, 217, '2024-02-25 01:33:14'),
(2206, 649, 179, '2024-02-25 01:33:14'),
(2207, 564, 202, '2024-02-25 01:33:14'),
(2208, 979, 70, '2024-02-25 01:33:14'),
(2209, 770, 120, '2024-02-25 01:33:14'),
(2210, 156, 165, '2024-02-25 01:33:14'),
(2211, 66, 84, '2024-02-25 01:33:14'),
(2212, 806, 140, '2024-02-25 01:33:14'),
(2213, 302, 117, '2024-02-25 01:33:14'),
(2214, 309, 81, '2024-02-25 01:33:14'),
(2215, 931, 189, '2024-02-25 01:33:14'),
(2216, 63, 67, '2024-02-25 01:33:14'),
(2217, 510, 57, '2024-02-25 01:33:14'),
(2218, 857, 54, '2024-02-25 01:33:14'),
(2219, 841, 215, '2024-02-25 01:33:14'),
(2220, 891, 13, '2024-02-25 01:33:14'),
(2221, 675, 20, '2024-02-25 01:33:14'),
(2222, 392, 164, '2024-02-25 01:33:14'),
(2223, 450, 122, '2024-02-25 01:33:14'),
(2224, 842, 22, '2024-02-25 01:33:14'),
(2225, 14, 153, '2024-02-25 01:33:14'),
(2226, 198, 19, '2024-02-25 01:33:14'),
(2227, 101, 147, '2024-02-25 01:33:14'),
(2228, 807, 23, '2024-02-25 01:33:14'),
(2229, 286, 93, '2024-02-25 01:33:14'),
(2230, 331, 209, '2024-02-25 01:33:14'),
(2231, 682, 3, '2024-02-25 01:33:14'),
(2232, 743, 117, '2024-02-25 01:33:14'),
(2233, 492, 123, '2024-02-25 01:33:14'),
(2234, 100, 83, '2024-02-25 01:33:14'),
(2235, 831, 113, '2024-02-25 01:33:14'),
(2236, 696, 46, '2024-02-25 01:33:14'),
(2237, 537, 20, '2024-02-25 01:33:14'),
(2238, 656, 117, '2024-02-25 01:33:14'),
(2239, 133, 144, '2024-02-25 01:33:14'),
(2240, 575, 215, '2024-02-25 01:33:14'),
(2241, 985, 221, '2024-02-25 01:33:14'),
(2242, 156, 112, '2024-02-25 01:33:14'),
(2243, 1011, 176, '2024-02-25 01:33:14'),
(2244, 132, 178, '2024-02-25 01:33:14'),
(2245, 508, 70, '2024-02-25 01:33:14'),
(2246, 959, 130, '2024-02-25 01:33:14'),
(2247, 483, 119, '2024-02-25 01:33:14'),
(2248, 91, 147, '2024-02-25 01:33:14'),
(2249, 970, 45, '2024-02-25 01:33:14'),
(2250, 252, 80, '2024-02-25 01:33:14'),
(2251, 787, 152, '2024-02-25 01:33:14'),
(2252, 846, 91, '2024-02-25 01:33:14'),
(2253, 254, 216, '2024-02-25 01:33:14'),
(2254, 237, 38, '2024-02-25 01:33:14'),
(2255, 75, 49, '2024-02-25 01:33:14'),
(2256, 410, 151, '2024-02-25 01:33:14'),
(2257, 377, 12, '2024-02-25 01:33:14'),
(2258, 53, 55, '2024-02-25 01:33:14'),
(2259, 128, 96, '2024-02-25 01:33:14'),
(2260, 972, 161, '2024-02-25 01:33:14'),
(2261, 726, 66, '2024-02-25 01:33:14'),
(2262, 509, 3, '2024-02-25 01:33:14'),
(2263, 17, 113, '2024-02-25 01:33:14'),
(2264, 364, 17, '2024-02-25 01:33:14'),
(2265, 686, 36, '2024-02-25 01:33:14'),
(2266, 635, 58, '2024-02-25 01:33:14'),
(2267, 842, 34, '2024-02-25 01:33:14'),
(2268, 989, 114, '2024-02-25 01:33:14'),
(2269, 757, 130, '2024-02-25 01:33:14'),
(2270, 659, 39, '2024-02-25 01:33:15'),
(2271, 156, 202, '2024-02-25 01:33:15'),
(2272, 962, 114, '2024-02-25 01:33:15'),
(2273, 129, 132, '2024-02-25 01:33:15'),
(2274, 306, 151, '2024-02-25 01:33:15'),
(2275, 310, 111, '2024-02-25 01:33:15'),
(2276, 1020, 192, '2024-02-25 01:33:15'),
(2277, 531, 126, '2024-02-25 01:33:15'),
(2278, 875, 214, '2024-02-25 01:33:15'),
(2279, 959, 25, '2024-02-25 01:33:15'),
(2280, 1005, 155, '2024-02-25 01:33:15'),
(2281, 720, 134, '2024-02-25 01:33:15'),
(2282, 465, 23, '2024-02-25 01:33:15'),
(2283, 625, 25, '2024-02-25 01:33:15'),
(2284, 985, 104, '2024-02-25 01:33:15'),
(2285, 829, 137, '2024-02-25 01:33:15'),
(2286, 1009, 133, '2024-02-25 01:33:15'),
(2287, 158, 182, '2024-02-25 01:33:15'),
(2288, 934, 149, '2024-02-25 01:33:15'),
(2289, 502, 136, '2024-02-25 01:33:15'),
(2290, 849, 45, '2024-02-25 01:33:15'),
(2291, 738, 80, '2024-02-25 01:33:15'),
(2292, 526, 47, '2024-02-25 01:33:15'),
(2293, 989, 149, '2024-02-25 01:33:15'),
(2294, 294, 55, '2024-02-25 01:33:15'),
(2295, 63, 160, '2024-02-25 01:33:15'),
(2296, 583, 61, '2024-02-25 01:33:15'),
(2297, 734, 136, '2024-02-25 01:33:15'),
(2298, 848, 175, '2024-02-25 01:33:15'),
(2299, 308, 50, '2024-02-25 01:33:15'),
(2300, 529, 142, '2024-02-25 01:33:15'),
(2301, 233, 173, '2024-02-25 01:33:15'),
(2302, 1013, 72, '2024-02-25 01:33:15'),
(2303, 103, 39, '2024-02-25 01:33:15'),
(2304, 278, 6, '2024-02-25 01:33:15'),
(2305, 560, 216, '2024-02-25 01:33:15'),
(2306, 446, 5, '2024-02-25 01:33:15'),
(2307, 478, 87, '2024-02-25 01:33:15'),
(2308, 291, 85, '2024-02-25 01:33:15'),
(2309, 372, 163, '2024-02-25 01:33:15'),
(2310, 216, 79, '2024-02-25 01:33:15'),
(2311, 144, 210, '2024-02-25 01:33:15'),
(2312, 358, 185, '2024-02-25 01:33:15'),
(2313, 518, 201, '2024-02-25 01:33:15'),
(2314, 799, 169, '2024-02-25 01:33:15'),
(2315, 594, 89, '2024-02-25 01:33:15'),
(2316, 562, 23, '2024-02-25 01:33:15'),
(2317, 124, 39, '2024-02-25 01:33:15'),
(2318, 144, 37, '2024-02-25 01:33:15'),
(2319, 427, 27, '2024-02-25 01:33:15'),
(2320, 825, 134, '2024-02-25 01:33:15'),
(2321, 444, 18, '2024-02-25 01:33:15'),
(2322, 76, 83, '2024-02-25 01:33:15'),
(2323, 144, 146, '2024-02-25 01:33:15'),
(2324, 193, 49, '2024-02-25 01:33:15'),
(2325, 285, 93, '2024-02-25 01:33:15'),
(2326, 821, 199, '2024-02-25 01:33:15'),
(2327, 213, 148, '2024-02-25 01:33:15'),
(2328, 941, 177, '2024-02-25 01:33:15'),
(2329, 239, 137, '2024-02-25 01:33:15'),
(2330, 843, 24, '2024-02-25 01:33:15'),
(2331, 662, 12, '2024-02-25 01:33:15'),
(2332, 219, 191, '2024-02-25 01:33:15'),
(2333, 24, 94, '2024-02-25 01:33:15'),
(2334, 59, 1, '2024-02-25 01:33:15'),
(2335, 575, 165, '2024-02-25 01:33:15'),
(2336, 38, 179, '2024-02-25 01:33:15'),
(2337, 728, 209, '2024-02-25 01:33:15'),
(2338, 473, 39, '2024-02-25 01:33:15'),
(2339, 199, 222, '2024-02-25 01:33:15'),
(2340, 947, 193, '2024-02-25 01:33:15'),
(2341, 826, 156, '2024-02-25 01:33:15'),
(2342, 497, 93, '2024-02-25 01:33:15'),
(2343, 560, 161, '2024-02-25 01:33:15'),
(2344, 517, 107, '2024-02-25 01:33:15'),
(2345, 171, 39, '2024-02-25 01:33:15'),
(2346, 796, 97, '2024-02-25 01:33:15'),
(2347, 779, 116, '2024-02-25 01:33:15'),
(2348, 628, 141, '2024-02-25 01:33:15'),
(2349, 706, 178, '2024-02-25 01:33:15'),
(2350, 246, 49, '2024-02-25 01:33:15'),
(2351, 31, 30, '2024-02-25 01:33:15'),
(2352, 725, 26, '2024-02-25 01:33:15'),
(2353, 941, 139, '2024-02-25 01:33:15'),
(2354, 870, 160, '2024-02-25 01:33:15'),
(2355, 351, 99, '2024-02-25 01:33:15'),
(2356, 32, 43, '2024-02-25 01:33:16'),
(2357, 748, 118, '2024-02-25 01:33:16'),
(2358, 636, 9, '2024-02-25 01:33:16'),
(2359, 175, 144, '2024-02-25 01:33:16'),
(2360, 816, 15, '2024-02-25 01:33:16'),
(2361, 821, 197, '2024-02-25 01:33:16'),
(2362, 22, 15, '2024-02-25 01:33:16'),
(2363, 397, 65, '2024-02-25 01:33:16'),
(2364, 340, 159, '2024-02-25 01:33:16'),
(2365, 594, 191, '2024-02-25 01:33:16'),
(2366, 953, 116, '2024-02-25 01:33:16'),
(2367, 502, 187, '2024-02-25 01:33:16'),
(2368, 933, 183, '2024-02-25 01:33:16'),
(2369, 136, 38, '2024-02-25 01:33:16'),
(2370, 139, 155, '2024-02-25 01:33:16'),
(2371, 318, 102, '2024-02-25 01:33:16'),
(2372, 939, 222, '2024-02-25 01:33:16'),
(2373, 1011, 82, '2024-02-25 01:33:16'),
(2374, 803, 152, '2024-02-25 01:33:16'),
(2375, 255, 25, '2024-02-25 01:33:16'),
(2376, 231, 204, '2024-02-25 01:33:16'),
(2377, 171, 24, '2024-02-25 01:33:16'),
(2378, 166, 118, '2024-02-25 01:33:16'),
(2379, 567, 65, '2024-02-25 01:33:16'),
(2380, 146, 54, '2024-02-25 01:33:16'),
(2381, 482, 105, '2024-02-25 01:33:16'),
(2382, 827, 219, '2024-02-25 01:33:16'),
(2383, 1012, 122, '2024-02-25 01:33:16'),
(2384, 138, 8, '2024-02-25 01:33:16'),
(2385, 531, 35, '2024-02-25 01:33:16'),
(2386, 987, 57, '2024-02-25 01:33:16'),
(2387, 829, 31, '2024-02-25 01:33:16'),
(2388, 207, 186, '2024-02-25 01:33:16'),
(2389, 23, 69, '2024-02-25 01:33:16'),
(2390, 936, 190, '2024-02-25 01:33:16'),
(2391, 694, 88, '2024-02-25 01:33:16'),
(2392, 804, 162, '2024-02-25 01:33:16'),
(2393, 557, 29, '2024-02-25 01:33:16'),
(2394, 774, 73, '2024-02-25 01:33:16'),
(2395, 137, 140, '2024-02-25 01:33:16'),
(2396, 695, 120, '2024-02-25 01:33:16'),
(2397, 575, 38, '2024-02-25 01:33:16'),
(2398, 256, 197, '2024-02-25 01:33:16'),
(2399, 629, 1, '2024-02-25 01:33:16'),
(2400, 94, 163, '2024-02-25 01:33:16'),
(2401, 888, 73, '2024-02-25 01:33:16'),
(2402, 210, 4, '2024-02-25 01:33:16'),
(2403, 316, 92, '2024-02-25 01:33:16'),
(2404, 335, 95, '2024-02-25 01:33:16'),
(2405, 225, 84, '2024-02-25 01:33:16'),
(2406, 238, 38, '2024-02-25 01:33:16'),
(2407, 883, 172, '2024-02-25 01:33:16'),
(2408, 400, 81, '2024-02-25 01:33:16'),
(2409, 956, 20, '2024-02-25 01:33:16'),
(2410, 538, 14, '2024-02-25 01:33:16'),
(2411, 692, 172, '2024-02-25 01:33:16'),
(2412, 550, 138, '2024-02-25 01:33:16'),
(2413, 856, 30, '2024-02-25 01:33:16'),
(2414, 855, 199, '2024-02-25 01:33:16'),
(2415, 33, 209, '2024-02-25 01:33:16'),
(2416, 426, 62, '2024-02-25 01:33:16'),
(2417, 152, 171, '2024-02-25 01:33:16'),
(2418, 923, 93, '2024-02-25 01:33:16'),
(2419, 393, 83, '2024-02-25 01:33:16'),
(2420, 117, 205, '2024-02-25 01:33:16'),
(2421, 415, 218, '2024-02-25 01:33:16'),
(2422, 43, 213, '2024-02-25 01:33:16'),
(2423, 984, 58, '2024-02-25 01:33:16'),
(2424, 318, 55, '2024-02-25 01:33:16'),
(2425, 16, 132, '2024-02-25 01:33:16'),
(2426, 374, 104, '2024-02-25 01:33:16'),
(2427, 155, 153, '2024-02-25 01:33:16'),
(2428, 285, 121, '2024-02-25 01:33:16'),
(2429, 981, 183, '2024-02-25 01:33:16'),
(2430, 249, 87, '2024-02-25 01:33:16'),
(2431, 110, 220, '2024-02-25 01:33:16'),
(2432, 188, 221, '2024-02-25 01:33:16'),
(2433, 627, 199, '2024-02-25 01:33:16'),
(2434, 120, 150, '2024-02-25 01:33:16'),
(2435, 717, 99, '2024-02-25 01:33:16'),
(2436, 211, 201, '2024-02-25 01:33:16'),
(2437, 8, 182, '2024-02-25 01:33:16'),
(2438, 691, 102, '2024-02-25 01:33:16'),
(2439, 895, 118, '2024-02-25 01:33:16'),
(2440, 385, 101, '2024-02-25 01:33:16'),
(2441, 592, 116, '2024-02-25 01:33:16'),
(2442, 579, 9, '2024-02-25 01:33:17'),
(2443, 304, 217, '2024-02-25 01:33:17'),
(2444, 866, 164, '2024-02-25 01:33:17'),
(2445, 697, 16, '2024-02-25 01:33:17'),
(2446, 924, 54, '2024-02-25 01:33:17'),
(2447, 346, 190, '2024-02-25 01:33:17'),
(2448, 841, 41, '2024-02-25 01:33:17'),
(2449, 555, 18, '2024-02-25 01:33:17'),
(2450, 793, 41, '2024-02-25 01:33:17'),
(2451, 435, 92, '2024-02-25 01:33:17'),
(2452, 284, 177, '2024-02-25 01:33:17'),
(2453, 280, 113, '2024-02-25 01:33:17'),
(2454, 999, 58, '2024-02-25 01:33:17'),
(2455, 304, 167, '2024-02-25 01:33:17'),
(2456, 562, 30, '2024-02-25 01:33:17'),
(2457, 753, 35, '2024-02-25 01:33:17'),
(2458, 883, 150, '2024-02-25 01:33:17'),
(2459, 458, 203, '2024-02-25 01:33:17'),
(2460, 383, 176, '2024-02-25 01:33:17'),
(2461, 563, 153, '2024-02-25 01:33:17'),
(2462, 616, 199, '2024-02-25 01:33:17'),
(2463, 561, 87, '2024-02-25 01:33:17'),
(2464, 206, 102, '2024-02-25 01:33:17'),
(2465, 284, 13, '2024-02-25 01:33:17'),
(2466, 54, 15, '2024-02-25 01:33:17'),
(2467, 764, 140, '2024-02-25 01:33:17'),
(2468, 483, 177, '2024-02-25 01:33:17'),
(2469, 760, 119, '2024-02-25 01:33:17'),
(2470, 724, 201, '2024-02-25 01:33:17'),
(2471, 11, 213, '2024-02-25 01:33:17'),
(2472, 138, 78, '2024-02-25 01:33:17'),
(2473, 447, 196, '2024-02-25 01:33:17'),
(2474, 216, 177, '2024-02-25 01:33:17'),
(2475, 553, 1, '2024-02-25 01:33:17'),
(2476, 429, 51, '2024-02-25 01:33:17'),
(2477, 257, 103, '2024-02-25 01:33:17'),
(2478, 118, 100, '2024-02-25 01:33:17'),
(2479, 864, 79, '2024-02-25 01:33:17'),
(2480, 789, 175, '2024-02-25 01:33:17'),
(2481, 179, 99, '2024-02-25 01:33:17'),
(2482, 890, 104, '2024-02-25 01:33:17'),
(2483, 358, 204, '2024-02-25 01:33:17'),
(2484, 854, 75, '2024-02-25 01:33:17'),
(2485, 849, 110, '2024-02-25 01:33:17'),
(2486, 697, 25, '2024-02-25 01:33:17'),
(2487, 832, 43, '2024-02-25 01:33:17'),
(2488, 801, 136, '2024-02-25 01:33:17'),
(2489, 577, 140, '2024-02-25 01:33:17'),
(2490, 787, 216, '2024-02-25 01:33:17'),
(2491, 454, 34, '2024-02-25 01:33:17'),
(2492, 826, 175, '2024-02-25 01:33:17'),
(2493, 673, 100, '2024-02-25 01:33:17'),
(2494, 555, 100, '2024-02-25 01:33:17'),
(2495, 392, 81, '2024-02-25 01:33:17'),
(2496, 274, 55, '2024-02-25 01:33:17'),
(2497, 375, 128, '2024-02-25 01:33:17'),
(2498, 466, 67, '2024-02-25 01:33:17'),
(2499, 213, 153, '2024-02-25 01:33:17'),
(2500, 199, 3, '2024-02-25 01:33:17'),
(2501, 648, 65, '2024-02-25 01:33:17'),
(2502, 660, 211, '2024-02-25 01:33:17'),
(2503, 329, 47, '2024-02-25 01:33:17'),
(2504, 170, 217, '2024-02-25 01:33:17'),
(2505, 295, 73, '2024-02-25 01:33:17'),
(2506, 121, 60, '2024-02-25 01:33:17'),
(2507, 444, 180, '2024-02-25 01:33:17'),
(2508, 981, 137, '2024-02-25 01:33:17'),
(2509, 165, 172, '2024-02-25 01:33:17'),
(2510, 289, 126, '2024-02-25 01:33:17'),
(2511, 600, 62, '2024-02-25 01:33:17'),
(2512, 407, 76, '2024-02-25 01:33:17'),
(2513, 1014, 143, '2024-02-25 01:33:17'),
(2514, 636, 13, '2024-02-25 01:33:17'),
(2515, 475, 33, '2024-02-25 01:33:17'),
(2516, 902, 40, '2024-02-25 01:33:17'),
(2517, 254, 144, '2024-02-25 01:33:17'),
(2518, 555, 15, '2024-02-25 01:33:17'),
(2519, 8, 179, '2024-02-25 01:33:17'),
(2520, 256, 198, '2024-02-25 01:33:18'),
(2521, 392, 56, '2024-02-25 01:33:18'),
(2522, 182, 149, '2024-02-25 01:33:18'),
(2523, 432, 55, '2024-02-25 01:33:18'),
(2524, 583, 83, '2024-02-25 01:33:18'),
(2525, 165, 101, '2024-02-25 01:33:18'),
(2526, 807, 17, '2024-02-25 01:33:18'),
(2527, 121, 53, '2024-02-25 01:33:18'),
(2528, 361, 173, '2024-02-25 01:33:18'),
(2529, 36, 3, '2024-02-25 01:33:18'),
(2530, 958, 109, '2024-02-25 01:33:18'),
(2531, 468, 199, '2024-02-25 01:33:18'),
(2532, 1, 72, '2024-02-25 01:33:18'),
(2533, 874, 148, '2024-02-25 01:33:18'),
(2534, 71, 21, '2024-02-25 01:33:18'),
(2535, 364, 82, '2024-02-25 01:33:18'),
(2536, 559, 199, '2024-02-25 01:33:18'),
(2537, 776, 192, '2024-02-25 01:33:18'),
(2538, 1023, 138, '2024-02-25 01:33:18'),
(2539, 95, 44, '2024-02-25 01:33:18'),
(2540, 972, 42, '2024-02-25 01:33:18'),
(2541, 579, 200, '2024-02-25 01:33:18'),
(2542, 267, 192, '2024-02-25 01:33:18'),
(2543, 18, 58, '2024-02-25 01:33:18'),
(2544, 379, 169, '2024-02-25 01:33:18'),
(2545, 676, 210, '2024-02-25 01:33:18'),
(2546, 275, 157, '2024-02-25 01:33:18'),
(2547, 653, 161, '2024-02-25 01:33:18'),
(2548, 308, 54, '2024-02-25 01:33:18'),
(2549, 139, 214, '2024-02-25 01:33:18'),
(2550, 729, 101, '2024-02-25 01:33:18'),
(2551, 986, 37, '2024-02-25 01:33:18'),
(2552, 129, 189, '2024-02-25 01:33:18'),
(2553, 349, 172, '2024-02-25 01:33:18'),
(2554, 924, 150, '2024-02-25 01:33:18'),
(2555, 171, 189, '2024-02-25 01:33:18'),
(2556, 812, 145, '2024-02-25 01:33:18'),
(2557, 52, 188, '2024-02-25 01:33:18'),
(2558, 1016, 69, '2024-02-25 01:33:18'),
(2559, 124, 171, '2024-02-25 01:33:18'),
(2560, 484, 80, '2024-02-25 01:33:18'),
(2561, 477, 155, '2024-02-25 01:33:18'),
(2562, 810, 181, '2024-02-25 01:33:18'),
(2563, 791, 49, '2024-02-25 01:33:18'),
(2564, 516, 87, '2024-02-25 01:33:18'),
(2565, 921, 7, '2024-02-25 01:33:18'),
(2566, 672, 30, '2024-02-25 01:33:18'),
(2567, 105, 197, '2024-02-25 01:33:18'),
(2568, 525, 68, '2024-02-25 01:33:18'),
(2569, 562, 3, '2024-02-25 01:33:18'),
(2570, 455, 138, '2024-02-25 01:33:18'),
(2571, 447, 120, '2024-02-25 01:33:18'),
(2572, 964, 106, '2024-02-25 01:33:18'),
(2573, 820, 156, '2024-02-25 01:33:18'),
(2574, 645, 176, '2024-02-25 01:33:18'),
(2575, 814, 212, '2024-02-25 01:33:18'),
(2576, 642, 56, '2024-02-25 01:33:18'),
(2577, 158, 2, '2024-02-25 01:33:18'),
(2578, 989, 40, '2024-02-25 01:33:18'),
(2579, 754, 78, '2024-02-25 01:33:18'),
(2580, 13, 193, '2024-02-25 01:33:18'),
(2581, 142, 107, '2024-02-25 01:33:18'),
(2582, 598, 201, '2024-02-25 01:33:18'),
(2583, 131, 198, '2024-02-25 01:33:18'),
(2584, 89, 204, '2024-02-25 01:33:18'),
(2585, 709, 136, '2024-02-25 01:33:18'),
(2586, 622, 137, '2024-02-25 01:33:18'),
(2587, 157, 217, '2024-02-25 01:33:18'),
(2588, 446, 122, '2024-02-25 01:33:18'),
(2589, 178, 69, '2024-02-25 01:33:18'),
(2590, 667, 29, '2024-02-25 01:33:18'),
(2591, 294, 92, '2024-02-25 01:33:18'),
(2592, 989, 136, '2024-02-25 01:33:18'),
(2593, 439, 163, '2024-02-25 01:33:18'),
(2594, 840, 176, '2024-02-25 01:33:18'),
(2595, 657, 55, '2024-02-25 01:33:18'),
(2596, 478, 43, '2024-02-25 01:33:18'),
(2597, 536, 99, '2024-02-25 01:33:18'),
(2598, 188, 47, '2024-02-25 01:33:18'),
(2599, 527, 123, '2024-02-25 01:33:18'),
(2600, 988, 198, '2024-02-25 01:33:18'),
(2601, 155, 6, '2024-02-25 01:33:18'),
(2602, 583, 94, '2024-02-25 01:33:18'),
(2603, 948, 154, '2024-02-25 01:33:18'),
(2604, 84, 25, '2024-02-25 01:33:18'),
(2605, 247, 82, '2024-02-25 01:33:18'),
(2606, 150, 217, '2024-02-25 01:33:18'),
(2607, 333, 50, '2024-02-25 01:33:18'),
(2608, 877, 85, '2024-02-25 01:33:18'),
(2609, 816, 56, '2024-02-25 01:33:18'),
(2610, 316, 149, '2024-02-25 01:33:18'),
(2611, 246, 63, '2024-02-25 01:33:18'),
(2612, 917, 192, '2024-02-25 01:33:18'),
(2613, 829, 25, '2024-02-25 01:33:18'),
(2614, 21, 9, '2024-02-25 01:33:18'),
(2615, 618, 77, '2024-02-25 01:33:18'),
(2616, 383, 46, '2024-02-25 01:33:18'),
(2617, 476, 123, '2024-02-25 01:33:18'),
(2618, 264, 84, '2024-02-25 01:33:18'),
(2619, 879, 170, '2024-02-25 01:33:18'),
(2620, 349, 181, '2024-02-25 01:33:18'),
(2621, 309, 48, '2024-02-25 01:33:18'),
(2622, 519, 58, '2024-02-25 01:33:18'),
(2623, 118, 71, '2024-02-25 01:33:18'),
(2624, 712, 128, '2024-02-25 01:33:18'),
(2625, 850, 122, '2024-02-25 01:33:18'),
(2626, 1011, 117, '2024-02-25 01:33:18');
INSERT INTO `Likes` (`like_id`, `user_id`, `image_id`, `liked_at`) VALUES
(2627, 601, 218, '2024-02-25 01:33:18'),
(2628, 655, 30, '2024-02-25 01:33:18'),
(2629, 827, 80, '2024-02-25 01:33:18'),
(2630, 366, 114, '2024-02-25 01:33:18'),
(2631, 878, 107, '2024-02-25 01:33:18'),
(2632, 935, 35, '2024-02-25 01:33:18'),
(2633, 545, 22, '2024-02-25 01:33:18'),
(2634, 542, 17, '2024-02-25 01:33:18'),
(2635, 993, 101, '2024-02-25 01:33:18'),
(2636, 615, 46, '2024-02-25 01:33:18'),
(2637, 137, 39, '2024-02-25 01:33:18'),
(2638, 294, 55, '2024-02-25 01:33:18'),
(2639, 752, 118, '2024-02-25 01:33:18'),
(2640, 190, 99, '2024-02-25 01:33:18'),
(2641, 338, 8, '2024-02-25 01:33:18'),
(2642, 188, 155, '2024-02-25 01:33:18'),
(2643, 950, 21, '2024-02-25 01:33:18'),
(2644, 121, 93, '2024-02-25 01:33:18'),
(2645, 947, 133, '2024-02-25 01:33:18'),
(2646, 352, 53, '2024-02-25 01:33:18'),
(2647, 142, 177, '2024-02-25 01:33:18'),
(2648, 614, 106, '2024-02-25 01:33:18'),
(2649, 885, 29, '2024-02-25 01:33:18'),
(2650, 796, 68, '2024-02-25 01:33:18'),
(2651, 29, 3, '2024-02-25 01:33:18'),
(2652, 216, 12, '2024-02-25 01:33:18'),
(2653, 95, 183, '2024-02-25 01:33:18'),
(2654, 323, 106, '2024-02-25 01:33:18'),
(2655, 313, 177, '2024-02-25 01:33:18'),
(2656, 699, 63, '2024-02-25 01:33:18'),
(2657, 493, 88, '2024-02-25 01:33:18'),
(2658, 541, 38, '2024-02-25 01:33:18'),
(2659, 995, 17, '2024-02-25 01:33:19'),
(2660, 352, 220, '2024-02-25 01:33:19'),
(2661, 500, 134, '2024-02-25 01:33:19'),
(2662, 43, 19, '2024-02-25 01:33:19'),
(2663, 518, 65, '2024-02-25 01:33:19'),
(2664, 137, 32, '2024-02-25 01:33:19'),
(2665, 705, 166, '2024-02-25 01:33:19'),
(2666, 462, 179, '2024-02-25 01:33:19'),
(2667, 4, 160, '2024-02-25 01:33:19'),
(2668, 31, 119, '2024-02-25 01:33:19'),
(2669, 45, 55, '2024-02-25 01:33:19'),
(2670, 653, 124, '2024-02-25 01:33:19'),
(2671, 42, 50, '2024-02-25 01:33:19'),
(2672, 40, 55, '2024-02-25 01:33:19'),
(2673, 620, 2, '2024-02-25 01:33:19'),
(2674, 782, 156, '2024-02-25 01:33:19'),
(2675, 482, 184, '2024-02-25 01:33:19'),
(2676, 832, 69, '2024-02-25 01:33:19'),
(2677, 224, 149, '2024-02-25 01:33:19'),
(2678, 480, 111, '2024-02-25 01:33:19'),
(2679, 100, 12, '2024-02-25 01:33:19'),
(2680, 835, 217, '2024-02-25 01:33:19'),
(2681, 676, 70, '2024-02-25 01:33:19'),
(2682, 719, 146, '2024-02-25 01:33:19'),
(2683, 766, 188, '2024-02-25 01:33:19'),
(2684, 252, 109, '2024-02-25 01:33:19'),
(2685, 649, 216, '2024-02-25 01:33:19'),
(2686, 91, 141, '2024-02-25 01:33:19'),
(2687, 282, 88, '2024-02-25 01:33:19'),
(2688, 516, 118, '2024-02-25 01:33:19'),
(2689, 585, 106, '2024-02-25 01:33:19'),
(2690, 140, 24, '2024-02-25 01:33:19'),
(2691, 708, 63, '2024-02-25 01:33:19'),
(2692, 392, 131, '2024-02-25 01:33:19'),
(2693, 911, 144, '2024-02-25 01:33:19'),
(2694, 505, 60, '2024-02-25 01:33:19'),
(2695, 205, 193, '2024-02-25 01:33:19'),
(2696, 152, 147, '2024-02-25 01:33:19'),
(2697, 297, 123, '2024-02-25 01:33:19'),
(2698, 299, 113, '2024-02-25 01:33:19'),
(2699, 583, 207, '2024-02-25 01:33:19'),
(2700, 366, 156, '2024-02-25 01:33:19'),
(2701, 759, 141, '2024-02-25 01:33:19'),
(2702, 257, 168, '2024-02-25 01:33:19'),
(2703, 720, 28, '2024-02-25 01:33:19'),
(2704, 583, 84, '2024-02-25 01:33:19'),
(2705, 185, 135, '2024-02-25 01:33:19'),
(2706, 22, 96, '2024-02-25 01:33:19'),
(2707, 31, 111, '2024-02-25 01:33:19'),
(2708, 561, 128, '2024-02-25 01:33:19'),
(2709, 663, 151, '2024-02-25 01:33:19'),
(2710, 726, 36, '2024-02-25 01:33:19'),
(2711, 1004, 108, '2024-02-25 01:33:19'),
(2712, 645, 206, '2024-02-25 01:33:19'),
(2713, 190, 137, '2024-02-25 01:33:19'),
(2714, 579, 78, '2024-02-25 01:33:19'),
(2715, 984, 201, '2024-02-25 01:33:19'),
(2716, 827, 33, '2024-02-25 01:33:19'),
(2717, 730, 23, '2024-02-25 01:33:19'),
(2718, 134, 43, '2024-02-25 01:33:19'),
(2719, 725, 82, '2024-02-25 01:33:19'),
(2720, 953, 153, '2024-02-25 01:33:19'),
(2721, 772, 166, '2024-02-25 01:33:19'),
(2722, 857, 167, '2024-02-25 01:33:19'),
(2723, 91, 18, '2024-02-25 01:33:19'),
(2724, 149, 199, '2024-02-25 01:33:19'),
(2725, 491, 211, '2024-02-25 01:33:19'),
(2726, 12, 204, '2024-02-25 01:33:19'),
(2727, 390, 85, '2024-02-25 01:33:19'),
(2728, 994, 2, '2024-02-25 01:33:19'),
(2729, 978, 13, '2024-02-25 01:33:19'),
(2730, 339, 23, '2024-02-25 01:33:19'),
(2731, 624, 138, '2024-02-25 01:33:19'),
(2732, 560, 63, '2024-02-25 01:33:19'),
(2733, 554, 189, '2024-02-25 01:33:19'),
(2734, 960, 135, '2024-02-25 01:33:19'),
(2735, 603, 54, '2024-02-25 01:33:19'),
(2736, 794, 29, '2024-02-25 01:33:19'),
(2737, 476, 184, '2024-02-25 01:33:19'),
(2738, 972, 45, '2024-02-25 01:33:19'),
(2739, 211, 106, '2024-02-25 01:33:19'),
(2740, 108, 105, '2024-02-25 01:33:19'),
(2741, 366, 155, '2024-02-25 01:33:19'),
(2742, 675, 147, '2024-02-25 01:33:19'),
(2743, 176, 60, '2024-02-25 01:33:19'),
(2744, 829, 188, '2024-02-25 01:33:19'),
(2745, 806, 42, '2024-02-25 01:33:19'),
(2746, 408, 14, '2024-02-25 01:33:19'),
(2747, 804, 105, '2024-02-25 01:33:19'),
(2748, 193, 1, '2024-02-25 01:33:19'),
(2749, 433, 194, '2024-02-25 01:33:19'),
(2750, 854, 162, '2024-02-25 01:33:19'),
(2751, 640, 124, '2024-02-25 01:33:19'),
(2752, 964, 52, '2024-02-25 01:33:19'),
(2753, 33, 41, '2024-02-25 01:33:19'),
(2754, 876, 67, '2024-02-25 01:33:19'),
(2755, 875, 72, '2024-02-25 01:33:19'),
(2756, 781, 25, '2024-02-25 01:33:19'),
(2757, 334, 118, '2024-02-25 01:33:19'),
(2758, 777, 62, '2024-02-25 01:33:20'),
(2759, 967, 86, '2024-02-25 01:33:20'),
(2760, 3, 57, '2024-02-25 01:33:20'),
(2761, 959, 84, '2024-02-25 01:33:20'),
(2762, 14, 10, '2024-02-25 01:33:20'),
(2763, 17, 203, '2024-02-25 01:33:20'),
(2764, 862, 59, '2024-02-25 01:33:20'),
(2765, 746, 77, '2024-02-25 01:33:20'),
(2766, 885, 172, '2024-02-25 01:33:20'),
(2767, 587, 72, '2024-02-25 01:33:20'),
(2768, 109, 201, '2024-02-25 01:33:20'),
(2769, 253, 183, '2024-02-25 01:33:20'),
(2770, 1010, 210, '2024-02-25 01:33:20'),
(2771, 658, 140, '2024-02-25 01:33:20'),
(2772, 655, 66, '2024-02-25 01:33:20'),
(2773, 221, 31, '2024-02-25 01:33:20'),
(2774, 996, 195, '2024-02-25 01:33:20'),
(2775, 402, 184, '2024-02-25 01:33:20'),
(2776, 541, 6, '2024-02-25 01:33:20'),
(2777, 235, 123, '2024-02-25 01:33:20'),
(2778, 793, 19, '2024-02-25 01:33:20'),
(2779, 375, 136, '2024-02-25 01:33:20'),
(2780, 956, 115, '2024-02-25 01:33:20'),
(2781, 605, 130, '2024-02-25 01:33:20'),
(2782, 433, 131, '2024-02-25 01:33:20'),
(2783, 310, 21, '2024-02-25 01:33:20'),
(2784, 668, 35, '2024-02-25 01:33:20'),
(2785, 942, 95, '2024-02-25 01:33:20'),
(2786, 525, 27, '2024-02-25 01:33:20'),
(2787, 183, 106, '2024-02-25 01:33:20'),
(2788, 847, 59, '2024-02-25 01:33:20'),
(2789, 161, 205, '2024-02-25 01:33:20'),
(2790, 266, 166, '2024-02-25 01:33:20'),
(2791, 360, 164, '2024-02-25 01:33:20'),
(2792, 634, 138, '2024-02-25 01:33:20'),
(2793, 272, 172, '2024-02-25 01:33:20'),
(2794, 319, 69, '2024-02-25 01:33:20'),
(2795, 262, 159, '2024-02-25 01:33:20'),
(2796, 336, 51, '2024-02-25 01:33:20'),
(2797, 897, 142, '2024-02-25 01:33:20'),
(2798, 759, 133, '2024-02-25 01:33:20'),
(2799, 100, 203, '2024-02-25 01:33:20'),
(2800, 453, 45, '2024-02-25 01:33:20'),
(2801, 838, 70, '2024-02-25 01:33:20'),
(2802, 853, 168, '2024-02-25 01:33:20'),
(2803, 424, 133, '2024-02-25 01:33:20'),
(2804, 250, 168, '2024-02-25 01:33:20'),
(2805, 622, 208, '2024-02-25 01:33:20'),
(2806, 411, 209, '2024-02-25 01:33:20'),
(2807, 15, 216, '2024-02-25 01:33:20'),
(2808, 448, 19, '2024-02-25 01:33:20'),
(2809, 171, 173, '2024-02-25 01:33:20'),
(2810, 626, 42, '2024-02-25 01:33:20'),
(2811, 418, 141, '2024-02-25 01:33:20'),
(2812, 383, 179, '2024-02-25 01:33:20'),
(2813, 777, 128, '2024-02-25 01:33:20'),
(2814, 308, 35, '2024-02-25 01:33:20'),
(2815, 964, 211, '2024-02-25 01:33:20'),
(2816, 298, 99, '2024-02-25 01:33:20'),
(2817, 972, 7, '2024-02-25 01:33:20'),
(2818, 301, 147, '2024-02-25 01:33:20'),
(2819, 124, 84, '2024-02-25 01:33:20'),
(2820, 259, 26, '2024-02-25 01:33:20'),
(2821, 666, 217, '2024-02-25 01:33:20'),
(2822, 239, 176, '2024-02-25 01:33:20'),
(2823, 521, 68, '2024-02-25 01:33:20'),
(2824, 636, 211, '2024-02-25 01:33:20'),
(2825, 777, 167, '2024-02-25 01:33:20'),
(2826, 349, 206, '2024-02-25 01:33:20'),
(2827, 984, 29, '2024-02-25 01:33:20'),
(2828, 657, 92, '2024-02-25 01:33:20'),
(2829, 755, 87, '2024-02-25 01:33:20'),
(2830, 401, 112, '2024-02-25 01:33:20'),
(2831, 353, 145, '2024-02-25 01:33:20'),
(2832, 382, 29, '2024-02-25 01:33:20'),
(2833, 742, 54, '2024-02-25 01:33:20'),
(2834, 319, 74, '2024-02-25 01:33:20'),
(2835, 400, 31, '2024-02-25 01:33:20'),
(2836, 181, 82, '2024-02-25 01:33:20'),
(2837, 448, 29, '2024-02-25 01:33:20'),
(2838, 645, 198, '2024-02-25 01:33:20'),
(2839, 238, 82, '2024-02-25 01:33:20'),
(2840, 690, 75, '2024-02-25 01:33:20'),
(2841, 426, 86, '2024-02-25 01:33:20'),
(2842, 226, 89, '2024-02-25 01:33:20'),
(2843, 1007, 115, '2024-02-25 01:33:20'),
(2844, 17, 77, '2024-02-25 01:33:20'),
(2845, 531, 135, '2024-02-25 01:33:21'),
(2846, 50, 67, '2024-02-25 01:33:21'),
(2847, 484, 202, '2024-02-25 01:33:21'),
(2848, 783, 204, '2024-02-25 01:33:21'),
(2849, 728, 103, '2024-02-25 01:33:21'),
(2850, 984, 139, '2024-02-25 01:33:21'),
(2851, 431, 182, '2024-02-25 01:33:21'),
(2852, 937, 167, '2024-02-25 01:33:21'),
(2853, 900, 107, '2024-02-25 01:33:21'),
(2854, 315, 194, '2024-02-25 01:33:21'),
(2855, 315, 68, '2024-02-25 01:33:21'),
(2856, 660, 220, '2024-02-25 01:33:21'),
(2857, 107, 197, '2024-02-25 01:33:21'),
(2858, 133, 27, '2024-02-25 01:33:21'),
(2859, 495, 106, '2024-02-25 01:33:21'),
(2860, 15, 74, '2024-02-25 01:33:21'),
(2861, 360, 38, '2024-02-25 01:33:21'),
(2862, 620, 21, '2024-02-25 01:33:21'),
(2863, 142, 198, '2024-02-25 01:33:21'),
(2864, 102, 209, '2024-02-25 01:33:21'),
(2865, 652, 177, '2024-02-25 01:33:21'),
(2866, 230, 46, '2024-02-25 01:33:21'),
(2867, 873, 153, '2024-02-25 01:33:21'),
(2868, 311, 187, '2024-02-25 01:33:21'),
(2869, 962, 135, '2024-02-25 01:33:21'),
(2870, 830, 15, '2024-02-25 01:33:21'),
(2871, 925, 28, '2024-02-25 01:33:21'),
(2872, 332, 102, '2024-02-25 01:33:21'),
(2873, 827, 118, '2024-02-25 01:33:21'),
(2874, 834, 130, '2024-02-25 01:33:21'),
(2875, 90, 66, '2024-02-25 01:33:21'),
(2876, 510, 17, '2024-02-25 01:33:21'),
(2877, 485, 31, '2024-02-25 01:33:21'),
(2878, 920, 169, '2024-02-25 01:33:21'),
(2879, 185, 188, '2024-02-25 01:33:21'),
(2880, 421, 10, '2024-02-25 01:33:21'),
(2881, 570, 132, '2024-02-25 01:33:21'),
(2882, 823, 77, '2024-02-25 01:33:21'),
(2883, 204, 20, '2024-02-25 01:33:21'),
(2884, 971, 172, '2024-02-25 01:33:21'),
(2885, 515, 36, '2024-02-25 01:33:21'),
(2886, 696, 40, '2024-02-25 01:33:21'),
(2887, 243, 111, '2024-02-25 01:33:21'),
(2888, 800, 194, '2024-02-25 01:33:21'),
(2889, 935, 52, '2024-02-25 01:33:21'),
(2890, 913, 45, '2024-02-25 01:33:21'),
(2891, 167, 221, '2024-02-25 01:33:21'),
(2892, 716, 89, '2024-02-25 01:33:21'),
(2893, 459, 142, '2024-02-25 01:33:21'),
(2894, 444, 171, '2024-02-25 01:33:21'),
(2895, 797, 156, '2024-02-25 01:33:21'),
(2896, 792, 26, '2024-02-25 01:33:21'),
(2897, 313, 34, '2024-02-25 01:33:21'),
(2898, 541, 128, '2024-02-25 01:33:21'),
(2899, 675, 74, '2024-02-25 01:33:21'),
(2900, 676, 158, '2024-02-25 01:33:21'),
(2901, 229, 90, '2024-02-25 01:33:21'),
(2902, 819, 85, '2024-02-25 01:33:21'),
(2903, 633, 12, '2024-02-25 01:33:21'),
(2904, 351, 41, '2024-02-25 01:33:21'),
(2905, 699, 185, '2024-02-25 01:33:21'),
(2906, 870, 102, '2024-02-25 01:33:21'),
(2907, 784, 170, '2024-02-25 01:33:21'),
(2908, 614, 216, '2024-02-25 01:33:21'),
(2909, 599, 10, '2024-02-25 01:33:21'),
(2910, 740, 215, '2024-02-25 01:33:21'),
(2911, 352, 177, '2024-02-25 01:33:21'),
(2912, 481, 99, '2024-02-25 01:33:21'),
(2913, 631, 207, '2024-02-25 01:33:21'),
(2914, 881, 142, '2024-02-25 01:33:21'),
(2915, 872, 50, '2024-02-25 01:33:21'),
(2916, 53, 178, '2024-02-25 01:33:21'),
(2917, 146, 202, '2024-02-25 01:33:21'),
(2918, 475, 100, '2024-02-25 01:33:21'),
(2919, 517, 102, '2024-02-25 01:33:21'),
(2920, 938, 217, '2024-02-25 01:33:21'),
(2921, 548, 67, '2024-02-25 01:33:21'),
(2922, 780, 77, '2024-02-25 01:33:21'),
(2923, 658, 5, '2024-02-25 01:33:21'),
(2924, 476, 25, '2024-02-25 01:33:21'),
(2925, 397, 209, '2024-02-25 01:33:21'),
(2926, 728, 167, '2024-02-25 01:33:21'),
(2927, 335, 17, '2024-02-25 01:33:21'),
(2928, 592, 90, '2024-02-25 01:33:21'),
(2929, 97, 70, '2024-02-25 01:33:21'),
(2930, 648, 85, '2024-02-25 01:33:21'),
(2931, 780, 57, '2024-02-25 01:33:21'),
(2932, 279, 101, '2024-02-25 01:33:21'),
(2933, 161, 170, '2024-02-25 01:33:22'),
(2934, 167, 212, '2024-02-25 01:33:22'),
(2935, 677, 50, '2024-02-25 01:33:22'),
(2936, 8, 68, '2024-02-25 01:33:22'),
(2937, 281, 54, '2024-02-25 01:33:22'),
(2938, 235, 135, '2024-02-25 01:33:22'),
(2939, 526, 202, '2024-02-25 01:33:22'),
(2940, 88, 168, '2024-02-25 01:33:22'),
(2941, 1014, 51, '2024-02-25 01:33:22'),
(2942, 105, 177, '2024-02-25 01:33:22'),
(2943, 882, 152, '2024-02-25 01:33:22'),
(2944, 902, 188, '2024-02-25 01:33:22'),
(2945, 493, 29, '2024-02-25 01:33:22'),
(2946, 165, 48, '2024-02-25 01:33:22'),
(2947, 359, 9, '2024-02-25 01:33:22'),
(2948, 505, 78, '2024-02-25 01:33:22'),
(2949, 955, 158, '2024-02-25 01:33:22'),
(2950, 633, 222, '2024-02-25 01:33:22'),
(2951, 949, 78, '2024-02-25 01:33:22'),
(2952, 447, 55, '2024-02-25 01:33:22'),
(2953, 123, 4, '2024-02-25 01:33:22'),
(2954, 497, 138, '2024-02-25 01:33:22'),
(2955, 637, 95, '2024-02-25 01:33:22'),
(2956, 518, 14, '2024-02-25 01:33:22'),
(2957, 231, 110, '2024-02-25 01:33:22'),
(2958, 709, 124, '2024-02-25 01:33:22'),
(2959, 264, 157, '2024-02-25 01:33:22'),
(2960, 965, 50, '2024-02-25 01:33:22'),
(2961, 569, 42, '2024-02-25 01:33:22'),
(2962, 231, 59, '2024-02-25 01:33:22'),
(2963, 704, 178, '2024-02-25 01:33:22'),
(2964, 885, 195, '2024-02-25 01:33:22'),
(2965, 669, 75, '2024-02-25 01:33:22'),
(2966, 728, 93, '2024-02-25 01:33:22'),
(2967, 68, 55, '2024-02-25 01:33:22'),
(2968, 977, 33, '2024-02-25 01:33:22'),
(2969, 40, 149, '2024-02-25 01:33:22'),
(2970, 444, 119, '2024-02-25 01:33:22'),
(2971, 10, 96, '2024-02-25 01:33:22'),
(2972, 892, 128, '2024-02-25 01:33:22'),
(2973, 302, 215, '2024-02-25 01:33:22'),
(2974, 607, 87, '2024-02-25 01:33:22'),
(2975, 344, 154, '2024-02-25 01:33:22'),
(2976, 567, 67, '2024-02-25 01:33:22'),
(2977, 476, 2, '2024-02-25 01:33:22'),
(2978, 87, 198, '2024-02-25 01:33:22'),
(2979, 614, 25, '2024-02-25 01:33:22'),
(2980, 943, 15, '2024-02-25 01:33:22'),
(2981, 474, 121, '2024-02-25 01:33:22'),
(2982, 268, 86, '2024-02-25 01:33:22'),
(2983, 33, 212, '2024-02-25 01:33:22'),
(2984, 273, 17, '2024-02-25 01:33:22'),
(2985, 771, 208, '2024-02-25 01:33:22'),
(2986, 191, 58, '2024-02-25 01:33:22'),
(2987, 948, 140, '2024-02-25 01:33:22'),
(2988, 668, 163, '2024-02-25 01:33:22'),
(2989, 303, 62, '2024-02-25 01:33:22'),
(2990, 127, 12, '2024-02-25 01:33:22'),
(2991, 884, 104, '2024-02-25 01:33:22'),
(2992, 1003, 177, '2024-02-25 01:33:22'),
(2993, 423, 33, '2024-02-25 01:33:22'),
(2994, 48, 36, '2024-02-25 01:33:22'),
(2995, 539, 145, '2024-02-25 01:33:22'),
(2996, 621, 88, '2024-02-25 01:33:22'),
(2997, 405, 7, '2024-02-25 01:33:22'),
(2998, 57, 190, '2024-02-25 01:33:22'),
(2999, 313, 10, '2024-02-25 01:33:22'),
(3000, 211, 36, '2024-02-25 01:33:22'),
(3001, 302, 143, '2024-02-25 01:34:36'),
(3002, 979, 87, '2024-02-25 01:34:36'),
(3003, 406, 74, '2024-02-25 01:34:36'),
(3004, 420, 19, '2024-02-25 01:34:36'),
(3005, 605, 65, '2024-02-25 01:34:36'),
(3006, 629, 42, '2024-02-25 01:34:36'),
(3007, 429, 210, '2024-02-25 01:34:36'),
(3008, 705, 46, '2024-02-25 01:34:36'),
(3009, 404, 18, '2024-02-25 01:34:36'),
(3010, 993, 24, '2024-02-25 01:34:36'),
(3011, 638, 43, '2024-02-25 01:34:36'),
(3012, 295, 88, '2024-02-25 01:34:36'),
(3013, 699, 29, '2024-02-25 01:34:36'),
(3014, 799, 32, '2024-02-25 01:34:36'),
(3015, 382, 16, '2024-02-25 01:34:36'),
(3016, 756, 188, '2024-02-25 01:34:36'),
(3017, 792, 32, '2024-02-25 01:34:36'),
(3018, 591, 119, '2024-02-25 01:34:36'),
(3019, 549, 10, '2024-02-25 01:34:37'),
(3020, 1003, 136, '2024-02-25 01:34:37'),
(3021, 439, 79, '2024-02-25 01:34:37'),
(3022, 627, 83, '2024-02-25 01:34:37'),
(3023, 483, 88, '2024-02-25 01:34:37'),
(3024, 501, 108, '2024-02-25 01:34:37'),
(3025, 263, 157, '2024-02-25 01:34:37'),
(3026, 154, 186, '2024-02-25 01:34:37'),
(3027, 311, 75, '2024-02-25 01:34:37'),
(3028, 823, 35, '2024-02-25 01:34:37'),
(3029, 966, 166, '2024-02-25 01:34:37'),
(3030, 957, 52, '2024-02-25 01:34:37'),
(3031, 167, 135, '2024-02-25 01:34:37'),
(3032, 383, 113, '2024-02-25 01:34:37'),
(3033, 910, 84, '2024-02-25 01:34:37'),
(3034, 374, 83, '2024-02-25 01:34:37'),
(3035, 175, 98, '2024-02-25 01:34:37'),
(3036, 309, 136, '2024-02-25 01:34:37'),
(3037, 744, 18, '2024-02-25 01:34:37'),
(3038, 509, 98, '2024-02-25 01:34:37'),
(3039, 16, 78, '2024-02-25 01:34:37'),
(3040, 114, 92, '2024-02-25 01:34:37'),
(3041, 121, 81, '2024-02-25 01:34:37'),
(3042, 444, 139, '2024-02-25 01:34:37'),
(3043, 933, 50, '2024-02-25 01:34:37'),
(3044, 207, 76, '2024-02-25 01:34:37'),
(3045, 655, 66, '2024-02-25 01:34:37'),
(3046, 963, 75, '2024-02-25 01:34:37'),
(3047, 651, 46, '2024-02-25 01:34:37'),
(3048, 650, 20, '2024-02-25 01:34:37'),
(3049, 926, 55, '2024-02-25 01:34:37'),
(3050, 91, 169, '2024-02-25 01:34:37'),
(3051, 678, 121, '2024-02-25 01:34:37'),
(3052, 807, 134, '2024-02-25 01:34:37'),
(3053, 9, 15, '2024-02-25 01:34:37'),
(3054, 545, 60, '2024-02-25 01:34:37'),
(3055, 60, 144, '2024-02-25 01:34:37'),
(3056, 922, 120, '2024-02-25 01:34:37'),
(3057, 765, 92, '2024-02-25 01:34:37'),
(3058, 915, 79, '2024-02-25 01:34:37'),
(3059, 992, 220, '2024-02-25 01:34:37'),
(3060, 15, 124, '2024-02-25 01:34:37'),
(3061, 955, 102, '2024-02-25 01:34:37'),
(3062, 935, 191, '2024-02-25 01:34:37'),
(3063, 42, 36, '2024-02-25 01:34:37'),
(3064, 811, 3, '2024-02-25 01:34:37'),
(3065, 147, 33, '2024-02-25 01:34:37'),
(3066, 392, 45, '2024-02-25 01:34:37'),
(3067, 660, 58, '2024-02-25 01:34:37'),
(3068, 454, 34, '2024-02-25 01:34:37'),
(3069, 497, 89, '2024-02-25 01:34:37'),
(3070, 807, 192, '2024-02-25 01:34:37'),
(3071, 413, 78, '2024-02-25 01:34:37'),
(3072, 435, 180, '2024-02-25 01:34:37'),
(3073, 241, 156, '2024-02-25 01:34:37'),
(3074, 489, 142, '2024-02-25 01:34:37'),
(3075, 43, 11, '2024-02-25 01:34:37'),
(3076, 97, 1, '2024-02-25 01:34:37'),
(3077, 230, 12, '2024-02-25 01:34:37'),
(3078, 540, 142, '2024-02-25 01:34:37'),
(3079, 888, 120, '2024-02-25 01:34:37'),
(3080, 498, 220, '2024-02-25 01:34:37'),
(3081, 797, 209, '2024-02-25 01:34:37'),
(3082, 830, 126, '2024-02-25 01:34:37'),
(3083, 394, 134, '2024-02-25 01:34:37'),
(3084, 692, 60, '2024-02-25 01:34:37'),
(3085, 221, 12, '2024-02-25 01:34:37'),
(3086, 358, 198, '2024-02-25 01:34:37'),
(3087, 518, 110, '2024-02-25 01:34:37'),
(3088, 485, 17, '2024-02-25 01:34:37'),
(3089, 474, 23, '2024-02-25 01:34:37'),
(3090, 904, 49, '2024-02-25 01:34:37'),
(3091, 25, 195, '2024-02-25 01:34:37'),
(3092, 583, 141, '2024-02-25 01:34:37'),
(3093, 792, 131, '2024-02-25 01:34:37'),
(3094, 501, 203, '2024-02-25 01:34:37'),
(3095, 997, 216, '2024-02-25 01:34:37'),
(3096, 254, 178, '2024-02-25 01:34:37'),
(3097, 718, 75, '2024-02-25 01:34:37'),
(3098, 905, 92, '2024-02-25 01:34:37'),
(3099, 584, 150, '2024-02-25 01:34:37'),
(3100, 106, 58, '2024-02-25 01:34:37'),
(3101, 494, 161, '2024-02-25 01:34:37'),
(3102, 744, 181, '2024-02-25 01:34:37'),
(3103, 436, 132, '2024-02-25 01:34:37'),
(3104, 791, 80, '2024-02-25 01:34:37'),
(3105, 103, 107, '2024-02-25 01:34:37'),
(3106, 613, 16, '2024-02-25 01:34:37'),
(3107, 399, 13, '2024-02-25 01:34:37'),
(3108, 848, 103, '2024-02-25 01:34:37'),
(3109, 972, 200, '2024-02-25 01:34:37'),
(3110, 197, 204, '2024-02-25 01:34:37'),
(3111, 416, 173, '2024-02-25 01:34:37'),
(3112, 489, 29, '2024-02-25 01:34:37'),
(3113, 831, 160, '2024-02-25 01:34:37'),
(3114, 675, 3, '2024-02-25 01:34:37'),
(3115, 90, 15, '2024-02-25 01:34:37'),
(3116, 751, 169, '2024-02-25 01:34:37'),
(3117, 955, 79, '2024-02-25 01:34:37'),
(3118, 566, 181, '2024-02-25 01:34:37'),
(3119, 549, 125, '2024-02-25 01:34:37'),
(3120, 960, 144, '2024-02-25 01:34:37'),
(3121, 446, 133, '2024-02-25 01:34:37'),
(3122, 439, 187, '2024-02-25 01:34:37'),
(3123, 488, 113, '2024-02-25 01:34:37'),
(3124, 664, 20, '2024-02-25 01:34:37'),
(3125, 114, 128, '2024-02-25 01:34:37'),
(3126, 640, 91, '2024-02-25 01:34:37'),
(3127, 668, 80, '2024-02-25 01:34:37'),
(3128, 327, 157, '2024-02-25 01:34:37'),
(3129, 127, 49, '2024-02-25 01:34:37'),
(3130, 702, 154, '2024-02-25 01:34:37'),
(3131, 664, 209, '2024-02-25 01:34:37'),
(3132, 795, 217, '2024-02-25 01:34:37'),
(3133, 457, 178, '2024-02-25 01:34:37'),
(3134, 927, 161, '2024-02-25 01:34:37'),
(3135, 493, 185, '2024-02-25 01:34:37'),
(3136, 505, 58, '2024-02-25 01:34:37'),
(3137, 502, 119, '2024-02-25 01:34:37'),
(3138, 954, 203, '2024-02-25 01:34:37'),
(3139, 255, 190, '2024-02-25 01:34:37'),
(3140, 709, 153, '2024-02-25 01:34:37'),
(3141, 416, 138, '2024-02-25 01:34:37'),
(3142, 643, 139, '2024-02-25 01:34:37'),
(3143, 401, 175, '2024-02-25 01:34:37'),
(3144, 994, 4, '2024-02-25 01:34:37'),
(3145, 972, 64, '2024-02-25 01:34:37'),
(3146, 956, 120, '2024-02-25 01:34:37'),
(3147, 571, 2, '2024-02-25 01:34:37'),
(3148, 541, 195, '2024-02-25 01:34:37'),
(3149, 75, 157, '2024-02-25 01:34:37'),
(3150, 286, 116, '2024-02-25 01:34:37'),
(3151, 647, 159, '2024-02-25 01:34:37'),
(3152, 236, 168, '2024-02-25 01:34:37'),
(3153, 606, 130, '2024-02-25 01:34:37'),
(3154, 960, 137, '2024-02-25 01:34:37'),
(3155, 895, 62, '2024-02-25 01:34:37'),
(3156, 464, 63, '2024-02-25 01:34:37'),
(3157, 978, 187, '2024-02-25 01:34:38'),
(3158, 181, 153, '2024-02-25 01:34:38'),
(3159, 941, 82, '2024-02-25 01:34:38'),
(3160, 808, 159, '2024-02-25 01:34:38'),
(3161, 998, 68, '2024-02-25 01:34:38'),
(3162, 360, 190, '2024-02-25 01:34:38'),
(3163, 214, 3, '2024-02-25 01:34:38'),
(3164, 946, 118, '2024-02-25 01:34:38'),
(3165, 278, 68, '2024-02-25 01:34:38'),
(3166, 199, 191, '2024-02-25 01:34:38'),
(3167, 293, 203, '2024-02-25 01:34:38'),
(3168, 857, 53, '2024-02-25 01:34:38'),
(3169, 706, 63, '2024-02-25 01:34:38'),
(3170, 5, 109, '2024-02-25 01:34:38'),
(3171, 760, 122, '2024-02-25 01:34:38'),
(3172, 611, 167, '2024-02-25 01:34:38'),
(3173, 438, 112, '2024-02-25 01:34:38'),
(3174, 509, 37, '2024-02-25 01:34:38'),
(3175, 324, 61, '2024-02-25 01:34:38'),
(3176, 258, 164, '2024-02-25 01:34:38'),
(3177, 559, 14, '2024-02-25 01:34:38'),
(3178, 2, 94, '2024-02-25 01:34:38'),
(3179, 345, 109, '2024-02-25 01:34:38'),
(3180, 861, 69, '2024-02-25 01:34:38'),
(3181, 718, 22, '2024-02-25 01:34:38'),
(3182, 779, 62, '2024-02-25 01:34:38'),
(3183, 742, 46, '2024-02-25 01:34:38'),
(3184, 650, 204, '2024-02-25 01:34:38'),
(3185, 684, 57, '2024-02-25 01:34:38'),
(3186, 344, 74, '2024-02-25 01:34:38'),
(3187, 134, 84, '2024-02-25 01:34:38'),
(3188, 337, 143, '2024-02-25 01:34:38'),
(3189, 807, 57, '2024-02-25 01:34:38'),
(3190, 815, 125, '2024-02-25 01:34:38'),
(3191, 1010, 189, '2024-02-25 01:34:38'),
(3192, 3, 54, '2024-02-25 01:34:38'),
(3193, 289, 46, '2024-02-25 01:34:38'),
(3194, 891, 129, '2024-02-25 01:34:38'),
(3195, 52, 70, '2024-02-25 01:34:38'),
(3196, 133, 130, '2024-02-25 01:34:38'),
(3197, 410, 36, '2024-02-25 01:34:38'),
(3198, 649, 123, '2024-02-25 01:34:38'),
(3199, 658, 9, '2024-02-25 01:34:38'),
(3200, 76, 16, '2024-02-25 01:34:38'),
(3201, 318, 12, '2024-02-25 01:34:38'),
(3202, 572, 207, '2024-02-25 01:34:38'),
(3203, 917, 34, '2024-02-25 01:34:38'),
(3204, 667, 27, '2024-02-25 01:34:38'),
(3205, 464, 122, '2024-02-25 01:34:38'),
(3206, 386, 80, '2024-02-25 01:34:38'),
(3207, 688, 6, '2024-02-25 01:34:38'),
(3208, 738, 158, '2024-02-25 01:34:38'),
(3209, 325, 107, '2024-02-25 01:34:38'),
(3210, 229, 153, '2024-02-25 01:34:38'),
(3211, 452, 139, '2024-02-25 01:34:38'),
(3212, 307, 88, '2024-02-25 01:34:38'),
(3213, 505, 143, '2024-02-25 01:34:38'),
(3214, 419, 76, '2024-02-25 01:34:38'),
(3215, 646, 45, '2024-02-25 01:34:38'),
(3216, 590, 50, '2024-02-25 01:34:38'),
(3217, 582, 63, '2024-02-25 01:34:38'),
(3218, 672, 41, '2024-02-25 01:34:38'),
(3219, 761, 135, '2024-02-25 01:34:38'),
(3220, 978, 132, '2024-02-25 01:34:38'),
(3221, 440, 213, '2024-02-25 01:34:38'),
(3222, 904, 97, '2024-02-25 01:34:38'),
(3223, 577, 18, '2024-02-25 01:34:38'),
(3224, 531, 5, '2024-02-25 01:34:38'),
(3225, 67, 39, '2024-02-25 01:34:38'),
(3226, 506, 100, '2024-02-25 01:34:38'),
(3227, 698, 141, '2024-02-25 01:34:38'),
(3228, 964, 166, '2024-02-25 01:34:38'),
(3229, 176, 188, '2024-02-25 01:34:38'),
(3230, 294, 95, '2024-02-25 01:34:38'),
(3231, 403, 167, '2024-02-25 01:34:38'),
(3232, 762, 205, '2024-02-25 01:34:38'),
(3233, 216, 35, '2024-02-25 01:34:38'),
(3234, 107, 25, '2024-02-25 01:34:38'),
(3235, 311, 170, '2024-02-25 01:34:38'),
(3236, 284, 78, '2024-02-25 01:34:38'),
(3237, 596, 110, '2024-02-25 01:34:38'),
(3238, 478, 173, '2024-02-25 01:34:38'),
(3239, 606, 125, '2024-02-25 01:34:38'),
(3240, 636, 94, '2024-02-25 01:34:38'),
(3241, 817, 81, '2024-02-25 01:34:38'),
(3242, 929, 33, '2024-02-25 01:34:38'),
(3243, 478, 102, '2024-02-25 01:34:38'),
(3244, 526, 85, '2024-02-25 01:34:38'),
(3245, 818, 46, '2024-02-25 01:34:38'),
(3246, 774, 116, '2024-02-25 01:34:38'),
(3247, 842, 85, '2024-02-25 01:34:38'),
(3248, 788, 185, '2024-02-25 01:34:38'),
(3249, 577, 190, '2024-02-25 01:34:38'),
(3250, 834, 70, '2024-02-25 01:34:38'),
(3251, 586, 175, '2024-02-25 01:34:38'),
(3252, 407, 72, '2024-02-25 01:34:38'),
(3253, 189, 116, '2024-02-25 01:34:38'),
(3254, 62, 64, '2024-02-25 01:34:38'),
(3255, 795, 6, '2024-02-25 01:34:38'),
(3256, 334, 83, '2024-02-25 01:34:38'),
(3257, 819, 5, '2024-02-25 01:34:38'),
(3258, 380, 131, '2024-02-25 01:34:38'),
(3259, 290, 113, '2024-02-25 01:34:38'),
(3260, 590, 136, '2024-02-25 01:34:38'),
(3261, 141, 165, '2024-02-25 01:34:38'),
(3262, 646, 5, '2024-02-25 01:34:38'),
(3263, 128, 138, '2024-02-25 01:34:38'),
(3264, 858, 39, '2024-02-25 01:34:38'),
(3265, 941, 109, '2024-02-25 01:34:38'),
(3266, 1013, 221, '2024-02-25 01:34:39'),
(3267, 118, 4, '2024-02-25 01:34:39'),
(3268, 948, 47, '2024-02-25 01:34:39'),
(3269, 663, 7, '2024-02-25 01:34:39'),
(3270, 532, 58, '2024-02-25 01:34:39'),
(3271, 332, 157, '2024-02-25 01:34:39'),
(3272, 799, 44, '2024-02-25 01:34:39'),
(3273, 789, 84, '2024-02-25 01:34:39'),
(3274, 74, 45, '2024-02-25 01:34:39'),
(3275, 668, 181, '2024-02-25 01:34:39'),
(3276, 142, 75, '2024-02-25 01:34:39'),
(3277, 164, 77, '2024-02-25 01:34:39'),
(3278, 485, 81, '2024-02-25 01:34:39'),
(3279, 698, 69, '2024-02-25 01:34:39'),
(3280, 326, 51, '2024-02-25 01:34:39'),
(3281, 998, 151, '2024-02-25 01:34:39'),
(3282, 972, 33, '2024-02-25 01:34:39'),
(3283, 850, 75, '2024-02-25 01:34:39'),
(3284, 99, 14, '2024-02-25 01:34:39'),
(3285, 582, 50, '2024-02-25 01:34:39'),
(3286, 602, 15, '2024-02-25 01:34:39'),
(3287, 602, 102, '2024-02-25 01:34:39'),
(3288, 596, 197, '2024-02-25 01:34:39'),
(3289, 702, 65, '2024-02-25 01:34:39'),
(3290, 128, 186, '2024-02-25 01:34:39'),
(3291, 502, 149, '2024-02-25 01:34:39'),
(3292, 622, 159, '2024-02-25 01:34:39'),
(3293, 825, 90, '2024-02-25 01:34:39'),
(3294, 307, 48, '2024-02-25 01:34:39'),
(3295, 598, 152, '2024-02-25 01:34:39'),
(3296, 31, 198, '2024-02-25 01:34:39'),
(3297, 369, 135, '2024-02-25 01:34:39'),
(3298, 293, 192, '2024-02-25 01:34:39'),
(3299, 105, 62, '2024-02-25 01:34:39'),
(3300, 413, 11, '2024-02-25 01:34:39'),
(3301, 134, 105, '2024-02-25 01:34:39'),
(3302, 597, 21, '2024-02-25 01:34:39'),
(3303, 802, 216, '2024-02-25 01:34:39'),
(3304, 749, 192, '2024-02-25 01:34:39'),
(3305, 666, 136, '2024-02-25 01:34:39'),
(3306, 825, 115, '2024-02-25 01:34:39'),
(3307, 367, 25, '2024-02-25 01:34:39'),
(3308, 518, 195, '2024-02-25 01:34:39'),
(3309, 582, 131, '2024-02-25 01:34:39'),
(3310, 565, 162, '2024-02-25 01:34:39'),
(3311, 279, 205, '2024-02-25 01:34:39'),
(3312, 192, 60, '2024-02-25 01:34:39'),
(3313, 622, 122, '2024-02-25 01:34:39'),
(3314, 706, 85, '2024-02-25 01:34:39'),
(3315, 34, 119, '2024-02-25 01:34:39'),
(3316, 276, 198, '2024-02-25 01:34:39'),
(3317, 176, 119, '2024-02-25 01:34:39'),
(3318, 598, 114, '2024-02-25 01:34:39'),
(3319, 854, 192, '2024-02-25 01:34:39'),
(3320, 860, 131, '2024-02-25 01:34:39'),
(3321, 473, 175, '2024-02-25 01:34:39'),
(3322, 263, 115, '2024-02-25 01:34:39'),
(3323, 427, 174, '2024-02-25 01:34:39'),
(3324, 338, 110, '2024-02-25 01:34:39'),
(3325, 938, 154, '2024-02-25 01:34:39'),
(3326, 554, 155, '2024-02-25 01:34:39'),
(3327, 144, 89, '2024-02-25 01:34:39'),
(3328, 175, 103, '2024-02-25 01:34:39'),
(3329, 856, 191, '2024-02-25 01:34:39'),
(3330, 108, 102, '2024-02-25 01:34:39'),
(3331, 387, 204, '2024-02-25 01:34:39'),
(3332, 173, 51, '2024-02-25 01:34:39'),
(3333, 654, 95, '2024-02-25 01:34:39'),
(3334, 723, 180, '2024-02-25 01:34:39'),
(3335, 437, 26, '2024-02-25 01:34:39'),
(3336, 875, 108, '2024-02-25 01:34:39'),
(3337, 859, 67, '2024-02-25 01:34:39'),
(3338, 33, 213, '2024-02-25 01:34:39'),
(3339, 122, 216, '2024-02-25 01:34:39'),
(3340, 296, 45, '2024-02-25 01:34:39'),
(3341, 621, 75, '2024-02-25 01:34:39'),
(3342, 165, 130, '2024-02-25 01:34:39'),
(3343, 666, 190, '2024-02-25 01:34:39'),
(3344, 489, 42, '2024-02-25 01:34:39'),
(3345, 12, 73, '2024-02-25 01:34:39'),
(3346, 201, 122, '2024-02-25 01:34:39'),
(3347, 235, 105, '2024-02-25 01:34:39'),
(3348, 883, 30, '2024-02-25 01:34:39'),
(3349, 565, 28, '2024-02-25 01:34:39'),
(3350, 800, 170, '2024-02-25 01:34:39'),
(3351, 950, 44, '2024-02-25 01:34:39'),
(3352, 698, 200, '2024-02-25 01:34:40'),
(3353, 771, 175, '2024-02-25 01:34:40'),
(3354, 596, 91, '2024-02-25 01:34:40'),
(3355, 468, 28, '2024-02-25 01:34:40'),
(3356, 794, 117, '2024-02-25 01:34:40'),
(3357, 794, 109, '2024-02-25 01:34:40'),
(3358, 466, 17, '2024-02-25 01:34:40'),
(3359, 1012, 203, '2024-02-25 01:34:40'),
(3360, 14, 72, '2024-02-25 01:34:40'),
(3361, 576, 67, '2024-02-25 01:34:40'),
(3362, 87, 214, '2024-02-25 01:34:40'),
(3363, 367, 195, '2024-02-25 01:34:40'),
(3364, 341, 94, '2024-02-25 01:34:40'),
(3365, 913, 135, '2024-02-25 01:34:40'),
(3366, 608, 211, '2024-02-25 01:34:40'),
(3367, 77, 209, '2024-02-25 01:34:40'),
(3368, 835, 67, '2024-02-25 01:34:40'),
(3369, 514, 116, '2024-02-25 01:34:40'),
(3370, 38, 65, '2024-02-25 01:34:40'),
(3371, 285, 80, '2024-02-25 01:34:40'),
(3372, 2, 138, '2024-02-25 01:34:40'),
(3373, 769, 179, '2024-02-25 01:34:40'),
(3374, 256, 21, '2024-02-25 01:34:40'),
(3375, 648, 121, '2024-02-25 01:34:40'),
(3376, 853, 105, '2024-02-25 01:34:40'),
(3377, 359, 67, '2024-02-25 01:34:40'),
(3378, 1008, 196, '2024-02-25 01:34:40'),
(3379, 571, 159, '2024-02-25 01:34:40'),
(3380, 277, 16, '2024-02-25 01:34:40'),
(3381, 803, 102, '2024-02-25 01:34:40'),
(3382, 638, 41, '2024-02-25 01:34:40'),
(3383, 982, 193, '2024-02-25 01:34:40'),
(3384, 21, 216, '2024-02-25 01:34:40'),
(3385, 929, 156, '2024-02-25 01:34:40'),
(3386, 660, 159, '2024-02-25 01:34:40'),
(3387, 259, 136, '2024-02-25 01:34:40'),
(3388, 620, 150, '2024-02-25 01:34:40'),
(3389, 425, 4, '2024-02-25 01:34:40'),
(3390, 33, 94, '2024-02-25 01:34:40'),
(3391, 214, 93, '2024-02-25 01:34:40'),
(3392, 584, 214, '2024-02-25 01:34:40'),
(3393, 82, 105, '2024-02-25 01:34:40'),
(3394, 4, 220, '2024-02-25 01:34:40'),
(3395, 109, 81, '2024-02-25 01:34:40'),
(3396, 960, 203, '2024-02-25 01:34:40'),
(3397, 872, 29, '2024-02-25 01:34:40'),
(3398, 1018, 77, '2024-02-25 01:34:40'),
(3399, 934, 172, '2024-02-25 01:34:40'),
(3400, 113, 29, '2024-02-25 01:34:40'),
(3401, 105, 180, '2024-02-25 01:34:40'),
(3402, 641, 2, '2024-02-25 01:34:40'),
(3403, 643, 48, '2024-02-25 01:34:40'),
(3404, 627, 101, '2024-02-25 01:34:40'),
(3405, 945, 222, '2024-02-25 01:34:40'),
(3406, 664, 80, '2024-02-25 01:34:40'),
(3407, 997, 130, '2024-02-25 01:34:40'),
(3408, 852, 193, '2024-02-25 01:34:40'),
(3409, 372, 105, '2024-02-25 01:34:40'),
(3410, 763, 49, '2024-02-25 01:34:40'),
(3411, 214, 16, '2024-02-25 01:34:40'),
(3412, 561, 24, '2024-02-25 01:34:40'),
(3413, 872, 39, '2024-02-25 01:34:40'),
(3414, 144, 129, '2024-02-25 01:34:40'),
(3415, 441, 66, '2024-02-25 01:34:40'),
(3416, 722, 135, '2024-02-25 01:34:40'),
(3417, 686, 210, '2024-02-25 01:34:40'),
(3418, 400, 199, '2024-02-25 01:34:40'),
(3419, 789, 207, '2024-02-25 01:34:40'),
(3420, 999, 93, '2024-02-25 01:34:40'),
(3421, 215, 105, '2024-02-25 01:34:40'),
(3422, 157, 144, '2024-02-25 01:34:40'),
(3423, 195, 35, '2024-02-25 01:34:40'),
(3424, 787, 41, '2024-02-25 01:34:40'),
(3425, 51, 98, '2024-02-25 01:34:40'),
(3426, 578, 108, '2024-02-25 01:34:40'),
(3427, 127, 136, '2024-02-25 01:34:40'),
(3428, 423, 143, '2024-02-25 01:34:40'),
(3429, 262, 216, '2024-02-25 01:34:40'),
(3430, 1017, 133, '2024-02-25 01:34:40'),
(3431, 70, 57, '2024-02-25 01:34:40'),
(3432, 357, 104, '2024-02-25 01:34:40'),
(3433, 69, 61, '2024-02-25 01:34:40'),
(3434, 293, 17, '2024-02-25 01:34:40'),
(3435, 909, 31, '2024-02-25 01:34:40'),
(3436, 311, 164, '2024-02-25 01:34:40'),
(3437, 1018, 190, '2024-02-25 01:34:40'),
(3438, 780, 49, '2024-02-25 01:34:40'),
(3439, 1018, 71, '2024-02-25 01:34:40'),
(3440, 150, 23, '2024-02-25 01:34:41'),
(3441, 802, 101, '2024-02-25 01:34:41'),
(3442, 292, 104, '2024-02-25 01:34:41'),
(3443, 267, 152, '2024-02-25 01:34:41'),
(3444, 297, 22, '2024-02-25 01:34:41'),
(3445, 305, 115, '2024-02-25 01:34:41'),
(3446, 993, 132, '2024-02-25 01:34:41'),
(3447, 666, 29, '2024-02-25 01:34:41'),
(3448, 773, 19, '2024-02-25 01:34:41'),
(3449, 962, 221, '2024-02-25 01:34:41'),
(3450, 513, 51, '2024-02-25 01:34:41'),
(3451, 589, 20, '2024-02-25 01:34:41'),
(3452, 629, 45, '2024-02-25 01:34:41'),
(3453, 437, 35, '2024-02-25 01:34:41'),
(3454, 11, 57, '2024-02-25 01:34:41'),
(3455, 45, 146, '2024-02-25 01:34:41'),
(3456, 341, 34, '2024-02-25 01:34:41'),
(3457, 440, 105, '2024-02-25 01:34:41'),
(3458, 497, 78, '2024-02-25 01:34:41'),
(3459, 578, 45, '2024-02-25 01:34:41'),
(3460, 239, 93, '2024-02-25 01:34:41'),
(3461, 1019, 67, '2024-02-25 01:34:41'),
(3462, 909, 17, '2024-02-25 01:34:41'),
(3463, 475, 127, '2024-02-25 01:34:41'),
(3464, 121, 111, '2024-02-25 01:34:41'),
(3465, 505, 64, '2024-02-25 01:34:41'),
(3466, 503, 190, '2024-02-25 01:34:41'),
(3467, 240, 148, '2024-02-25 01:34:41'),
(3468, 441, 83, '2024-02-25 01:34:41'),
(3469, 34, 19, '2024-02-25 01:34:41'),
(3470, 141, 149, '2024-02-25 01:34:41'),
(3471, 325, 49, '2024-02-25 01:34:41'),
(3472, 909, 110, '2024-02-25 01:34:41'),
(3473, 364, 116, '2024-02-25 01:34:41'),
(3474, 287, 221, '2024-02-25 01:34:41'),
(3475, 418, 102, '2024-02-25 01:34:41'),
(3476, 371, 113, '2024-02-25 01:34:41'),
(3477, 507, 100, '2024-02-25 01:34:41'),
(3478, 636, 74, '2024-02-25 01:34:41'),
(3479, 726, 128, '2024-02-25 01:34:41'),
(3480, 834, 59, '2024-02-25 01:34:41'),
(3481, 679, 110, '2024-02-25 01:34:41'),
(3482, 467, 138, '2024-02-25 01:34:41'),
(3483, 350, 144, '2024-02-25 01:34:41'),
(3484, 695, 121, '2024-02-25 01:34:41'),
(3485, 927, 151, '2024-02-25 01:34:41'),
(3486, 44, 177, '2024-02-25 01:34:41'),
(3487, 348, 90, '2024-02-25 01:34:41'),
(3488, 317, 35, '2024-02-25 01:34:41'),
(3489, 582, 118, '2024-02-25 01:34:41'),
(3490, 475, 73, '2024-02-25 01:34:41'),
(3491, 703, 161, '2024-02-25 01:34:41'),
(3492, 61, 120, '2024-02-25 01:34:41'),
(3493, 686, 33, '2024-02-25 01:34:41'),
(3494, 542, 57, '2024-02-25 01:34:41'),
(3495, 319, 189, '2024-02-25 01:34:41'),
(3496, 175, 221, '2024-02-25 01:34:41'),
(3497, 416, 221, '2024-02-25 01:34:41'),
(3498, 518, 7, '2024-02-25 01:34:41'),
(3499, 988, 87, '2024-02-25 01:34:41'),
(3500, 420, 11, '2024-02-25 01:34:41'),
(3501, 913, 22, '2024-02-25 01:34:41'),
(3502, 364, 133, '2024-02-25 01:34:41'),
(3503, 305, 140, '2024-02-25 01:34:41'),
(3504, 763, 1, '2024-02-25 01:34:41'),
(3505, 116, 29, '2024-02-25 01:34:41'),
(3506, 15, 10, '2024-02-25 01:34:41'),
(3507, 246, 151, '2024-02-25 01:34:41'),
(3508, 818, 182, '2024-02-25 01:34:41'),
(3509, 93, 68, '2024-02-25 01:34:41'),
(3510, 327, 160, '2024-02-25 01:34:41'),
(3511, 955, 89, '2024-02-25 01:34:41'),
(3512, 969, 39, '2024-02-25 01:34:41'),
(3513, 690, 110, '2024-02-25 01:34:41'),
(3514, 604, 142, '2024-02-25 01:34:41'),
(3515, 611, 85, '2024-02-25 01:34:41'),
(3516, 314, 106, '2024-02-25 01:34:41'),
(3517, 723, 12, '2024-02-25 01:34:41'),
(3518, 544, 31, '2024-02-25 01:34:41'),
(3519, 221, 54, '2024-02-25 01:34:41'),
(3520, 821, 77, '2024-02-25 01:34:41'),
(3521, 243, 212, '2024-02-25 01:34:41'),
(3522, 770, 16, '2024-02-25 01:34:41'),
(3523, 994, 189, '2024-02-25 01:34:41'),
(3524, 2, 140, '2024-02-25 01:34:41'),
(3525, 428, 176, '2024-02-25 01:34:41'),
(3526, 669, 132, '2024-02-25 01:34:42'),
(3527, 794, 12, '2024-02-25 01:34:42'),
(3528, 616, 64, '2024-02-25 01:34:42'),
(3529, 664, 208, '2024-02-25 01:34:42'),
(3530, 341, 176, '2024-02-25 01:34:42'),
(3531, 88, 70, '2024-02-25 01:34:42'),
(3532, 420, 169, '2024-02-25 01:34:42'),
(3533, 863, 171, '2024-02-25 01:34:42'),
(3534, 869, 91, '2024-02-25 01:34:42'),
(3535, 985, 151, '2024-02-25 01:34:42'),
(3536, 710, 102, '2024-02-25 01:34:42'),
(3537, 818, 73, '2024-02-25 01:34:42'),
(3538, 1009, 134, '2024-02-25 01:34:42'),
(3539, 150, 101, '2024-02-25 01:34:42'),
(3540, 129, 69, '2024-02-25 01:34:42'),
(3541, 1016, 210, '2024-02-25 01:34:42'),
(3542, 93, 20, '2024-02-25 01:34:42'),
(3543, 446, 39, '2024-02-25 01:34:42'),
(3544, 541, 99, '2024-02-25 01:34:42'),
(3545, 791, 71, '2024-02-25 01:34:42'),
(3546, 746, 174, '2024-02-25 01:34:42'),
(3547, 642, 84, '2024-02-25 01:34:42'),
(3548, 17, 72, '2024-02-25 01:34:42'),
(3549, 173, 100, '2024-02-25 01:34:42'),
(3550, 12, 158, '2024-02-25 01:34:42'),
(3551, 907, 213, '2024-02-25 01:34:42'),
(3552, 641, 45, '2024-02-25 01:34:42'),
(3553, 353, 123, '2024-02-25 01:34:42'),
(3554, 777, 177, '2024-02-25 01:34:42'),
(3555, 924, 220, '2024-02-25 01:34:42'),
(3556, 686, 90, '2024-02-25 01:34:42'),
(3557, 632, 185, '2024-02-25 01:34:42'),
(3558, 80, 163, '2024-02-25 01:34:42'),
(3559, 413, 93, '2024-02-25 01:34:42'),
(3560, 33, 218, '2024-02-25 01:34:42'),
(3561, 83, 181, '2024-02-25 01:34:42'),
(3562, 211, 205, '2024-02-25 01:34:42'),
(3563, 95, 71, '2024-02-25 01:34:42'),
(3564, 51, 41, '2024-02-25 01:34:42'),
(3565, 38, 212, '2024-02-25 01:34:42'),
(3566, 463, 5, '2024-02-25 01:34:42'),
(3567, 893, 202, '2024-02-25 01:34:42'),
(3568, 661, 151, '2024-02-25 01:34:42'),
(3569, 351, 72, '2024-02-25 01:34:42'),
(3570, 100, 15, '2024-02-25 01:34:42'),
(3571, 26, 201, '2024-02-25 01:34:42'),
(3572, 559, 216, '2024-02-25 01:34:42'),
(3573, 205, 5, '2024-02-25 01:34:42'),
(3574, 121, 179, '2024-02-25 01:34:42'),
(3575, 114, 95, '2024-02-25 01:34:42'),
(3576, 723, 170, '2024-02-25 01:34:42'),
(3577, 9, 134, '2024-02-25 01:34:42'),
(3578, 323, 170, '2024-02-25 01:34:42'),
(3579, 504, 175, '2024-02-25 01:34:42'),
(3580, 696, 58, '2024-02-25 01:34:42'),
(3581, 180, 6, '2024-02-25 01:34:42'),
(3582, 367, 203, '2024-02-25 01:34:42'),
(3583, 974, 73, '2024-02-25 01:34:42'),
(3584, 109, 21, '2024-02-25 01:34:42'),
(3585, 987, 214, '2024-02-25 01:34:42'),
(3586, 423, 90, '2024-02-25 01:34:42'),
(3587, 215, 178, '2024-02-25 01:34:42'),
(3588, 783, 211, '2024-02-25 01:34:42'),
(3589, 163, 87, '2024-02-25 01:34:42'),
(3590, 852, 109, '2024-02-25 01:34:42'),
(3591, 514, 110, '2024-02-25 01:34:42'),
(3592, 158, 31, '2024-02-25 01:34:42'),
(3593, 807, 8, '2024-02-25 01:34:42'),
(3594, 903, 221, '2024-02-25 01:34:42'),
(3595, 456, 4, '2024-02-25 01:34:42'),
(3596, 34, 3, '2024-02-25 01:34:42'),
(3597, 941, 104, '2024-02-25 01:34:42'),
(3598, 223, 180, '2024-02-25 01:34:42'),
(3599, 573, 210, '2024-02-25 01:34:42'),
(3600, 599, 56, '2024-02-25 01:34:42'),
(3601, 705, 157, '2024-02-25 01:34:42'),
(3602, 729, 82, '2024-02-25 01:34:42'),
(3603, 970, 60, '2024-02-25 01:34:42'),
(3604, 210, 33, '2024-02-25 01:34:42'),
(3605, 820, 57, '2024-02-25 01:34:42'),
(3606, 456, 101, '2024-02-25 01:34:42'),
(3607, 299, 75, '2024-02-25 01:34:42'),
(3608, 864, 86, '2024-02-25 01:34:42'),
(3609, 981, 49, '2024-02-25 01:34:42'),
(3610, 778, 76, '2024-02-25 01:34:42'),
(3611, 673, 76, '2024-02-25 01:34:42'),
(3612, 425, 36, '2024-02-25 01:34:42'),
(3613, 88, 89, '2024-02-25 01:34:42'),
(3614, 225, 117, '2024-02-25 01:34:43'),
(3615, 631, 182, '2024-02-25 01:34:43'),
(3616, 40, 129, '2024-02-25 01:34:43'),
(3617, 560, 6, '2024-02-25 01:34:43'),
(3618, 625, 110, '2024-02-25 01:34:43'),
(3619, 306, 211, '2024-02-25 01:34:43'),
(3620, 249, 210, '2024-02-25 01:34:43'),
(3621, 706, 96, '2024-02-25 01:34:43'),
(3622, 5, 182, '2024-02-25 01:34:43'),
(3623, 499, 38, '2024-02-25 01:34:43'),
(3624, 240, 156, '2024-02-25 01:34:43'),
(3625, 165, 113, '2024-02-25 01:34:43'),
(3626, 638, 161, '2024-02-25 01:34:43'),
(3627, 338, 49, '2024-02-25 01:34:43'),
(3628, 682, 218, '2024-02-25 01:34:43'),
(3629, 43, 22, '2024-02-25 01:34:43'),
(3630, 1015, 64, '2024-02-25 01:34:43'),
(3631, 952, 179, '2024-02-25 01:34:43'),
(3632, 71, 74, '2024-02-25 01:34:43'),
(3633, 325, 36, '2024-02-25 01:34:43'),
(3634, 520, 141, '2024-02-25 01:34:43'),
(3635, 1009, 50, '2024-02-25 01:34:43'),
(3636, 737, 83, '2024-02-25 01:34:43'),
(3637, 800, 137, '2024-02-25 01:34:43'),
(3638, 99, 207, '2024-02-25 01:34:43'),
(3639, 240, 25, '2024-02-25 01:34:43'),
(3640, 442, 20, '2024-02-25 01:34:43'),
(3641, 647, 55, '2024-02-25 01:34:43'),
(3642, 796, 191, '2024-02-25 01:34:43'),
(3643, 704, 198, '2024-02-25 01:34:43'),
(3644, 516, 178, '2024-02-25 01:34:43'),
(3645, 169, 199, '2024-02-25 01:34:43'),
(3646, 163, 50, '2024-02-25 01:34:43'),
(3647, 287, 31, '2024-02-25 01:34:43'),
(3648, 830, 37, '2024-02-25 01:34:43'),
(3649, 829, 57, '2024-02-25 01:34:43'),
(3650, 950, 164, '2024-02-25 01:34:43'),
(3651, 281, 186, '2024-02-25 01:34:43'),
(3652, 277, 46, '2024-02-25 01:34:43'),
(3653, 159, 152, '2024-02-25 01:34:43'),
(3654, 424, 48, '2024-02-25 01:34:43'),
(3655, 1012, 70, '2024-02-25 01:34:43'),
(3656, 713, 1, '2024-02-25 01:34:43'),
(3657, 896, 41, '2024-02-25 01:34:43'),
(3658, 611, 52, '2024-02-25 01:34:43'),
(3659, 959, 12, '2024-02-25 01:34:43'),
(3660, 956, 132, '2024-02-25 01:34:43'),
(3661, 83, 178, '2024-02-25 01:34:43'),
(3662, 26, 74, '2024-02-25 01:34:43'),
(3663, 931, 40, '2024-02-25 01:34:43'),
(3664, 33, 89, '2024-02-25 01:34:43'),
(3665, 582, 160, '2024-02-25 01:34:43'),
(3666, 432, 7, '2024-02-25 01:34:43'),
(3667, 764, 170, '2024-02-25 01:34:43'),
(3668, 21, 86, '2024-02-25 01:34:43'),
(3669, 760, 159, '2024-02-25 01:34:43'),
(3670, 381, 222, '2024-02-25 01:34:43'),
(3671, 397, 208, '2024-02-25 01:34:43'),
(3672, 454, 217, '2024-02-25 01:34:43'),
(3673, 160, 40, '2024-02-25 01:34:43'),
(3674, 131, 87, '2024-02-25 01:34:43'),
(3675, 1018, 157, '2024-02-25 01:34:43'),
(3676, 700, 207, '2024-02-25 01:34:43'),
(3677, 462, 175, '2024-02-25 01:34:43'),
(3678, 408, 9, '2024-02-25 01:34:43'),
(3679, 269, 43, '2024-02-25 01:34:43'),
(3680, 776, 86, '2024-02-25 01:34:43'),
(3681, 141, 95, '2024-02-25 01:34:43'),
(3682, 496, 75, '2024-02-25 01:34:43'),
(3683, 580, 145, '2024-02-25 01:34:43'),
(3684, 540, 111, '2024-02-25 01:34:43'),
(3685, 650, 23, '2024-02-25 01:34:43'),
(3686, 259, 68, '2024-02-25 01:34:43'),
(3687, 992, 199, '2024-02-25 01:34:43'),
(3688, 491, 27, '2024-02-25 01:34:43'),
(3689, 448, 13, '2024-02-25 01:34:43'),
(3690, 463, 24, '2024-02-25 01:34:43'),
(3691, 901, 65, '2024-02-25 01:34:43'),
(3692, 955, 130, '2024-02-25 01:34:43'),
(3693, 388, 169, '2024-02-25 01:34:43'),
(3694, 290, 179, '2024-02-25 01:34:43'),
(3695, 52, 49, '2024-02-25 01:34:43'),
(3696, 414, 126, '2024-02-25 01:34:43'),
(3697, 156, 192, '2024-02-25 01:34:44'),
(3698, 709, 130, '2024-02-25 01:34:44'),
(3699, 857, 184, '2024-02-25 01:34:44'),
(3700, 206, 210, '2024-02-25 01:34:44'),
(3701, 286, 101, '2024-02-25 01:34:44'),
(3702, 206, 184, '2024-02-25 01:34:44'),
(3703, 413, 21, '2024-02-25 01:34:44'),
(3704, 330, 190, '2024-02-25 01:34:44'),
(3705, 106, 168, '2024-02-25 01:34:44'),
(3706, 114, 150, '2024-02-25 01:34:44'),
(3707, 974, 8, '2024-02-25 01:34:44'),
(3708, 275, 159, '2024-02-25 01:34:44'),
(3709, 239, 69, '2024-02-25 01:34:44'),
(3710, 912, 189, '2024-02-25 01:34:44'),
(3711, 354, 18, '2024-02-25 01:34:44'),
(3712, 730, 45, '2024-02-25 01:34:44'),
(3713, 655, 48, '2024-02-25 01:34:44'),
(3714, 169, 5, '2024-02-25 01:34:44'),
(3715, 923, 37, '2024-02-25 01:34:44'),
(3716, 532, 57, '2024-02-25 01:34:44'),
(3717, 854, 42, '2024-02-25 01:34:44'),
(3718, 7, 162, '2024-02-25 01:34:44'),
(3719, 801, 100, '2024-02-25 01:34:44'),
(3720, 665, 72, '2024-02-25 01:34:44'),
(3721, 853, 145, '2024-02-25 01:34:44'),
(3722, 227, 27, '2024-02-25 01:34:44'),
(3723, 658, 196, '2024-02-25 01:34:44'),
(3724, 365, 155, '2024-02-25 01:34:44'),
(3725, 72, 26, '2024-02-25 01:34:44'),
(3726, 196, 79, '2024-02-25 01:34:44'),
(3727, 985, 158, '2024-02-25 01:34:44'),
(3728, 26, 28, '2024-02-25 01:34:44'),
(3729, 982, 93, '2024-02-25 01:34:44'),
(3730, 935, 90, '2024-02-25 01:34:44'),
(3731, 949, 70, '2024-02-25 01:34:44'),
(3732, 337, 208, '2024-02-25 01:34:44'),
(3733, 790, 85, '2024-02-25 01:34:44'),
(3734, 995, 137, '2024-02-25 01:34:44'),
(3735, 276, 67, '2024-02-25 01:34:44'),
(3736, 389, 30, '2024-02-25 01:34:44'),
(3737, 812, 170, '2024-02-25 01:34:44'),
(3738, 525, 149, '2024-02-25 01:34:44'),
(3739, 394, 12, '2024-02-25 01:34:44'),
(3740, 592, 65, '2024-02-25 01:34:44'),
(3741, 669, 85, '2024-02-25 01:34:44'),
(3742, 112, 144, '2024-02-25 01:34:44'),
(3743, 605, 25, '2024-02-25 01:34:44'),
(3744, 307, 196, '2024-02-25 01:34:44'),
(3745, 354, 14, '2024-02-25 01:34:44'),
(3746, 51, 7, '2024-02-25 01:34:44'),
(3747, 711, 41, '2024-02-25 01:34:44'),
(3748, 46, 221, '2024-02-25 01:34:44'),
(3749, 118, 78, '2024-02-25 01:34:44'),
(3750, 62, 180, '2024-02-25 01:34:44'),
(3751, 873, 73, '2024-02-25 01:34:44'),
(3752, 621, 121, '2024-02-25 01:34:44'),
(3753, 383, 99, '2024-02-25 01:34:44'),
(3754, 127, 222, '2024-02-25 01:34:44'),
(3755, 502, 113, '2024-02-25 01:34:44'),
(3756, 414, 92, '2024-02-25 01:34:44'),
(3757, 963, 166, '2024-02-25 01:34:44'),
(3758, 379, 26, '2024-02-25 01:34:44'),
(3759, 313, 212, '2024-02-25 01:34:44'),
(3760, 527, 130, '2024-02-25 01:34:44'),
(3761, 851, 71, '2024-02-25 01:34:44'),
(3762, 274, 87, '2024-02-25 01:34:44'),
(3763, 213, 125, '2024-02-25 01:34:44'),
(3764, 612, 175, '2024-02-25 01:34:44'),
(3765, 665, 75, '2024-02-25 01:34:44'),
(3766, 831, 9, '2024-02-25 01:34:44'),
(3767, 260, 31, '2024-02-25 01:34:44'),
(3768, 1023, 205, '2024-02-25 01:34:44'),
(3769, 509, 127, '2024-02-25 01:34:44'),
(3770, 493, 85, '2024-02-25 01:34:44'),
(3771, 383, 53, '2024-02-25 01:34:44'),
(3772, 845, 182, '2024-02-25 01:34:44'),
(3773, 46, 140, '2024-02-25 01:34:44'),
(3774, 628, 24, '2024-02-25 01:34:44'),
(3775, 859, 134, '2024-02-25 01:34:44'),
(3776, 62, 177, '2024-02-25 01:34:44'),
(3777, 324, 38, '2024-02-25 01:34:44'),
(3778, 640, 145, '2024-02-25 01:34:44'),
(3779, 977, 38, '2024-02-25 01:34:44'),
(3780, 905, 68, '2024-02-25 01:34:44'),
(3781, 51, 188, '2024-02-25 01:34:44'),
(3782, 980, 3, '2024-02-25 01:34:44'),
(3783, 736, 179, '2024-02-25 01:34:44'),
(3784, 709, 134, '2024-02-25 01:34:44'),
(3785, 542, 211, '2024-02-25 01:34:44'),
(3786, 45, 54, '2024-02-25 01:34:44'),
(3787, 748, 152, '2024-02-25 01:34:44'),
(3788, 647, 153, '2024-02-25 01:34:44'),
(3789, 185, 85, '2024-02-25 01:34:44'),
(3790, 344, 128, '2024-02-25 01:34:44'),
(3791, 554, 198, '2024-02-25 01:34:44'),
(3792, 392, 66, '2024-02-25 01:34:44'),
(3793, 192, 53, '2024-02-25 01:34:44'),
(3794, 83, 149, '2024-02-25 01:34:44'),
(3795, 29, 160, '2024-02-25 01:34:44'),
(3796, 971, 211, '2024-02-25 01:34:44'),
(3797, 198, 59, '2024-02-25 01:34:44'),
(3798, 35, 213, '2024-02-25 01:34:44'),
(3799, 563, 15, '2024-02-25 01:34:44'),
(3800, 676, 58, '2024-02-25 01:34:44'),
(3801, 769, 165, '2024-02-25 01:34:44'),
(3802, 64, 214, '2024-02-25 01:34:44'),
(3803, 434, 40, '2024-02-25 01:34:44'),
(3804, 35, 167, '2024-02-25 01:34:44'),
(3805, 113, 198, '2024-02-25 01:34:44'),
(3806, 886, 150, '2024-02-25 01:34:44'),
(3807, 744, 207, '2024-02-25 01:34:44'),
(3808, 104, 167, '2024-02-25 01:34:44'),
(3809, 808, 87, '2024-02-25 01:34:44'),
(3810, 1012, 169, '2024-02-25 01:34:44'),
(3811, 978, 183, '2024-02-25 01:34:44'),
(3812, 795, 139, '2024-02-25 01:34:44'),
(3813, 133, 148, '2024-02-25 01:34:44'),
(3814, 384, 67, '2024-02-25 01:34:44'),
(3815, 645, 95, '2024-02-25 01:34:44'),
(3816, 188, 154, '2024-02-25 01:34:44'),
(3817, 104, 15, '2024-02-25 01:34:44'),
(3818, 958, 219, '2024-02-25 01:34:44'),
(3819, 674, 191, '2024-02-25 01:34:44'),
(3820, 117, 141, '2024-02-25 01:34:44'),
(3821, 992, 121, '2024-02-25 01:34:44'),
(3822, 384, 50, '2024-02-25 01:34:44'),
(3823, 308, 217, '2024-02-25 01:34:44'),
(3824, 1020, 49, '2024-02-25 01:34:44'),
(3825, 365, 10, '2024-02-25 01:34:44'),
(3826, 932, 154, '2024-02-25 01:34:44'),
(3827, 1005, 103, '2024-02-25 01:34:44'),
(3828, 907, 221, '2024-02-25 01:34:44'),
(3829, 692, 66, '2024-02-25 01:34:44'),
(3830, 354, 120, '2024-02-25 01:34:44'),
(3831, 574, 78, '2024-02-25 01:34:44'),
(3832, 575, 95, '2024-02-25 01:34:44'),
(3833, 1012, 171, '2024-02-25 01:34:44'),
(3834, 837, 19, '2024-02-25 01:34:44'),
(3835, 320, 202, '2024-02-25 01:34:44'),
(3836, 833, 116, '2024-02-25 01:34:44'),
(3837, 423, 106, '2024-02-25 01:34:44'),
(3838, 387, 3, '2024-02-25 01:34:44'),
(3839, 647, 179, '2024-02-25 01:34:44'),
(3840, 1012, 91, '2024-02-25 01:34:44'),
(3841, 994, 192, '2024-02-25 01:34:44'),
(3842, 492, 88, '2024-02-25 01:34:44'),
(3843, 1017, 97, '2024-02-25 01:34:44'),
(3844, 40, 39, '2024-02-25 01:34:44'),
(3845, 111, 91, '2024-02-25 01:34:44'),
(3846, 584, 179, '2024-02-25 01:34:44'),
(3847, 616, 132, '2024-02-25 01:34:44'),
(3848, 254, 126, '2024-02-25 01:34:44'),
(3849, 1008, 208, '2024-02-25 01:34:44'),
(3850, 323, 40, '2024-02-25 01:34:44'),
(3851, 738, 47, '2024-02-25 01:34:44'),
(3852, 399, 200, '2024-02-25 01:34:44'),
(3853, 72, 144, '2024-02-25 01:34:44'),
(3854, 652, 32, '2024-02-25 01:34:44'),
(3855, 992, 34, '2024-02-25 01:34:45'),
(3856, 960, 110, '2024-02-25 01:34:45'),
(3857, 711, 109, '2024-02-25 01:34:45'),
(3858, 1021, 1, '2024-02-25 01:34:45'),
(3859, 286, 84, '2024-02-25 01:34:45'),
(3860, 482, 164, '2024-02-25 01:34:45'),
(3861, 844, 123, '2024-02-25 01:34:45'),
(3862, 778, 7, '2024-02-25 01:34:45'),
(3863, 462, 19, '2024-02-25 01:34:45'),
(3864, 64, 107, '2024-02-25 01:34:45'),
(3865, 422, 123, '2024-02-25 01:34:45'),
(3866, 866, 2, '2024-02-25 01:34:45'),
(3867, 961, 169, '2024-02-25 01:34:45'),
(3868, 846, 69, '2024-02-25 01:34:45'),
(3869, 151, 187, '2024-02-25 01:34:45'),
(3870, 447, 146, '2024-02-25 01:34:45'),
(3871, 965, 7, '2024-02-25 01:34:45'),
(3872, 868, 135, '2024-02-25 01:34:45'),
(3873, 387, 99, '2024-02-25 01:34:45'),
(3874, 371, 78, '2024-02-25 01:34:45'),
(3875, 273, 41, '2024-02-25 01:34:45'),
(3876, 549, 218, '2024-02-25 01:34:45'),
(3877, 406, 106, '2024-02-25 01:34:45'),
(3878, 645, 18, '2024-02-25 01:34:45'),
(3879, 607, 41, '2024-02-25 01:34:45'),
(3880, 156, 58, '2024-02-25 01:34:45'),
(3881, 301, 176, '2024-02-25 01:34:45'),
(3882, 96, 125, '2024-02-25 01:34:45'),
(3883, 199, 87, '2024-02-25 01:34:45'),
(3884, 617, 100, '2024-02-25 01:34:45'),
(3885, 848, 77, '2024-02-25 01:34:45'),
(3886, 439, 208, '2024-02-25 01:34:45'),
(3887, 99, 175, '2024-02-25 01:34:45'),
(3888, 370, 177, '2024-02-25 01:34:45'),
(3889, 322, 129, '2024-02-25 01:34:45'),
(3890, 648, 81, '2024-02-25 01:34:45'),
(3891, 653, 200, '2024-02-25 01:34:45'),
(3892, 447, 8, '2024-02-25 01:34:45'),
(3893, 283, 222, '2024-02-25 01:34:45'),
(3894, 779, 87, '2024-02-25 01:34:45'),
(3895, 253, 109, '2024-02-25 01:34:45'),
(3896, 638, 162, '2024-02-25 01:34:45'),
(3897, 17, 126, '2024-02-25 01:34:45'),
(3898, 779, 162, '2024-02-25 01:34:45'),
(3899, 365, 162, '2024-02-25 01:34:45'),
(3900, 424, 71, '2024-02-25 01:34:45'),
(3901, 474, 72, '2024-02-25 01:34:45'),
(3902, 693, 201, '2024-02-25 01:34:45'),
(3903, 387, 159, '2024-02-25 01:34:45'),
(3904, 580, 83, '2024-02-25 01:34:45'),
(3905, 723, 14, '2024-02-25 01:34:45'),
(3906, 135, 111, '2024-02-25 01:34:45'),
(3907, 155, 15, '2024-02-25 01:34:45'),
(3908, 257, 131, '2024-02-25 01:34:45'),
(3909, 406, 12, '2024-02-25 01:34:45'),
(3910, 205, 128, '2024-02-25 01:34:45'),
(3911, 357, 50, '2024-02-25 01:34:45'),
(3912, 940, 10, '2024-02-25 01:34:45'),
(3913, 633, 18, '2024-02-25 01:34:45'),
(3914, 775, 51, '2024-02-25 01:34:45'),
(3915, 144, 119, '2024-02-25 01:34:45'),
(3916, 406, 182, '2024-02-25 01:34:45'),
(3917, 93, 138, '2024-02-25 01:34:45'),
(3918, 964, 10, '2024-02-25 01:34:45'),
(3919, 543, 79, '2024-02-25 01:34:45'),
(3920, 876, 122, '2024-02-25 01:34:45'),
(3921, 593, 51, '2024-02-25 01:34:45'),
(3922, 58, 189, '2024-02-25 01:34:45'),
(3923, 506, 120, '2024-02-25 01:34:45'),
(3924, 654, 173, '2024-02-25 01:34:45'),
(3925, 444, 97, '2024-02-25 01:34:45'),
(3926, 1001, 219, '2024-02-25 01:34:45');
INSERT INTO `Likes` (`like_id`, `user_id`, `image_id`, `liked_at`) VALUES
(3927, 922, 210, '2024-02-25 01:34:45'),
(3928, 416, 12, '2024-02-25 01:34:45'),
(3929, 197, 178, '2024-02-25 01:34:45'),
(3930, 23, 135, '2024-02-25 01:34:45'),
(3931, 515, 221, '2024-02-25 01:34:45'),
(3932, 687, 28, '2024-02-25 01:34:45'),
(3933, 782, 130, '2024-02-25 01:34:45'),
(3934, 860, 134, '2024-02-25 01:34:45'),
(3935, 451, 132, '2024-02-25 01:34:45'),
(3936, 261, 9, '2024-02-25 01:34:45'),
(3937, 803, 62, '2024-02-25 01:34:45'),
(3938, 855, 22, '2024-02-25 01:34:45'),
(3939, 119, 90, '2024-02-25 01:34:46'),
(3940, 517, 83, '2024-02-25 01:34:46'),
(3941, 344, 190, '2024-02-25 01:34:46'),
(3942, 246, 83, '2024-02-25 01:34:46'),
(3943, 854, 32, '2024-02-25 01:34:46'),
(3944, 802, 164, '2024-02-25 01:34:46'),
(3945, 531, 162, '2024-02-25 01:34:46'),
(3946, 890, 198, '2024-02-25 01:34:46'),
(3947, 11, 205, '2024-02-25 01:34:46'),
(3948, 737, 218, '2024-02-25 01:34:46'),
(3949, 572, 162, '2024-02-25 01:34:46'),
(3950, 812, 84, '2024-02-25 01:34:46'),
(3951, 573, 5, '2024-02-25 01:34:46'),
(3952, 977, 157, '2024-02-25 01:34:46'),
(3953, 189, 181, '2024-02-25 01:34:46'),
(3954, 480, 30, '2024-02-25 01:34:46'),
(3955, 269, 51, '2024-02-25 01:34:46'),
(3956, 697, 210, '2024-02-25 01:34:46'),
(3957, 472, 58, '2024-02-25 01:34:46'),
(3958, 366, 174, '2024-02-25 01:34:46'),
(3959, 399, 113, '2024-02-25 01:34:46'),
(3960, 519, 148, '2024-02-25 01:34:46'),
(3961, 996, 85, '2024-02-25 01:34:46'),
(3962, 741, 205, '2024-02-25 01:34:46'),
(3963, 503, 28, '2024-02-25 01:34:46'),
(3964, 956, 97, '2024-02-25 01:34:46'),
(3965, 733, 136, '2024-02-25 01:34:46'),
(3966, 612, 88, '2024-02-25 01:34:46'),
(3967, 210, 198, '2024-02-25 01:34:46'),
(3968, 10, 162, '2024-02-25 01:34:46'),
(3969, 812, 58, '2024-02-25 01:34:46'),
(3970, 195, 16, '2024-02-25 01:34:46'),
(3971, 747, 107, '2024-02-25 01:34:46'),
(3972, 346, 175, '2024-02-25 01:34:46'),
(3973, 504, 41, '2024-02-25 01:34:46'),
(3974, 162, 202, '2024-02-25 01:34:46'),
(3975, 765, 50, '2024-02-25 01:34:46'),
(3976, 40, 83, '2024-02-25 01:34:46'),
(3977, 573, 198, '2024-02-25 01:34:46'),
(3978, 843, 110, '2024-02-25 01:34:46'),
(3979, 416, 204, '2024-02-25 01:34:46'),
(3980, 438, 203, '2024-02-25 01:34:46'),
(3981, 38, 173, '2024-02-25 01:34:46'),
(3982, 394, 138, '2024-02-25 01:34:46'),
(3983, 894, 176, '2024-02-25 01:34:46'),
(3984, 639, 92, '2024-02-25 01:34:46'),
(3985, 982, 159, '2024-02-25 01:34:46'),
(3986, 535, 205, '2024-02-25 01:34:46'),
(3987, 783, 90, '2024-02-25 01:34:46'),
(3988, 663, 207, '2024-02-25 01:34:46'),
(3989, 619, 31, '2024-02-25 01:34:46'),
(3990, 214, 63, '2024-02-25 01:34:46'),
(3991, 355, 57, '2024-02-25 01:34:46'),
(3992, 151, 15, '2024-02-25 01:34:46'),
(3993, 678, 94, '2024-02-25 01:34:46'),
(3994, 500, 25, '2024-02-25 01:34:46'),
(3995, 369, 201, '2024-02-25 01:34:46'),
(3996, 963, 194, '2024-02-25 01:34:46'),
(3997, 442, 200, '2024-02-25 01:34:46'),
(3998, 119, 31, '2024-02-25 01:34:46'),
(3999, 885, 141, '2024-02-25 01:34:46'),
(4000, 565, 12, '2024-02-25 01:34:46'),
(4001, 351, 112, '2024-02-25 01:35:52'),
(4002, 705, 88, '2024-02-25 01:35:52'),
(4003, 60, 28, '2024-02-25 01:35:52'),
(4004, 659, 95, '2024-02-25 01:35:52'),
(4005, 903, 62, '2024-02-25 01:35:52'),
(4006, 413, 77, '2024-02-25 01:35:52'),
(4007, 975, 28, '2024-02-25 01:35:52'),
(4008, 533, 126, '2024-02-25 01:35:52'),
(4009, 913, 218, '2024-02-25 01:35:52'),
(4010, 854, 86, '2024-02-25 01:35:52'),
(4011, 524, 4, '2024-02-25 01:35:52'),
(4012, 451, 187, '2024-02-25 01:35:52'),
(4013, 701, 113, '2024-02-25 01:35:52'),
(4014, 793, 38, '2024-02-25 01:35:52'),
(4015, 239, 114, '2024-02-25 01:35:52'),
(4016, 139, 103, '2024-02-25 01:35:52'),
(4017, 850, 158, '2024-02-25 01:35:52'),
(4018, 359, 14, '2024-02-25 01:35:52'),
(4019, 226, 186, '2024-02-25 01:35:52'),
(4020, 884, 70, '2024-02-25 01:35:52'),
(4021, 804, 141, '2024-02-25 01:35:52'),
(4022, 371, 129, '2024-02-25 01:35:52'),
(4023, 437, 103, '2024-02-25 01:35:52'),
(4024, 737, 42, '2024-02-25 01:35:52'),
(4025, 57, 3, '2024-02-25 01:35:52'),
(4026, 993, 68, '2024-02-25 01:35:52'),
(4027, 330, 107, '2024-02-25 01:35:52'),
(4028, 551, 63, '2024-02-25 01:35:52'),
(4029, 159, 144, '2024-02-25 01:35:52'),
(4030, 946, 173, '2024-02-25 01:35:52'),
(4031, 381, 114, '2024-02-25 01:35:52'),
(4032, 202, 159, '2024-02-25 01:35:52'),
(4033, 52, 33, '2024-02-25 01:35:52'),
(4034, 63, 75, '2024-02-25 01:35:52'),
(4035, 580, 216, '2024-02-25 01:35:52'),
(4036, 304, 4, '2024-02-25 01:35:52'),
(4037, 350, 74, '2024-02-25 01:35:52'),
(4038, 543, 47, '2024-02-25 01:35:52'),
(4039, 306, 163, '2024-02-25 01:35:52'),
(4040, 663, 108, '2024-02-25 01:35:53'),
(4041, 607, 182, '2024-02-25 01:35:53'),
(4042, 394, 37, '2024-02-25 01:35:53'),
(4043, 808, 125, '2024-02-25 01:35:53'),
(4044, 476, 17, '2024-02-25 01:35:53'),
(4045, 681, 115, '2024-02-25 01:35:53'),
(4046, 838, 134, '2024-02-25 01:35:53'),
(4047, 679, 182, '2024-02-25 01:35:53'),
(4048, 373, 42, '2024-02-25 01:35:53'),
(4049, 951, 99, '2024-02-25 01:35:53'),
(4050, 870, 129, '2024-02-25 01:35:53'),
(4051, 676, 216, '2024-02-25 01:35:53'),
(4052, 570, 180, '2024-02-25 01:35:53'),
(4053, 979, 79, '2024-02-25 01:35:53'),
(4054, 213, 37, '2024-02-25 01:35:53'),
(4055, 287, 138, '2024-02-25 01:35:53'),
(4056, 192, 107, '2024-02-25 01:35:53'),
(4057, 148, 134, '2024-02-25 01:35:53'),
(4058, 999, 40, '2024-02-25 01:35:53'),
(4059, 792, 169, '2024-02-25 01:35:53'),
(4060, 421, 120, '2024-02-25 01:35:53'),
(4061, 838, 188, '2024-02-25 01:35:53'),
(4062, 129, 178, '2024-02-25 01:35:53'),
(4063, 199, 11, '2024-02-25 01:35:53'),
(4064, 964, 37, '2024-02-25 01:35:53'),
(4065, 770, 126, '2024-02-25 01:35:53'),
(4066, 306, 94, '2024-02-25 01:35:53'),
(4067, 269, 15, '2024-02-25 01:35:53'),
(4068, 67, 208, '2024-02-25 01:35:53'),
(4069, 912, 15, '2024-02-25 01:35:53'),
(4070, 80, 78, '2024-02-25 01:35:53'),
(4071, 169, 122, '2024-02-25 01:35:53'),
(4072, 186, 184, '2024-02-25 01:35:53'),
(4073, 109, 109, '2024-02-25 01:35:53'),
(4074, 1008, 102, '2024-02-25 01:35:53'),
(4075, 537, 65, '2024-02-25 01:35:53'),
(4076, 304, 40, '2024-02-25 01:35:53'),
(4077, 692, 38, '2024-02-25 01:35:53'),
(4078, 469, 189, '2024-02-25 01:35:53'),
(4079, 716, 159, '2024-02-25 01:35:53'),
(4080, 416, 125, '2024-02-25 01:35:53'),
(4081, 619, 21, '2024-02-25 01:35:53'),
(4082, 657, 185, '2024-02-25 01:35:53'),
(4083, 182, 107, '2024-02-25 01:35:53'),
(4084, 436, 132, '2024-02-25 01:35:53'),
(4085, 807, 84, '2024-02-25 01:35:53'),
(4086, 1017, 134, '2024-02-25 01:35:53'),
(4087, 240, 191, '2024-02-25 01:35:53'),
(4088, 112, 122, '2024-02-25 01:35:53'),
(4089, 951, 208, '2024-02-25 01:35:53'),
(4090, 317, 204, '2024-02-25 01:35:53'),
(4091, 16, 181, '2024-02-25 01:35:53'),
(4092, 447, 208, '2024-02-25 01:35:53'),
(4093, 574, 161, '2024-02-25 01:35:53'),
(4094, 7, 189, '2024-02-25 01:35:53'),
(4095, 265, 138, '2024-02-25 01:35:53'),
(4096, 770, 73, '2024-02-25 01:35:53'),
(4097, 155, 12, '2024-02-25 01:35:53'),
(4098, 702, 177, '2024-02-25 01:35:53'),
(4099, 333, 17, '2024-02-25 01:35:53'),
(4100, 795, 147, '2024-02-25 01:35:53'),
(4101, 406, 218, '2024-02-25 01:35:53'),
(4102, 993, 108, '2024-02-25 01:35:53'),
(4103, 997, 209, '2024-02-25 01:35:53'),
(4104, 345, 158, '2024-02-25 01:35:53'),
(4105, 95, 47, '2024-02-25 01:35:53'),
(4106, 739, 182, '2024-02-25 01:35:53'),
(4107, 901, 222, '2024-02-25 01:35:53'),
(4108, 513, 218, '2024-02-25 01:35:53'),
(4109, 183, 191, '2024-02-25 01:35:53'),
(4110, 205, 210, '2024-02-25 01:35:53'),
(4111, 583, 91, '2024-02-25 01:35:53'),
(4112, 240, 19, '2024-02-25 01:35:53'),
(4113, 273, 116, '2024-02-25 01:35:53'),
(4114, 223, 6, '2024-02-25 01:35:53'),
(4115, 489, 47, '2024-02-25 01:35:53'),
(4116, 430, 164, '2024-02-25 01:35:53'),
(4117, 931, 36, '2024-02-25 01:35:53'),
(4118, 603, 174, '2024-02-25 01:35:53'),
(4119, 788, 93, '2024-02-25 01:35:53'),
(4120, 748, 15, '2024-02-25 01:35:53'),
(4121, 955, 104, '2024-02-25 01:35:53'),
(4122, 224, 17, '2024-02-25 01:35:53'),
(4123, 174, 1, '2024-02-25 01:35:53'),
(4124, 709, 129, '2024-02-25 01:35:53'),
(4125, 59, 45, '2024-02-25 01:35:53'),
(4126, 860, 80, '2024-02-25 01:35:53'),
(4127, 868, 206, '2024-02-25 01:35:53'),
(4128, 94, 64, '2024-02-25 01:35:53'),
(4129, 85, 114, '2024-02-25 01:35:53'),
(4130, 113, 79, '2024-02-25 01:35:53'),
(4131, 221, 109, '2024-02-25 01:35:53'),
(4132, 1010, 133, '2024-02-25 01:35:53'),
(4133, 106, 28, '2024-02-25 01:35:53'),
(4134, 317, 167, '2024-02-25 01:35:53'),
(4135, 42, 220, '2024-02-25 01:35:53'),
(4136, 411, 84, '2024-02-25 01:35:53'),
(4137, 16, 67, '2024-02-25 01:35:53'),
(4138, 693, 100, '2024-02-25 01:35:53'),
(4139, 351, 53, '2024-02-25 01:35:53'),
(4140, 545, 89, '2024-02-25 01:35:54'),
(4141, 205, 23, '2024-02-25 01:35:54'),
(4142, 257, 79, '2024-02-25 01:35:54'),
(4143, 359, 81, '2024-02-25 01:35:54'),
(4144, 99, 137, '2024-02-25 01:35:54'),
(4145, 131, 39, '2024-02-25 01:35:54'),
(4146, 785, 129, '2024-02-25 01:35:54'),
(4147, 1006, 218, '2024-02-25 01:35:54'),
(4148, 628, 97, '2024-02-25 01:35:54'),
(4149, 121, 212, '2024-02-25 01:35:54'),
(4150, 478, 187, '2024-02-25 01:35:54'),
(4151, 506, 197, '2024-02-25 01:35:54'),
(4152, 914, 181, '2024-02-25 01:35:54'),
(4153, 585, 124, '2024-02-25 01:35:54'),
(4154, 881, 133, '2024-02-25 01:35:54'),
(4155, 75, 143, '2024-02-25 01:35:54'),
(4156, 254, 162, '2024-02-25 01:35:54'),
(4157, 786, 19, '2024-02-25 01:35:54'),
(4158, 100, 147, '2024-02-25 01:35:54'),
(4159, 880, 86, '2024-02-25 01:35:54'),
(4160, 753, 38, '2024-02-25 01:35:54'),
(4161, 908, 4, '2024-02-25 01:35:54'),
(4162, 263, 27, '2024-02-25 01:35:54'),
(4163, 16, 201, '2024-02-25 01:35:54'),
(4164, 133, 92, '2024-02-25 01:35:54'),
(4165, 791, 209, '2024-02-25 01:35:54'),
(4166, 602, 198, '2024-02-25 01:35:54'),
(4167, 827, 13, '2024-02-25 01:35:54'),
(4168, 103, 98, '2024-02-25 01:35:54'),
(4169, 153, 110, '2024-02-25 01:35:54'),
(4170, 191, 54, '2024-02-25 01:35:54'),
(4171, 410, 40, '2024-02-25 01:35:54'),
(4172, 527, 164, '2024-02-25 01:35:54'),
(4173, 126, 13, '2024-02-25 01:35:54'),
(4174, 377, 35, '2024-02-25 01:35:54'),
(4175, 595, 98, '2024-02-25 01:35:54'),
(4176, 55, 25, '2024-02-25 01:35:54'),
(4177, 22, 125, '2024-02-25 01:35:54'),
(4178, 122, 103, '2024-02-25 01:35:54'),
(4179, 257, 164, '2024-02-25 01:35:54'),
(4180, 678, 183, '2024-02-25 01:35:54'),
(4181, 389, 43, '2024-02-25 01:35:54'),
(4182, 222, 66, '2024-02-25 01:35:54'),
(4183, 119, 128, '2024-02-25 01:35:54'),
(4184, 206, 84, '2024-02-25 01:35:54'),
(4185, 356, 8, '2024-02-25 01:35:54'),
(4186, 313, 186, '2024-02-25 01:35:54'),
(4187, 301, 128, '2024-02-25 01:35:54'),
(4188, 558, 131, '2024-02-25 01:35:54'),
(4189, 279, 124, '2024-02-25 01:35:54'),
(4190, 867, 86, '2024-02-25 01:35:54'),
(4191, 585, 197, '2024-02-25 01:35:54'),
(4192, 338, 20, '2024-02-25 01:35:54'),
(4193, 368, 60, '2024-02-25 01:35:54'),
(4194, 925, 147, '2024-02-25 01:35:54'),
(4195, 527, 214, '2024-02-25 01:35:54'),
(4196, 941, 183, '2024-02-25 01:35:54'),
(4197, 1023, 87, '2024-02-25 01:35:54'),
(4198, 714, 48, '2024-02-25 01:35:54'),
(4199, 75, 79, '2024-02-25 01:35:54'),
(4200, 787, 210, '2024-02-25 01:35:54'),
(4201, 742, 14, '2024-02-25 01:35:54'),
(4202, 327, 15, '2024-02-25 01:35:54'),
(4203, 762, 165, '2024-02-25 01:35:54'),
(4204, 287, 182, '2024-02-25 01:35:54'),
(4205, 250, 4, '2024-02-25 01:35:54'),
(4206, 76, 15, '2024-02-25 01:35:54'),
(4207, 876, 197, '2024-02-25 01:35:54'),
(4208, 319, 185, '2024-02-25 01:35:54'),
(4209, 438, 90, '2024-02-25 01:35:54'),
(4210, 268, 34, '2024-02-25 01:35:54'),
(4211, 663, 160, '2024-02-25 01:35:54'),
(4212, 263, 37, '2024-02-25 01:35:54'),
(4213, 1005, 2, '2024-02-25 01:35:54'),
(4214, 568, 56, '2024-02-25 01:35:54'),
(4215, 973, 119, '2024-02-25 01:35:54'),
(4216, 956, 71, '2024-02-25 01:35:54'),
(4217, 908, 91, '2024-02-25 01:35:54'),
(4218, 116, 79, '2024-02-25 01:35:54'),
(4219, 676, 137, '2024-02-25 01:35:54'),
(4220, 172, 217, '2024-02-25 01:35:54'),
(4221, 99, 141, '2024-02-25 01:35:54'),
(4222, 456, 165, '2024-02-25 01:35:54'),
(4223, 472, 6, '2024-02-25 01:35:54'),
(4224, 434, 177, '2024-02-25 01:35:54'),
(4225, 395, 20, '2024-02-25 01:35:55'),
(4226, 563, 57, '2024-02-25 01:35:55'),
(4227, 417, 177, '2024-02-25 01:35:55'),
(4228, 695, 159, '2024-02-25 01:35:55'),
(4229, 186, 113, '2024-02-25 01:35:55'),
(4230, 921, 219, '2024-02-25 01:35:55'),
(4231, 367, 84, '2024-02-25 01:35:55'),
(4232, 500, 137, '2024-02-25 01:35:55'),
(4233, 94, 71, '2024-02-25 01:35:55'),
(4234, 257, 140, '2024-02-25 01:35:55'),
(4235, 650, 181, '2024-02-25 01:35:55'),
(4236, 209, 50, '2024-02-25 01:35:55'),
(4237, 322, 217, '2024-02-25 01:35:55'),
(4238, 293, 54, '2024-02-25 01:35:55'),
(4239, 906, 16, '2024-02-25 01:35:55'),
(4240, 971, 14, '2024-02-25 01:35:55'),
(4241, 115, 99, '2024-02-25 01:35:55'),
(4242, 359, 169, '2024-02-25 01:35:55'),
(4243, 624, 195, '2024-02-25 01:35:55'),
(4244, 181, 30, '2024-02-25 01:35:55'),
(4245, 186, 80, '2024-02-25 01:35:55'),
(4246, 544, 118, '2024-02-25 01:35:55'),
(4247, 261, 174, '2024-02-25 01:35:55'),
(4248, 164, 113, '2024-02-25 01:35:55'),
(4249, 708, 155, '2024-02-25 01:35:55'),
(4250, 695, 6, '2024-02-25 01:35:55'),
(4251, 702, 212, '2024-02-25 01:35:55'),
(4252, 35, 215, '2024-02-25 01:35:55'),
(4253, 695, 45, '2024-02-25 01:35:55'),
(4254, 907, 171, '2024-02-25 01:35:55'),
(4255, 81, 170, '2024-02-25 01:35:55'),
(4256, 475, 6, '2024-02-25 01:35:55'),
(4257, 662, 30, '2024-02-25 01:35:55'),
(4258, 356, 61, '2024-02-25 01:35:55'),
(4259, 504, 200, '2024-02-25 01:35:55'),
(4260, 667, 29, '2024-02-25 01:35:55'),
(4261, 989, 73, '2024-02-25 01:35:55'),
(4262, 803, 214, '2024-02-25 01:35:55'),
(4263, 880, 2, '2024-02-25 01:35:55'),
(4264, 186, 181, '2024-02-25 01:35:55'),
(4265, 218, 40, '2024-02-25 01:35:55'),
(4266, 280, 147, '2024-02-25 01:35:55'),
(4267, 549, 103, '2024-02-25 01:35:55'),
(4268, 438, 149, '2024-02-25 01:35:55'),
(4269, 147, 157, '2024-02-25 01:35:55'),
(4270, 748, 46, '2024-02-25 01:35:55'),
(4271, 340, 27, '2024-02-25 01:35:55'),
(4272, 687, 163, '2024-02-25 01:35:55'),
(4273, 338, 164, '2024-02-25 01:35:55'),
(4274, 753, 153, '2024-02-25 01:35:55'),
(4275, 287, 63, '2024-02-25 01:35:55'),
(4276, 70, 212, '2024-02-25 01:35:55'),
(4277, 765, 209, '2024-02-25 01:35:55'),
(4278, 859, 213, '2024-02-25 01:35:55'),
(4279, 989, 139, '2024-02-25 01:35:55'),
(4280, 492, 111, '2024-02-25 01:35:55'),
(4281, 255, 173, '2024-02-25 01:35:55'),
(4282, 438, 102, '2024-02-25 01:35:55'),
(4283, 460, 76, '2024-02-25 01:35:55'),
(4284, 711, 75, '2024-02-25 01:35:55'),
(4285, 842, 192, '2024-02-25 01:35:55'),
(4286, 778, 25, '2024-02-25 01:35:55'),
(4287, 41, 84, '2024-02-25 01:35:55'),
(4288, 371, 173, '2024-02-25 01:35:55'),
(4289, 849, 35, '2024-02-25 01:35:55'),
(4290, 362, 186, '2024-02-25 01:35:55'),
(4291, 504, 218, '2024-02-25 01:35:55'),
(4292, 906, 118, '2024-02-25 01:35:55'),
(4293, 354, 53, '2024-02-25 01:35:55'),
(4294, 347, 149, '2024-02-25 01:35:55'),
(4295, 1000, 25, '2024-02-25 01:35:55'),
(4296, 323, 56, '2024-02-25 01:35:55'),
(4297, 102, 219, '2024-02-25 01:35:55'),
(4298, 320, 192, '2024-02-25 01:35:55'),
(4299, 691, 148, '2024-02-25 01:35:55'),
(4300, 280, 190, '2024-02-25 01:35:55'),
(4301, 831, 44, '2024-02-25 01:35:55'),
(4302, 171, 132, '2024-02-25 01:35:55'),
(4303, 474, 161, '2024-02-25 01:35:55'),
(4304, 448, 139, '2024-02-25 01:35:55'),
(4305, 868, 10, '2024-02-25 01:35:55'),
(4306, 992, 123, '2024-02-25 01:35:55'),
(4307, 231, 9, '2024-02-25 01:35:55'),
(4308, 657, 126, '2024-02-25 01:35:55'),
(4309, 641, 48, '2024-02-25 01:35:55'),
(4310, 580, 133, '2024-02-25 01:35:55'),
(4311, 195, 88, '2024-02-25 01:35:55'),
(4312, 402, 148, '2024-02-25 01:35:55'),
(4313, 834, 59, '2024-02-25 01:35:55'),
(4314, 986, 10, '2024-02-25 01:35:56'),
(4315, 371, 166, '2024-02-25 01:35:56'),
(4316, 435, 176, '2024-02-25 01:35:56'),
(4317, 991, 103, '2024-02-25 01:35:56'),
(4318, 1010, 86, '2024-02-25 01:35:56'),
(4319, 965, 209, '2024-02-25 01:35:56'),
(4320, 1002, 191, '2024-02-25 01:35:56'),
(4321, 853, 119, '2024-02-25 01:35:56'),
(4322, 411, 221, '2024-02-25 01:35:56'),
(4323, 660, 14, '2024-02-25 01:35:56'),
(4324, 608, 177, '2024-02-25 01:35:56'),
(4325, 521, 159, '2024-02-25 01:35:56'),
(4326, 915, 195, '2024-02-25 01:35:56'),
(4327, 147, 185, '2024-02-25 01:35:56'),
(4328, 798, 25, '2024-02-25 01:35:56'),
(4329, 986, 178, '2024-02-25 01:35:56'),
(4330, 664, 159, '2024-02-25 01:35:56'),
(4331, 745, 108, '2024-02-25 01:35:56'),
(4332, 155, 70, '2024-02-25 01:35:56'),
(4333, 275, 201, '2024-02-25 01:35:56'),
(4334, 745, 41, '2024-02-25 01:35:56'),
(4335, 887, 78, '2024-02-25 01:35:56'),
(4336, 642, 93, '2024-02-25 01:35:56'),
(4337, 280, 172, '2024-02-25 01:35:56'),
(4338, 536, 38, '2024-02-25 01:35:56'),
(4339, 258, 58, '2024-02-25 01:35:56'),
(4340, 1000, 198, '2024-02-25 01:35:56'),
(4341, 177, 71, '2024-02-25 01:35:56'),
(4342, 440, 40, '2024-02-25 01:35:56'),
(4343, 630, 28, '2024-02-25 01:35:56'),
(4344, 695, 200, '2024-02-25 01:35:56'),
(4345, 527, 159, '2024-02-25 01:35:56'),
(4346, 204, 27, '2024-02-25 01:35:56'),
(4347, 627, 181, '2024-02-25 01:35:56'),
(4348, 97, 218, '2024-02-25 01:35:56'),
(4349, 563, 28, '2024-02-25 01:35:56'),
(4350, 145, 5, '2024-02-25 01:35:56'),
(4351, 738, 219, '2024-02-25 01:35:56'),
(4352, 923, 196, '2024-02-25 01:35:56'),
(4353, 324, 140, '2024-02-25 01:35:56'),
(4354, 193, 41, '2024-02-25 01:35:56'),
(4355, 92, 52, '2024-02-25 01:35:56'),
(4356, 591, 8, '2024-02-25 01:35:56'),
(4357, 212, 39, '2024-02-25 01:35:56'),
(4358, 316, 204, '2024-02-25 01:35:56'),
(4359, 771, 14, '2024-02-25 01:35:56'),
(4360, 86, 93, '2024-02-25 01:35:56'),
(4361, 381, 148, '2024-02-25 01:35:56'),
(4362, 760, 68, '2024-02-25 01:35:56'),
(4363, 278, 6, '2024-02-25 01:35:56'),
(4364, 1007, 86, '2024-02-25 01:35:56'),
(4365, 251, 21, '2024-02-25 01:35:56'),
(4366, 928, 41, '2024-02-25 01:35:56'),
(4367, 312, 174, '2024-02-25 01:35:56'),
(4368, 467, 73, '2024-02-25 01:35:56'),
(4369, 569, 184, '2024-02-25 01:35:56'),
(4370, 886, 114, '2024-02-25 01:35:56'),
(4371, 240, 14, '2024-02-25 01:35:56'),
(4372, 368, 59, '2024-02-25 01:35:56'),
(4373, 298, 177, '2024-02-25 01:35:56'),
(4374, 970, 76, '2024-02-25 01:35:56'),
(4375, 36, 78, '2024-02-25 01:35:56'),
(4376, 977, 35, '2024-02-25 01:35:56'),
(4377, 901, 219, '2024-02-25 01:35:56'),
(4378, 229, 9, '2024-02-25 01:35:56'),
(4379, 556, 102, '2024-02-25 01:35:56'),
(4380, 753, 71, '2024-02-25 01:35:56'),
(4381, 927, 152, '2024-02-25 01:35:56'),
(4382, 165, 208, '2024-02-25 01:35:56'),
(4383, 179, 83, '2024-02-25 01:35:56'),
(4384, 526, 1, '2024-02-25 01:35:56'),
(4385, 239, 101, '2024-02-25 01:35:56'),
(4386, 136, 175, '2024-02-25 01:35:56'),
(4387, 496, 91, '2024-02-25 01:35:56'),
(4388, 382, 207, '2024-02-25 01:35:56'),
(4389, 294, 49, '2024-02-25 01:35:56'),
(4390, 353, 203, '2024-02-25 01:35:56'),
(4391, 589, 144, '2024-02-25 01:35:56'),
(4392, 129, 73, '2024-02-25 01:35:56'),
(4393, 112, 193, '2024-02-25 01:35:56'),
(4394, 481, 4, '2024-02-25 01:35:56'),
(4395, 311, 181, '2024-02-25 01:35:56'),
(4396, 16, 69, '2024-02-25 01:35:56'),
(4397, 955, 207, '2024-02-25 01:35:56'),
(4398, 430, 219, '2024-02-25 01:35:56'),
(4399, 785, 155, '2024-02-25 01:35:56'),
(4400, 169, 178, '2024-02-25 01:35:56'),
(4401, 102, 126, '2024-02-25 01:35:57'),
(4402, 238, 39, '2024-02-25 01:35:57'),
(4403, 46, 16, '2024-02-25 01:35:57'),
(4404, 6, 34, '2024-02-25 01:35:57'),
(4405, 16, 10, '2024-02-25 01:35:57'),
(4406, 910, 59, '2024-02-25 01:35:57'),
(4407, 419, 181, '2024-02-25 01:35:57'),
(4408, 501, 197, '2024-02-25 01:35:57'),
(4409, 751, 3, '2024-02-25 01:35:57'),
(4410, 692, 125, '2024-02-25 01:35:57'),
(4411, 581, 114, '2024-02-25 01:35:57'),
(4412, 248, 222, '2024-02-25 01:35:57'),
(4413, 172, 97, '2024-02-25 01:35:57'),
(4414, 435, 21, '2024-02-25 01:35:57'),
(4415, 275, 68, '2024-02-25 01:35:57'),
(4416, 650, 24, '2024-02-25 01:35:57'),
(4417, 228, 133, '2024-02-25 01:35:57'),
(4418, 12, 153, '2024-02-25 01:35:57'),
(4419, 722, 88, '2024-02-25 01:35:57'),
(4420, 730, 137, '2024-02-25 01:35:57'),
(4421, 452, 186, '2024-02-25 01:35:57'),
(4422, 775, 154, '2024-02-25 01:35:57'),
(4423, 279, 202, '2024-02-25 01:35:57'),
(4424, 786, 16, '2024-02-25 01:35:57'),
(4425, 817, 83, '2024-02-25 01:35:57'),
(4426, 1023, 15, '2024-02-25 01:35:57'),
(4427, 95, 112, '2024-02-25 01:35:57'),
(4428, 195, 110, '2024-02-25 01:35:57'),
(4429, 574, 18, '2024-02-25 01:35:57'),
(4430, 770, 211, '2024-02-25 01:35:57'),
(4431, 647, 90, '2024-02-25 01:35:57'),
(4432, 916, 101, '2024-02-25 01:35:57'),
(4433, 384, 165, '2024-02-25 01:35:57'),
(4434, 164, 216, '2024-02-25 01:35:57'),
(4435, 447, 18, '2024-02-25 01:35:57'),
(4436, 929, 78, '2024-02-25 01:35:57'),
(4437, 711, 129, '2024-02-25 01:35:57'),
(4438, 762, 34, '2024-02-25 01:35:57'),
(4439, 962, 79, '2024-02-25 01:35:57'),
(4440, 725, 202, '2024-02-25 01:35:57'),
(4441, 921, 106, '2024-02-25 01:35:57'),
(4442, 150, 25, '2024-02-25 01:35:57'),
(4443, 865, 74, '2024-02-25 01:35:57'),
(4444, 892, 51, '2024-02-25 01:35:57'),
(4445, 240, 165, '2024-02-25 01:35:57'),
(4446, 818, 182, '2024-02-25 01:35:57'),
(4447, 512, 49, '2024-02-25 01:35:57'),
(4448, 949, 199, '2024-02-25 01:35:57'),
(4449, 611, 192, '2024-02-25 01:35:57'),
(4450, 234, 21, '2024-02-25 01:35:57'),
(4451, 1013, 197, '2024-02-25 01:35:57'),
(4452, 726, 120, '2024-02-25 01:35:57'),
(4453, 773, 160, '2024-02-25 01:35:57'),
(4454, 334, 175, '2024-02-25 01:35:57'),
(4455, 89, 26, '2024-02-25 01:35:57'),
(4456, 357, 124, '2024-02-25 01:35:57'),
(4457, 948, 89, '2024-02-25 01:35:57'),
(4458, 575, 109, '2024-02-25 01:35:57'),
(4459, 599, 209, '2024-02-25 01:35:57'),
(4460, 338, 171, '2024-02-25 01:35:57'),
(4461, 518, 167, '2024-02-25 01:35:57'),
(4462, 164, 80, '2024-02-25 01:35:57'),
(4463, 1021, 33, '2024-02-25 01:35:57'),
(4464, 957, 78, '2024-02-25 01:35:57'),
(4465, 362, 13, '2024-02-25 01:35:57'),
(4466, 727, 96, '2024-02-25 01:35:57'),
(4467, 61, 68, '2024-02-25 01:35:57'),
(4468, 72, 221, '2024-02-25 01:35:57'),
(4469, 892, 159, '2024-02-25 01:35:57'),
(4470, 4, 18, '2024-02-25 01:35:57'),
(4471, 669, 199, '2024-02-25 01:35:57'),
(4472, 153, 211, '2024-02-25 01:35:57'),
(4473, 557, 208, '2024-02-25 01:35:57'),
(4474, 632, 111, '2024-02-25 01:35:57'),
(4475, 321, 128, '2024-02-25 01:35:57'),
(4476, 942, 3, '2024-02-25 01:35:57'),
(4477, 525, 154, '2024-02-25 01:35:57'),
(4478, 451, 132, '2024-02-25 01:35:57'),
(4479, 307, 88, '2024-02-25 01:35:57'),
(4480, 255, 20, '2024-02-25 01:35:57'),
(4481, 9, 171, '2024-02-25 01:35:57'),
(4482, 480, 25, '2024-02-25 01:35:57'),
(4483, 920, 95, '2024-02-25 01:35:58'),
(4484, 124, 117, '2024-02-25 01:35:58'),
(4485, 160, 119, '2024-02-25 01:35:58'),
(4486, 999, 51, '2024-02-25 01:35:58'),
(4487, 245, 101, '2024-02-25 01:35:58'),
(4488, 191, 129, '2024-02-25 01:35:58'),
(4489, 386, 125, '2024-02-25 01:35:58'),
(4490, 73, 189, '2024-02-25 01:35:58'),
(4491, 972, 208, '2024-02-25 01:35:58'),
(4492, 212, 16, '2024-02-25 01:35:58'),
(4493, 668, 33, '2024-02-25 01:35:58'),
(4494, 727, 165, '2024-02-25 01:35:58'),
(4495, 606, 34, '2024-02-25 01:35:58'),
(4496, 842, 212, '2024-02-25 01:35:58'),
(4497, 877, 167, '2024-02-25 01:35:58'),
(4498, 491, 16, '2024-02-25 01:35:58'),
(4499, 284, 200, '2024-02-25 01:35:58'),
(4500, 919, 221, '2024-02-25 01:35:58'),
(4501, 348, 220, '2024-02-25 01:35:58'),
(4502, 35, 190, '2024-02-25 01:35:58'),
(4503, 229, 43, '2024-02-25 01:35:58'),
(4504, 190, 102, '2024-02-25 01:35:58'),
(4505, 984, 76, '2024-02-25 01:35:58'),
(4506, 814, 73, '2024-02-25 01:35:58'),
(4507, 712, 143, '2024-02-25 01:35:58'),
(4508, 183, 95, '2024-02-25 01:35:58'),
(4509, 239, 11, '2024-02-25 01:35:58'),
(4510, 742, 70, '2024-02-25 01:35:58'),
(4511, 340, 33, '2024-02-25 01:35:58'),
(4512, 156, 5, '2024-02-25 01:35:58'),
(4513, 27, 118, '2024-02-25 01:35:58'),
(4514, 662, 8, '2024-02-25 01:35:58'),
(4515, 417, 6, '2024-02-25 01:35:58'),
(4516, 521, 190, '2024-02-25 01:35:58'),
(4517, 414, 9, '2024-02-25 01:35:58'),
(4518, 599, 35, '2024-02-25 01:35:58'),
(4519, 707, 133, '2024-02-25 01:35:58'),
(4520, 802, 149, '2024-02-25 01:35:58'),
(4521, 913, 189, '2024-02-25 01:35:58'),
(4522, 220, 21, '2024-02-25 01:35:58'),
(4523, 935, 93, '2024-02-25 01:35:58'),
(4524, 587, 11, '2024-02-25 01:35:58'),
(4525, 677, 62, '2024-02-25 01:35:58'),
(4526, 312, 33, '2024-02-25 01:35:58'),
(4527, 228, 118, '2024-02-25 01:35:58'),
(4528, 347, 172, '2024-02-25 01:35:58'),
(4529, 857, 93, '2024-02-25 01:35:58'),
(4530, 222, 132, '2024-02-25 01:35:58'),
(4531, 465, 202, '2024-02-25 01:35:58'),
(4532, 494, 179, '2024-02-25 01:35:58'),
(4533, 88, 159, '2024-02-25 01:35:58'),
(4534, 477, 102, '2024-02-25 01:35:58'),
(4535, 43, 110, '2024-02-25 01:35:58'),
(4536, 624, 20, '2024-02-25 01:35:58'),
(4537, 852, 191, '2024-02-25 01:35:58'),
(4538, 549, 35, '2024-02-25 01:35:58'),
(4539, 964, 207, '2024-02-25 01:35:58'),
(4540, 112, 51, '2024-02-25 01:35:58'),
(4541, 719, 169, '2024-02-25 01:35:58'),
(4542, 182, 75, '2024-02-25 01:35:58'),
(4543, 808, 12, '2024-02-25 01:35:58'),
(4544, 128, 43, '2024-02-25 01:35:58'),
(4545, 901, 62, '2024-02-25 01:35:58'),
(4546, 416, 141, '2024-02-25 01:35:58'),
(4547, 820, 92, '2024-02-25 01:35:58'),
(4548, 839, 147, '2024-02-25 01:35:58'),
(4549, 548, 81, '2024-02-25 01:35:58'),
(4550, 39, 140, '2024-02-25 01:35:58'),
(4551, 857, 38, '2024-02-25 01:35:58'),
(4552, 412, 211, '2024-02-25 01:35:58'),
(4553, 766, 103, '2024-02-25 01:35:58'),
(4554, 310, 136, '2024-02-25 01:35:58'),
(4555, 739, 126, '2024-02-25 01:35:58'),
(4556, 223, 205, '2024-02-25 01:35:58'),
(4557, 104, 73, '2024-02-25 01:35:58'),
(4558, 97, 37, '2024-02-25 01:35:58'),
(4559, 478, 96, '2024-02-25 01:35:58'),
(4560, 949, 193, '2024-02-25 01:35:58'),
(4561, 347, 83, '2024-02-25 01:35:58'),
(4562, 826, 62, '2024-02-25 01:35:58'),
(4563, 606, 58, '2024-02-25 01:35:58'),
(4564, 831, 222, '2024-02-25 01:35:58'),
(4565, 924, 190, '2024-02-25 01:35:58'),
(4566, 663, 148, '2024-02-25 01:35:58'),
(4567, 691, 134, '2024-02-25 01:35:58'),
(4568, 21, 106, '2024-02-25 01:35:58'),
(4569, 714, 189, '2024-02-25 01:35:58'),
(4570, 44, 83, '2024-02-25 01:35:58'),
(4571, 683, 34, '2024-02-25 01:35:58'),
(4572, 300, 86, '2024-02-25 01:35:58'),
(4573, 312, 117, '2024-02-25 01:35:58'),
(4574, 464, 35, '2024-02-25 01:35:58'),
(4575, 946, 128, '2024-02-25 01:35:58'),
(4576, 650, 186, '2024-02-25 01:35:58'),
(4577, 494, 87, '2024-02-25 01:35:58'),
(4578, 838, 69, '2024-02-25 01:35:58'),
(4579, 172, 19, '2024-02-25 01:35:58'),
(4580, 942, 106, '2024-02-25 01:35:58'),
(4581, 319, 216, '2024-02-25 01:35:58'),
(4582, 317, 218, '2024-02-25 01:35:58'),
(4583, 763, 91, '2024-02-25 01:35:58'),
(4584, 107, 47, '2024-02-25 01:35:58'),
(4585, 136, 124, '2024-02-25 01:35:58'),
(4586, 766, 72, '2024-02-25 01:35:58'),
(4587, 788, 59, '2024-02-25 01:35:58'),
(4588, 198, 65, '2024-02-25 01:35:58'),
(4589, 280, 141, '2024-02-25 01:35:58'),
(4590, 794, 61, '2024-02-25 01:35:58'),
(4591, 940, 30, '2024-02-25 01:35:58'),
(4592, 358, 34, '2024-02-25 01:35:59'),
(4593, 807, 91, '2024-02-25 01:35:59'),
(4594, 118, 65, '2024-02-25 01:35:59'),
(4595, 295, 114, '2024-02-25 01:35:59'),
(4596, 609, 134, '2024-02-25 01:35:59'),
(4597, 397, 18, '2024-02-25 01:35:59'),
(4598, 107, 56, '2024-02-25 01:35:59'),
(4599, 294, 206, '2024-02-25 01:35:59'),
(4600, 159, 72, '2024-02-25 01:35:59'),
(4601, 74, 68, '2024-02-25 01:35:59'),
(4602, 566, 27, '2024-02-25 01:35:59'),
(4603, 919, 157, '2024-02-25 01:35:59'),
(4604, 436, 166, '2024-02-25 01:35:59'),
(4605, 732, 48, '2024-02-25 01:35:59'),
(4606, 313, 16, '2024-02-25 01:35:59'),
(4607, 980, 50, '2024-02-25 01:35:59'),
(4608, 635, 172, '2024-02-25 01:35:59'),
(4609, 1013, 87, '2024-02-25 01:35:59'),
(4610, 367, 160, '2024-02-25 01:35:59'),
(4611, 932, 94, '2024-02-25 01:35:59'),
(4612, 423, 140, '2024-02-25 01:35:59'),
(4613, 875, 63, '2024-02-25 01:35:59'),
(4614, 623, 115, '2024-02-25 01:35:59'),
(4615, 692, 112, '2024-02-25 01:35:59'),
(4616, 209, 64, '2024-02-25 01:35:59'),
(4617, 735, 207, '2024-02-25 01:35:59'),
(4618, 368, 97, '2024-02-25 01:35:59'),
(4619, 458, 107, '2024-02-25 01:35:59'),
(4620, 629, 72, '2024-02-25 01:35:59'),
(4621, 39, 44, '2024-02-25 01:35:59'),
(4622, 741, 44, '2024-02-25 01:35:59'),
(4623, 50, 211, '2024-02-25 01:35:59'),
(4624, 865, 7, '2024-02-25 01:35:59'),
(4625, 325, 167, '2024-02-25 01:35:59'),
(4626, 927, 176, '2024-02-25 01:35:59'),
(4627, 223, 127, '2024-02-25 01:35:59'),
(4628, 623, 221, '2024-02-25 01:35:59'),
(4629, 228, 18, '2024-02-25 01:35:59'),
(4630, 255, 180, '2024-02-25 01:35:59'),
(4631, 830, 7, '2024-02-25 01:35:59'),
(4632, 128, 114, '2024-02-25 01:35:59'),
(4633, 902, 57, '2024-02-25 01:35:59'),
(4634, 985, 129, '2024-02-25 01:35:59'),
(4635, 915, 171, '2024-02-25 01:35:59'),
(4636, 111, 166, '2024-02-25 01:35:59'),
(4637, 995, 205, '2024-02-25 01:35:59'),
(4638, 827, 7, '2024-02-25 01:35:59'),
(4639, 337, 131, '2024-02-25 01:35:59'),
(4640, 645, 90, '2024-02-25 01:35:59'),
(4641, 989, 61, '2024-02-25 01:35:59'),
(4642, 899, 116, '2024-02-25 01:35:59'),
(4643, 220, 114, '2024-02-25 01:35:59'),
(4644, 623, 117, '2024-02-25 01:35:59'),
(4645, 684, 148, '2024-02-25 01:35:59'),
(4646, 329, 20, '2024-02-25 01:35:59'),
(4647, 824, 33, '2024-02-25 01:35:59'),
(4648, 741, 25, '2024-02-25 01:35:59'),
(4649, 177, 121, '2024-02-25 01:35:59'),
(4650, 661, 96, '2024-02-25 01:35:59'),
(4651, 304, 66, '2024-02-25 01:35:59'),
(4652, 444, 176, '2024-02-25 01:35:59'),
(4653, 939, 213, '2024-02-25 01:35:59'),
(4654, 585, 146, '2024-02-25 01:35:59'),
(4655, 530, 3, '2024-02-25 01:35:59'),
(4656, 599, 146, '2024-02-25 01:35:59'),
(4657, 657, 75, '2024-02-25 01:35:59'),
(4658, 382, 4, '2024-02-25 01:35:59'),
(4659, 454, 109, '2024-02-25 01:35:59'),
(4660, 46, 73, '2024-02-25 01:35:59'),
(4661, 315, 196, '2024-02-25 01:35:59'),
(4662, 141, 107, '2024-02-25 01:35:59'),
(4663, 863, 1, '2024-02-25 01:35:59'),
(4664, 125, 145, '2024-02-25 01:35:59'),
(4665, 261, 178, '2024-02-25 01:35:59'),
(4666, 149, 63, '2024-02-25 01:35:59'),
(4667, 827, 16, '2024-02-25 01:35:59'),
(4668, 625, 112, '2024-02-25 01:35:59'),
(4669, 917, 13, '2024-02-25 01:35:59'),
(4670, 801, 149, '2024-02-25 01:35:59'),
(4671, 957, 208, '2024-02-25 01:35:59'),
(4672, 934, 149, '2024-02-25 01:35:59'),
(4673, 472, 60, '2024-02-25 01:35:59'),
(4674, 374, 85, '2024-02-25 01:35:59'),
(4675, 752, 22, '2024-02-25 01:35:59'),
(4676, 459, 219, '2024-02-25 01:35:59'),
(4677, 634, 87, '2024-02-25 01:35:59'),
(4678, 209, 99, '2024-02-25 01:35:59'),
(4679, 579, 158, '2024-02-25 01:35:59'),
(4680, 163, 167, '2024-02-25 01:35:59'),
(4681, 195, 64, '2024-02-25 01:35:59'),
(4682, 476, 188, '2024-02-25 01:35:59'),
(4683, 497, 147, '2024-02-25 01:35:59'),
(4684, 892, 96, '2024-02-25 01:35:59'),
(4685, 327, 76, '2024-02-25 01:35:59'),
(4686, 477, 88, '2024-02-25 01:36:00'),
(4687, 925, 113, '2024-02-25 01:36:00'),
(4688, 111, 49, '2024-02-25 01:36:00'),
(4689, 312, 142, '2024-02-25 01:36:00'),
(4690, 4, 92, '2024-02-25 01:36:00'),
(4691, 625, 121, '2024-02-25 01:36:00'),
(4692, 967, 90, '2024-02-25 01:36:00'),
(4693, 785, 30, '2024-02-25 01:36:00'),
(4694, 766, 121, '2024-02-25 01:36:00'),
(4695, 446, 67, '2024-02-25 01:36:00'),
(4696, 604, 76, '2024-02-25 01:36:00'),
(4697, 538, 13, '2024-02-25 01:36:00'),
(4698, 287, 186, '2024-02-25 01:36:00'),
(4699, 284, 71, '2024-02-25 01:36:00'),
(4700, 402, 80, '2024-02-25 01:36:00'),
(4701, 685, 153, '2024-02-25 01:36:00'),
(4702, 436, 172, '2024-02-25 01:36:00'),
(4703, 870, 85, '2024-02-25 01:36:00'),
(4704, 459, 166, '2024-02-25 01:36:00'),
(4705, 177, 120, '2024-02-25 01:36:00'),
(4706, 734, 175, '2024-02-25 01:36:00'),
(4707, 816, 19, '2024-02-25 01:36:00'),
(4708, 842, 11, '2024-02-25 01:36:00'),
(4709, 260, 172, '2024-02-25 01:36:00'),
(4710, 948, 42, '2024-02-25 01:36:00'),
(4711, 27, 181, '2024-02-25 01:36:00'),
(4712, 458, 27, '2024-02-25 01:36:00'),
(4713, 267, 86, '2024-02-25 01:36:00'),
(4714, 793, 45, '2024-02-25 01:36:00'),
(4715, 135, 211, '2024-02-25 01:36:00'),
(4716, 214, 200, '2024-02-25 01:36:00'),
(4717, 608, 67, '2024-02-25 01:36:00'),
(4718, 262, 198, '2024-02-25 01:36:00'),
(4719, 662, 72, '2024-02-25 01:36:00'),
(4720, 454, 156, '2024-02-25 01:36:00'),
(4721, 180, 125, '2024-02-25 01:36:00'),
(4722, 182, 179, '2024-02-25 01:36:00'),
(4723, 412, 66, '2024-02-25 01:36:00'),
(4724, 963, 184, '2024-02-25 01:36:00'),
(4725, 289, 150, '2024-02-25 01:36:00'),
(4726, 632, 131, '2024-02-25 01:36:00'),
(4727, 897, 183, '2024-02-25 01:36:00'),
(4728, 668, 16, '2024-02-25 01:36:00'),
(4729, 812, 121, '2024-02-25 01:36:00'),
(4730, 3, 89, '2024-02-25 01:36:00'),
(4731, 783, 58, '2024-02-25 01:36:00'),
(4732, 749, 178, '2024-02-25 01:36:00'),
(4733, 371, 94, '2024-02-25 01:36:00'),
(4734, 251, 178, '2024-02-25 01:36:00'),
(4735, 23, 215, '2024-02-25 01:36:00'),
(4736, 178, 198, '2024-02-25 01:36:00'),
(4737, 79, 21, '2024-02-25 01:36:00'),
(4738, 879, 214, '2024-02-25 01:36:00'),
(4739, 915, 162, '2024-02-25 01:36:00'),
(4740, 350, 196, '2024-02-25 01:36:00'),
(4741, 676, 161, '2024-02-25 01:36:00'),
(4742, 357, 35, '2024-02-25 01:36:00'),
(4743, 566, 125, '2024-02-25 01:36:00'),
(4744, 551, 77, '2024-02-25 01:36:00'),
(4745, 939, 208, '2024-02-25 01:36:00'),
(4746, 524, 119, '2024-02-25 01:36:00'),
(4747, 232, 175, '2024-02-25 01:36:00'),
(4748, 668, 178, '2024-02-25 01:36:00'),
(4749, 560, 161, '2024-02-25 01:36:00'),
(4750, 308, 131, '2024-02-25 01:36:00'),
(4751, 810, 21, '2024-02-25 01:36:00'),
(4752, 384, 73, '2024-02-25 01:36:00'),
(4753, 635, 59, '2024-02-25 01:36:00'),
(4754, 833, 138, '2024-02-25 01:36:00'),
(4755, 949, 24, '2024-02-25 01:36:00'),
(4756, 491, 38, '2024-02-25 01:36:00'),
(4757, 424, 212, '2024-02-25 01:36:00'),
(4758, 592, 30, '2024-02-25 01:36:00'),
(4759, 20, 204, '2024-02-25 01:36:00'),
(4760, 962, 25, '2024-02-25 01:36:00'),
(4761, 987, 3, '2024-02-25 01:36:00'),
(4762, 55, 168, '2024-02-25 01:36:00'),
(4763, 308, 214, '2024-02-25 01:36:00'),
(4764, 715, 160, '2024-02-25 01:36:00'),
(4765, 342, 80, '2024-02-25 01:36:00'),
(4766, 504, 134, '2024-02-25 01:36:00'),
(4767, 355, 205, '2024-02-25 01:36:00'),
(4768, 710, 171, '2024-02-25 01:36:00'),
(4769, 819, 25, '2024-02-25 01:36:00'),
(4770, 824, 30, '2024-02-25 01:36:00'),
(4771, 955, 141, '2024-02-25 01:36:00'),
(4772, 856, 179, '2024-02-25 01:36:00'),
(4773, 875, 148, '2024-02-25 01:36:00'),
(4774, 112, 93, '2024-02-25 01:36:01'),
(4775, 152, 103, '2024-02-25 01:36:01'),
(4776, 122, 48, '2024-02-25 01:36:01'),
(4777, 55, 5, '2024-02-25 01:36:01'),
(4778, 320, 100, '2024-02-25 01:36:01'),
(4779, 203, 93, '2024-02-25 01:36:01'),
(4780, 372, 137, '2024-02-25 01:36:01'),
(4781, 186, 101, '2024-02-25 01:36:01'),
(4782, 17, 117, '2024-02-25 01:36:01'),
(4783, 166, 118, '2024-02-25 01:36:01'),
(4784, 792, 27, '2024-02-25 01:36:01'),
(4785, 181, 203, '2024-02-25 01:36:01'),
(4786, 672, 51, '2024-02-25 01:36:01'),
(4787, 697, 72, '2024-02-25 01:36:01'),
(4788, 621, 52, '2024-02-25 01:36:01'),
(4789, 586, 67, '2024-02-25 01:36:01'),
(4790, 830, 162, '2024-02-25 01:36:01'),
(4791, 863, 3, '2024-02-25 01:36:01'),
(4792, 1, 3, '2024-02-25 01:36:01'),
(4793, 684, 98, '2024-02-25 01:36:01'),
(4794, 519, 144, '2024-02-25 01:36:01'),
(4795, 555, 68, '2024-02-25 01:36:01'),
(4796, 23, 63, '2024-02-25 01:36:01'),
(4797, 953, 49, '2024-02-25 01:36:01'),
(4798, 759, 116, '2024-02-25 01:36:01'),
(4799, 516, 106, '2024-02-25 01:36:01'),
(4800, 631, 37, '2024-02-25 01:36:01'),
(4801, 9, 96, '2024-02-25 01:36:01'),
(4802, 458, 174, '2024-02-25 01:36:01'),
(4803, 232, 206, '2024-02-25 01:36:01'),
(4804, 951, 101, '2024-02-25 01:36:01'),
(4805, 449, 39, '2024-02-25 01:36:01'),
(4806, 282, 114, '2024-02-25 01:36:01'),
(4807, 360, 89, '2024-02-25 01:36:01'),
(4808, 568, 181, '2024-02-25 01:36:01'),
(4809, 92, 160, '2024-02-25 01:36:01'),
(4810, 311, 58, '2024-02-25 01:36:01'),
(4811, 946, 57, '2024-02-25 01:36:01'),
(4812, 346, 48, '2024-02-25 01:36:01'),
(4813, 856, 221, '2024-02-25 01:36:01'),
(4814, 551, 210, '2024-02-25 01:36:01'),
(4815, 768, 155, '2024-02-25 01:36:01'),
(4816, 551, 106, '2024-02-25 01:36:01'),
(4817, 781, 22, '2024-02-25 01:36:01'),
(4818, 887, 101, '2024-02-25 01:36:01'),
(4819, 942, 138, '2024-02-25 01:36:01'),
(4820, 302, 24, '2024-02-25 01:36:01'),
(4821, 730, 17, '2024-02-25 01:36:01'),
(4822, 26, 19, '2024-02-25 01:36:01'),
(4823, 614, 34, '2024-02-25 01:36:01'),
(4824, 324, 147, '2024-02-25 01:36:01'),
(4825, 619, 89, '2024-02-25 01:36:01'),
(4826, 837, 105, '2024-02-25 01:36:01'),
(4827, 458, 46, '2024-02-25 01:36:01'),
(4828, 460, 57, '2024-02-25 01:36:01'),
(4829, 760, 214, '2024-02-25 01:36:01'),
(4830, 679, 105, '2024-02-25 01:36:01'),
(4831, 112, 55, '2024-02-25 01:36:01'),
(4832, 849, 144, '2024-02-25 01:36:01'),
(4833, 307, 189, '2024-02-25 01:36:01'),
(4834, 152, 185, '2024-02-25 01:36:01'),
(4835, 310, 151, '2024-02-25 01:36:01'),
(4836, 620, 124, '2024-02-25 01:36:01'),
(4837, 105, 70, '2024-02-25 01:36:01'),
(4838, 503, 219, '2024-02-25 01:36:01'),
(4839, 740, 194, '2024-02-25 01:36:01'),
(4840, 692, 17, '2024-02-25 01:36:01'),
(4841, 234, 35, '2024-02-25 01:36:01'),
(4842, 643, 146, '2024-02-25 01:36:01'),
(4843, 479, 84, '2024-02-25 01:36:01'),
(4844, 333, 94, '2024-02-25 01:36:01'),
(4845, 608, 166, '2024-02-25 01:36:01'),
(4846, 40, 185, '2024-02-25 01:36:01'),
(4847, 550, 51, '2024-02-25 01:36:01'),
(4848, 154, 2, '2024-02-25 01:36:01'),
(4849, 972, 209, '2024-02-25 01:36:01'),
(4850, 445, 184, '2024-02-25 01:36:01'),
(4851, 409, 107, '2024-02-25 01:36:01'),
(4852, 260, 80, '2024-02-25 01:36:01'),
(4853, 738, 40, '2024-02-25 01:36:01'),
(4854, 270, 28, '2024-02-25 01:36:01'),
(4855, 500, 23, '2024-02-25 01:36:01'),
(4856, 304, 84, '2024-02-25 01:36:01'),
(4857, 560, 210, '2024-02-25 01:36:01'),
(4858, 850, 159, '2024-02-25 01:36:01'),
(4859, 637, 24, '2024-02-25 01:36:01'),
(4860, 433, 115, '2024-02-25 01:36:01'),
(4861, 858, 182, '2024-02-25 01:36:02'),
(4862, 20, 200, '2024-02-25 01:36:02'),
(4863, 359, 203, '2024-02-25 01:36:02'),
(4864, 307, 102, '2024-02-25 01:36:02'),
(4865, 661, 139, '2024-02-25 01:36:02'),
(4866, 414, 48, '2024-02-25 01:36:02'),
(4867, 169, 170, '2024-02-25 01:36:02'),
(4868, 885, 217, '2024-02-25 01:36:02'),
(4869, 191, 218, '2024-02-25 01:36:02'),
(4870, 129, 175, '2024-02-25 01:36:02'),
(4871, 342, 60, '2024-02-25 01:36:02'),
(4872, 940, 199, '2024-02-25 01:36:02'),
(4873, 482, 39, '2024-02-25 01:36:02'),
(4874, 873, 172, '2024-02-25 01:36:02'),
(4875, 290, 39, '2024-02-25 01:36:02'),
(4876, 688, 168, '2024-02-25 01:36:02'),
(4877, 412, 181, '2024-02-25 01:36:02'),
(4878, 851, 221, '2024-02-25 01:36:02'),
(4879, 995, 214, '2024-02-25 01:36:02'),
(4880, 289, 128, '2024-02-25 01:36:02'),
(4881, 904, 33, '2024-02-25 01:36:02'),
(4882, 834, 107, '2024-02-25 01:36:02'),
(4883, 538, 45, '2024-02-25 01:36:02'),
(4884, 244, 109, '2024-02-25 01:36:02'),
(4885, 327, 64, '2024-02-25 01:36:02'),
(4886, 521, 143, '2024-02-25 01:36:02'),
(4887, 879, 10, '2024-02-25 01:36:02'),
(4888, 719, 122, '2024-02-25 01:36:02'),
(4889, 205, 99, '2024-02-25 01:36:02'),
(4890, 156, 167, '2024-02-25 01:36:02'),
(4891, 430, 19, '2024-02-25 01:36:02'),
(4892, 738, 151, '2024-02-25 01:36:02'),
(4893, 746, 113, '2024-02-25 01:36:02'),
(4894, 18, 78, '2024-02-25 01:36:02'),
(4895, 556, 134, '2024-02-25 01:36:02'),
(4896, 612, 36, '2024-02-25 01:36:02'),
(4897, 755, 75, '2024-02-25 01:36:02'),
(4898, 191, 47, '2024-02-25 01:36:02'),
(4899, 914, 126, '2024-02-25 01:36:02'),
(4900, 361, 156, '2024-02-25 01:36:02'),
(4901, 396, 213, '2024-02-25 01:36:02'),
(4902, 200, 209, '2024-02-25 01:36:02'),
(4903, 13, 59, '2024-02-25 01:36:02'),
(4904, 952, 159, '2024-02-25 01:36:02'),
(4905, 460, 123, '2024-02-25 01:36:02'),
(4906, 362, 155, '2024-02-25 01:36:02'),
(4907, 243, 140, '2024-02-25 01:36:02'),
(4908, 403, 213, '2024-02-25 01:36:02'),
(4909, 871, 157, '2024-02-25 01:36:02'),
(4910, 210, 63, '2024-02-25 01:36:02'),
(4911, 793, 176, '2024-02-25 01:36:02'),
(4912, 193, 105, '2024-02-25 01:36:02'),
(4913, 254, 145, '2024-02-25 01:36:02'),
(4914, 732, 59, '2024-02-25 01:36:02'),
(4915, 1007, 109, '2024-02-25 01:36:02'),
(4916, 549, 56, '2024-02-25 01:36:02'),
(4917, 965, 44, '2024-02-25 01:36:02'),
(4918, 570, 67, '2024-02-25 01:36:02'),
(4919, 43, 65, '2024-02-25 01:36:02'),
(4920, 153, 153, '2024-02-25 01:36:02'),
(4921, 658, 111, '2024-02-25 01:36:02'),
(4922, 112, 170, '2024-02-25 01:36:02'),
(4923, 877, 124, '2024-02-25 01:36:02'),
(4924, 500, 27, '2024-02-25 01:36:02'),
(4925, 954, 2, '2024-02-25 01:36:02'),
(4926, 380, 14, '2024-02-25 01:36:02'),
(4927, 563, 113, '2024-02-25 01:36:02'),
(4928, 587, 46, '2024-02-25 01:36:02'),
(4929, 460, 87, '2024-02-25 01:36:02'),
(4930, 371, 159, '2024-02-25 01:36:02'),
(4931, 825, 50, '2024-02-25 01:36:02'),
(4932, 408, 73, '2024-02-25 01:36:02'),
(4933, 292, 38, '2024-02-25 01:36:02'),
(4934, 55, 203, '2024-02-25 01:36:02'),
(4935, 960, 3, '2024-02-25 01:36:02'),
(4936, 223, 133, '2024-02-25 01:36:02'),
(4937, 990, 118, '2024-02-25 01:36:02'),
(4938, 797, 121, '2024-02-25 01:36:02'),
(4939, 735, 180, '2024-02-25 01:36:02'),
(4940, 87, 151, '2024-02-25 01:36:02'),
(4941, 622, 64, '2024-02-25 01:36:02'),
(4942, 547, 9, '2024-02-25 01:36:02'),
(4943, 719, 55, '2024-02-25 01:36:02'),
(4944, 614, 78, '2024-02-25 01:36:02'),
(4945, 561, 66, '2024-02-25 01:36:02'),
(4946, 535, 172, '2024-02-25 01:36:02'),
(4947, 461, 150, '2024-02-25 01:36:02'),
(4948, 769, 178, '2024-02-25 01:36:03'),
(4949, 229, 60, '2024-02-25 01:36:03'),
(4950, 535, 221, '2024-02-25 01:36:03'),
(4951, 632, 80, '2024-02-25 01:36:03'),
(4952, 109, 109, '2024-02-25 01:36:03'),
(4953, 481, 122, '2024-02-25 01:36:03'),
(4954, 594, 110, '2024-02-25 01:36:03'),
(4955, 55, 98, '2024-02-25 01:36:03'),
(4956, 971, 209, '2024-02-25 01:36:03'),
(4957, 1006, 222, '2024-02-25 01:36:03'),
(4958, 247, 73, '2024-02-25 01:36:03'),
(4959, 649, 147, '2024-02-25 01:36:03'),
(4960, 415, 219, '2024-02-25 01:36:03'),
(4961, 965, 151, '2024-02-25 01:36:03'),
(4962, 2, 72, '2024-02-25 01:36:03'),
(4963, 9, 37, '2024-02-25 01:36:03'),
(4964, 763, 53, '2024-02-25 01:36:03'),
(4965, 721, 205, '2024-02-25 01:36:03'),
(4966, 582, 91, '2024-02-25 01:36:03'),
(4967, 285, 72, '2024-02-25 01:36:03'),
(4968, 143, 190, '2024-02-25 01:36:03'),
(4969, 726, 148, '2024-02-25 01:36:03'),
(4970, 903, 152, '2024-02-25 01:36:03'),
(4971, 187, 174, '2024-02-25 01:36:03'),
(4972, 382, 86, '2024-02-25 01:36:03'),
(4973, 808, 24, '2024-02-25 01:36:03'),
(4974, 7, 6, '2024-02-25 01:36:03'),
(4975, 347, 133, '2024-02-25 01:36:03'),
(4976, 333, 189, '2024-02-25 01:36:03'),
(4977, 505, 79, '2024-02-25 01:36:03'),
(4978, 87, 200, '2024-02-25 01:36:03'),
(4979, 398, 139, '2024-02-25 01:36:03'),
(4980, 101, 98, '2024-02-25 01:36:03'),
(4981, 55, 53, '2024-02-25 01:36:03'),
(4982, 546, 209, '2024-02-25 01:36:03'),
(4983, 25, 53, '2024-02-25 01:36:03'),
(4984, 201, 222, '2024-02-25 01:36:03'),
(4985, 623, 141, '2024-02-25 01:36:03'),
(4986, 247, 205, '2024-02-25 01:36:03'),
(4987, 436, 14, '2024-02-25 01:36:03'),
(4988, 424, 121, '2024-02-25 01:36:03'),
(4989, 965, 133, '2024-02-25 01:36:03'),
(4990, 718, 133, '2024-02-25 01:36:03'),
(4991, 790, 200, '2024-02-25 01:36:03'),
(4992, 813, 146, '2024-02-25 01:36:03'),
(4993, 532, 134, '2024-02-25 01:36:03'),
(4994, 485, 196, '2024-02-25 01:36:03'),
(4995, 823, 74, '2024-02-25 01:36:03'),
(4996, 100, 43, '2024-02-25 01:36:03'),
(4997, 192, 2, '2024-02-25 01:36:03'),
(4998, 378, 123, '2024-02-25 01:36:03'),
(4999, 559, 85, '2024-02-25 01:36:03'),
(5000, 288, 83, '2024-02-25 01:36:03'),
(5001, 6, 179, '2024-02-27 12:58:13');

-- --------------------------------------------------------

--
-- Структура таблицы `Tags`
--

CREATE TABLE `Tags` (
  `tag_id` int(11) NOT NULL,
  `name` varchar(255) COLLATE utf8mb4_unicode_ci NOT NULL
) ENGINE=InnoDB DEFAULT CHARSET=utf8mb4 COLLATE=utf8mb4_unicode_ci;

--
-- Дамп данных таблицы `Tags`
--

INSERT INTO `Tags` (`tag_id`, `name`) VALUES
(15, 'Aether'),
(39, 'Ajax'),
(51, 'Albedo'),
(31, 'Alhaitham'),
(81, 'Angela'),
(123, 'Aponia'),
(99, 'AR-15'),
(54, 'Arataki Itto'),
(87, 'Archer Inferno'),
(79, 'Arknights'),
(48, 'Arlecchino'),
(17, 'Ayaka'),
(53, 'Ayato'),
(119, 'Bailu'),
(67, 'Baizhu'),
(167, 'Barbara'),
(57, 'Barbatos'),
(163, 'Beidou'),
(63, 'Bennett'),
(127, 'Black Swan'),
(4, 'Blade'),
(93, 'Blue Archive'),
(134, 'Cerberus'),
(136, 'Ch’en'),
(120, 'Chainsaw Man'),
(47, 'Charlotte'),
(38, 'Childe'),
(46, 'Clorinde'),
(152, 'Cloud Retainer'),
(98, 'CODE GEASS: Hangyaku no Lelouch'),
(83, 'Collei'),
(84, 'Columbina'),
(50, 'Cyno'),
(74, 'Dainsleif'),
(69, 'Dan Heng'),
(10, 'Dehya'),
(6, 'Diluc'),
(66, 'Diona'),
(114, 'Doctor'),
(111, 'Dusk'),
(150, 'Enkidu'),
(26, 'Eula'),
(97, 'Euphemia li Britannia'),
(109, 'Exusiai'),
(32, 'Faruzan'),
(151, 'Fate/Grand Order'),
(88, 'Fate/GrandOrder'),
(137, 'Focalor'),
(28, 'Focalors'),
(45, 'Freminet'),
(115, 'Frostleaf'),
(42, 'Fu Xuan'),
(146, 'Fujiwara no Mokou'),
(27, 'Furina'),
(154, 'Ganyu'),
(3, 'Genshin Impact'),
(76, 'Gepard'),
(104, 'Girls Frontline'),
(78, 'Gladiia'),
(168, 'Guizhong'),
(135, 'Helltaker'),
(155, 'Herrscher Of Finality'),
(5, 'Honkai Star Rail'),
(124, 'Houkai 3rd'),
(64, 'Hu Tao'),
(157, 'Huohuo'),
(116, 'Ifrit'),
(62, 'InuYasha'),
(55, 'Itto'),
(164, 'Jeht'),
(158, 'Jingliu'),
(92, 'Joumae Saori'),
(33, 'Kaedehara Kazuha'),
(11, 'Kafka'),
(16, 'Kamisato Ayaka'),
(52, 'Kamisato Ayato'),
(35, 'Kaveh'),
(34, 'Kazuha'),
(18, 'Keqing'),
(156, 'Kiana Kaslana'),
(138, 'Kirara'),
(89, 'Kiss-shot Acerola-orion Heart-under-blade'),
(105, 'Koito Yuu'),
(161, 'Kokomi'),
(131, 'Kuki'),
(129, 'Kuki Shinobu'),
(80, 'Lappland'),
(86, 'Lesser Lord Kusanali'),
(75, 'Lisa'),
(82, 'Lobotomy Corporation'),
(95, 'Louise'),
(94, 'Louise Françoise de La Baume Le Blanc de La Vallière'),
(144, 'Luigi\'s Mansion'),
(58, 'Luka'),
(19, 'Lumine'),
(24, 'Lynette'),
(23, 'Lyney'),
(100, 'M16A1'),
(101, 'M4 SOPMODII'),
(102, 'M4A1'),
(148, 'Majin Archer'),
(121, 'Makima'),
(13, 'Mejiro McQueen'),
(60, 'Melusine'),
(165, 'Misha'),
(72, 'Mona'),
(91, 'Monogatari'),
(108, 'Mostima'),
(85, 'Nahida'),
(106, 'Nanami Touko'),
(49, 'Navia'),
(29, 'Neuvillette'),
(112, 'Nian'),
(36, 'Nilou'),
(22, 'Noelle'),
(59, 'Original'),
(90, 'Oshino Shinobu'),
(139, 'OTs-14'),
(20, 'Paimon'),
(65, 'Pantalone'),
(70, 'Pom-Pom'),
(43, 'Qingque'),
(68, 'Qiqi'),
(2, 'Raiden Ei'),
(133, 'Raiden Makoto'),
(1, 'Raiden Shogun'),
(117, 'Red'),
(103, 'RO635'),
(159, 'Robin'),
(12, 'Rosaria'),
(166, 'Ruan Mei'),
(149, 'Sakura Saber'),
(160, 'Sangonomiya Kokomi'),
(132, 'Sara'),
(8, 'Scaramouche'),
(71, 'Seniora'),
(61, 'Sesshomaru'),
(25, 'Shenhe'),
(130, 'Shinobu'),
(44, 'Sigewinne'),
(77, 'Silver Wolf'),
(140, 'Skadi'),
(141, 'Skadi The Corrupting Heart'),
(162, 'Sparkle'),
(145, 'Super Mario Bros'),
(113, 'Talulah'),
(142, 'Tanya Degurechaff'),
(37, 'Tartaglia'),
(110, 'Texas'),
(21, 'Thoma'),
(118, 'Thorns'),
(122, 'Tighnari'),
(147, 'Touhou'),
(14, 'Uma Musume Pretty Derby'),
(56, 'Venti'),
(9, 'Wanderer'),
(30, 'Wriothesley'),
(128, 'Xiangling'),
(153, 'Xianyun'),
(7, 'Xiao'),
(73, 'Yae Miko'),
(107, 'Yagate Kimi ni Naru'),
(126, 'Yaoshi'),
(125, 'Yingxing'),
(40, 'Yoimiya'),
(143, 'Youjo Senki'),
(96, 'Zero no Tsukaima'),
(41, 'Zhongli');

-- --------------------------------------------------------

--
-- Структура таблицы `Users`
--

CREATE TABLE `Users` (
  `user_id` int(11) NOT NULL,
  `username` varchar(255) COLLATE utf8mb4_unicode_ci NOT NULL,
  `email` varchar(255) COLLATE utf8mb4_unicode_ci NOT NULL,
  `password` varchar(255) COLLATE utf8mb4_unicode_ci NOT NULL,
  `age` int(11) DEFAULT NULL,
  `is_admin` tinyint(1) DEFAULT '0',
  `created_at` timestamp NULL DEFAULT CURRENT_TIMESTAMP,
  `updated_at` timestamp NULL DEFAULT CURRENT_TIMESTAMP ON UPDATE CURRENT_TIMESTAMP,
  `is_blocked` tinyint(1) DEFAULT '0',
  `block_reason` varchar(255) COLLATE utf8mb4_unicode_ci DEFAULT NULL,
  `blocked_until` datetime DEFAULT NULL,
  `block_level` int(11) DEFAULT '0'
) ENGINE=InnoDB DEFAULT CHARSET=utf8mb4 COLLATE=utf8mb4_unicode_ci;

--
-- Дамп данных таблицы `Users`
--

INSERT INTO `Users` (`user_id`, `username`, `email`, `password`, `age`, `is_admin`, `created_at`, `updated_at`, `is_blocked`, `block_reason`, `blocked_until`, `block_level`) VALUES
(1, 'adminlvl1', 'adminlvl1@gmail.com', '$2y$10$t9nIUsWD.QUiH2352Xe44.w30.GDg211iMpwvJRYQtNR3Yz7r3day', 22, 1, '2024-02-03 07:22:39', '2024-02-03 10:23:32', 0, NULL, NULL, 0),
(2, 'adminlvl2', 'adminlvl2@gmail.com', '$2y$10$CSY//Mw3hbru10P/L916YeAR3NESV5k5NHPpGASwJfretVLagBRCa', 22, 1, '2024-02-03 07:22:59', '2024-02-03 10:23:38', 0, NULL, NULL, 0),
(3, 'adminlvl3', 'adminlvl3@gmail.com', '$2y$10$aDnG4C5SYIeKitBbomGPb.24lbjJo5lsTjgxxvj6HEZVUr0bOSzoS', 22, 1, '2024-02-03 07:23:14', '2024-02-03 10:23:42', 0, NULL, NULL, 0),
(4, 'koko', 'user1@gmail.com', '$2y$10$c.X1IGZhT29RrXJOKMBNzuaZsQrjL4YgX7ll3cJwMnjQAUKwMi1IK', 22, 0, '2024-02-17 09:44:17', '2024-02-17 09:44:17', 0, NULL, NULL, 0),
(5, 'DL', 'user2@gmail.com', '$2y$10$VDEK5uQynGQdXvJI78W8iuaG/XozcXOdwK4BDDfHhvLcGjUlSfkXi', 22, 0, '2024-02-17 10:10:24', '2024-02-17 10:10:24', 0, NULL, NULL, 0),
(6, 'Sylveon', 'user3@gmail.com', '$2y$10$wS5HwS4sFqwfPv83LJacIu3/cls1FN4RnycwUO98S37rsl7hB6EmS', 19, 0, '2024-02-17 16:38:27', '2024-02-17 16:38:27', 0, NULL, NULL, 0),
(7, 'きいくま', 'user4@gmail.com', '$2y$10$hXnioGPrTJKCFuKaZ9OVq.t27.JC8il05sCKm8X.lLh124JQDgoxm', 20, 0, '2024-02-17 16:42:51', '2024-02-17 19:44:06', 0, NULL, NULL, 0),
(8, 'Mors', 'user5@gmail.com', '$2y$10$HEOq8lsKkymAdbbkl9GRTemNgSVNuwxzlKDG8K9ygq2TdENvZET1O', 23, 0, '2024-02-17 16:52:33', '2024-02-17 16:52:33', 0, NULL, NULL, 0),
(9, 'Waternaeng', 'user6@gmail.com', '$2y$10$wp/HD/u72OdLfLHxF6mXiOsspcsRrPYdYl8blcRSwQ8LGf6uOY.ZS', 21, 0, '2024-02-17 18:01:52', '2024-02-17 18:01:52', 0, NULL, NULL, 0),
(10, 'Asagizuisen', 'user7@gmail.com', '$2y$10$kkflC91ZzG4Hw.IeoU8HLuT.kdF1NV1obGzCOgHwSiIkWRI6fdojm', 23, 0, '2024-02-17 18:11:57', '2024-02-17 18:11:57', 0, NULL, NULL, 0),
(11, 'Sheya', 'user8@gmail.com', '$2y$10$UIqoFHodaWJwrXo0NGgqru4.2xCKAOC5tFA6AKPeLUx0r3QVxS5EC', 18, 0, '2024-02-17 18:24:33', '2024-02-17 18:24:33', 0, NULL, NULL, 0),
(12, 'HxxG', 'user9@gmail.com', '$2y$10$5douS252GWO1pGj82pUiRef0hMSUxul2H1FjQ.L04aUKEQx8KTzs.', 22, 0, '2024-02-17 18:44:08', '2024-02-17 18:44:08', 0, NULL, NULL, 0),
(13, 'Huanxiang Heitu', 'user10@gmail.com', '$2y$10$IOYm3bL.VOKNnDyj0T1VOuSrep2i47SajVtkDcDcPdl9JI4KcOWP2', 23, 0, '2024-02-17 19:05:56', '2024-02-17 19:05:56', 0, NULL, NULL, 0),
(14, 'Froth', 'user11@gmail.com', '$2y$10$oIoDibg9PFjVDrRQRwaBE.HAHY6wdJJs10uautsZvtJPE9eLv/.32', 18, 0, '2024-02-17 19:15:24', '2024-02-17 19:15:24', 0, NULL, NULL, 0),
(15, 'Litchi', 'user12@gmail.com', '$2y$10$c7cE.r/lCi2tqk2G3qHFqesU6WErHK1cHUw.oLYnGOX./sTEABcnq', 24, 0, '2024-02-17 19:21:24', '2024-02-17 19:21:24', 0, NULL, NULL, 0),
(16, 'Nnikko', 'user13@gmail.com', '$2y$10$gzmE7m.Gox1tg1W4JbfFPOCh1iCFUWRkOL34csa4OdpBO0iVz5Tgu', 22, 0, '2024-02-17 19:24:41', '2024-02-17 19:24:41', 0, NULL, NULL, 0),
(17, 'zassyoku DD', 'user14@gmail.com', '$2y$10$pMoDjeEsjUEzWuLaK26YjOU0Mc6QLw/UAsfjSnhsm1MGIuq/CRiWm', 21, 0, '2024-02-17 19:31:30', '2024-02-17 19:31:30', 0, NULL, NULL, 0),
(18, 'Daniel Deng', 'user15@gmail.com', '$2y$10$mU.1Sk1zc9dAQtoZPUXddeYEge6sl7ehcGHltRUvgqFEf/5qfiIza', 18, 0, '2024-02-17 19:46:40', '2024-02-17 19:46:40', 0, NULL, NULL, 0),
(19, 'baek hyang', 'user16@gmail.com', '$2y$10$1EW6U1FZ0k3ng6IHatkIauFvBCJ3dB/w5uh3achgVYFx6l3I2jTAK', 22, 0, '2024-02-17 19:52:35', '2024-02-17 19:52:35', 0, NULL, NULL, 0),
(20, 'kawanocy', 'user17@gmail.com', '$2y$10$HiZG8.CaLwmoLSHkBc.k4eoOtzp9WIOmEYvRDmy6tOkDlMOQjGa.a', 22, 0, '2024-02-17 20:01:15', '2024-02-17 20:01:15', 0, NULL, NULL, 0),
(21, 'Rafa', 'user18@gmail.com', '$2y$10$Kij7alU78k/g/D01BOuFG.3ciXF8YOZ9BzfaDkJxS6nxobxtZ3S9O', 21, 0, '2024-02-17 20:13:25', '2024-02-18 00:17:46', 0, NULL, NULL, 0),
(22, 'HoYoverse', 'user19@gmail.com', '$2y$10$tumc9NgigXfZAHmGDOPis.tzHIqNiLAxUdkHFErdQxAvpVFe3mwH2', 21, 0, '2024-02-23 10:45:24', '2024-02-23 10:45:24', 0, NULL, NULL, 0),
(23, 'Indol', 'user20@gmail.com', '$2y$10$R4ZZA3DYEX73ArLwO8AGVewXcSLXWhyVaOAgs.H2GQ6.Ig/1LqNzC', 23, 0, '2024-02-23 10:53:56', '2024-02-23 10:53:56', 0, NULL, NULL, 0),
(24, 'Chelsea Daunay', 'cdaunay0@cbslocal.com', '$2a$04$ZSB0uRactYNKleh3ewbQtOI1fvBRQYGMQHbEGTqgmWakVOUsNRari', 18, 0, '2024-02-25 05:59:17', '2024-02-25 05:59:17', 0, NULL, NULL, 0),
(25, 'Anabelle Vaud', 'avaud1@theguardian.com', '$2a$04$b/JKsrqnhvIYXLQ4izufqOBAl9a9eW45/1ZmeFD19r1gfeXuo7QA2', 21, 0, '2024-02-25 05:59:17', '2024-02-25 05:59:17', 0, NULL, NULL, 0),
(26, 'Chaim Willard', 'cwillard2@simplemachines.org', '$2a$04$F7KfT55U3rCcyYLTLBpiCeyEv3f247M267UTig6pDMbwzThXtDAei', 36, 0, '2024-02-25 05:59:17', '2024-02-25 05:59:17', 0, NULL, NULL, 0),
(27, 'Elspeth Oager', 'eoager3@howstuffworks.com', '$2a$04$lCa2aJ9/j7F64vocqmdEUum/nU3xRPd2YHBetEov/MbzY1EgehgGq', 20, 0, '2024-02-25 05:59:17', '2024-02-25 05:59:17', 0, NULL, NULL, 0),
(28, 'Marilin Van der Velde', 'mvan4@redcross.org', '$2a$04$RSc5u1HSqF3.iEwyFLfPIuPVp/HW.FIAoxhzrTgvOvPdPMSbHeSWu', 18, 0, '2024-02-25 05:59:17', '2024-02-25 05:59:17', 0, NULL, NULL, 0),
(29, 'Carmon Caso', 'ccaso5@hugedomains.com', '$2a$04$BFdto/kfz53bHORjOtMTwO2yd6svW6zuRcWC/BEVZd9JFuKgxvxHu', 41, 0, '2024-02-25 05:59:17', '2024-02-25 05:59:17', 0, NULL, NULL, 0),
(30, 'Daron Crosseland', 'dcrosseland6@washingtonpost.com', '$2a$04$rXU7DHtfycHJwJk7vy22U.w9rsZP.nfI5AF9hUFtcqEwzaoI19Roe', 41, 0, '2024-02-25 05:59:17', '2024-02-25 05:59:17', 0, NULL, NULL, 0),
(31, 'Nikoletta Keeting', 'nkeeting7@npr.org', '$2a$04$cUGpKF0g5uGCgeUpOM0r8OmXrCSVhwjUTt13.vFzSQNgJiyjatJy6', 27, 0, '2024-02-25 05:59:17', '2024-02-25 05:59:17', 0, NULL, NULL, 0),
(32, 'Doretta Blackley', 'dblackley8@salon.com', '$2a$04$fMxYFTc8GCBHXS4j4OMVfe55/hEGO.l4brpF2P9PbsPXSg3fjWdq2', 32, 0, '2024-02-25 05:59:17', '2024-02-25 05:59:17', 0, NULL, NULL, 0),
(33, 'Winonah Collymore', 'wcollymore9@plala.or.jp', '$2a$04$SH29FNRmgtP24TCN2rPOr.t5n99JwQVeKhvMf1SGJlCiJZBeZcS5S', 30, 0, '2024-02-25 05:59:17', '2024-02-25 05:59:17', 0, NULL, NULL, 0),
(34, 'Elisabetta Reddle', 'ereddlea@drupal.org', '$2a$04$.E0s9lsvq4F4jsONJ08Dku/gWHsmhUGIH8LezcGNdSD/my0VshIxG', 37, 0, '2024-02-25 05:59:17', '2024-02-25 05:59:17', 0, NULL, NULL, 0),
(35, 'Alica Micah', 'amicahb@exblog.jp', '$2a$04$FJISrGRBE7TFXwxq0yzNi.ZV.LZoeedDryEIv8SOajn6ZdN/Zysnm', 48, 0, '2024-02-25 05:59:17', '2024-02-25 05:59:17', 0, NULL, NULL, 0),
(36, 'Sissie Charley', 'scharleyc@rakuten.co.jp', '$2a$04$yl/9MMzhcHqZifSaPcxn4O2JJVdWIdTfpo2Rt09rQQqBGy8tut7SC', 36, 0, '2024-02-25 05:59:17', '2024-02-25 05:59:17', 0, NULL, NULL, 0),
(37, 'Jacynth Penhalewick', 'jpenhalewickd@independent.co.uk', '$2a$04$KXzUK.WMBJdTL2bhw9JyveCilX0/467rhCp2MUTMKuoooDQQIyq1C', 18, 0, '2024-02-25 05:59:17', '2024-02-25 05:59:17', 0, NULL, NULL, 0),
(38, 'Waneta Warbeys', 'wwarbeyse@omniture.com', '$2a$04$Pk6/c9HGGev77Bnzz3rweOkakv5HkqxTBACB98/OYBCBjRxJKtnF.', 21, 0, '2024-02-25 05:59:17', '2024-02-25 05:59:17', 0, NULL, NULL, 0),
(39, 'Mariel Holdin', 'mholdinf@fda.gov', '$2a$04$G5jY2F7AdNDAwo4uX2Um1.G54xCixvBR4a5Hy5JAYDLPKBU79dEhO', 36, 0, '2024-02-25 05:59:17', '2024-02-25 05:59:17', 0, NULL, NULL, 0),
(40, 'Stillman Connop', 'sconnopg@forbes.com', '$2a$04$nmPJ/M2IKjtfQySc/3fje.wjcYsMzZ2QPFaqD0R1jxWt3RWhJewum', 31, 0, '2024-02-25 05:59:17', '2024-02-25 05:59:17', 0, NULL, NULL, 0),
(41, 'Merrill Scanderet', 'mscandereth@msu.edu', '$2a$04$pQqFovC.21seD08SU.HiIOrmQWjnIr/PMQVVdbLeV7k01q2898Rj.', 18, 0, '2024-02-25 05:59:17', '2024-02-25 05:59:17', 0, NULL, NULL, 0),
(42, 'Letitia Balazs', 'lbalazsi@time.com', '$2a$04$cq5X2hXFqSaR8j5ZwZZeJ.QHooTdVuw8F7MDPxDQpnsa0oQm4unYO', 30, 0, '2024-02-25 05:59:17', '2024-02-25 05:59:17', 0, NULL, NULL, 0),
(43, 'Deane Ashbee', 'dashbeej@apache.org', '$2a$04$zOsbBhHRKP8kVDGFqEYsM.MclXI7DoiTJh1MXcPJIvjbDNw3Dh5ka', 32, 0, '2024-02-25 05:59:17', '2024-02-25 05:59:17', 0, NULL, NULL, 0),
(44, 'Hercules Friel', 'hfrielk@hostgator.com', '$2a$04$6yBTCvS.a3RYQ0PB/tokOetcTtAV1gFR3En4ZsGsyvXVwcaEtObdS', 25, 0, '2024-02-25 05:59:17', '2024-02-25 05:59:17', 0, NULL, NULL, 0),
(45, 'Amery Camillo', 'acamillol@yellowpages.com', '$2a$04$jrW7aASVnC43kJeZNhkfBeT5ul/fYFgUjKAPee9v3JYe4Ecf3RGxe', 45, 0, '2024-02-25 05:59:17', '2024-02-25 05:59:17', 0, NULL, NULL, 0),
(46, 'Andrus Slisby', 'aslisbym@miibeian.gov.cn', '$2a$04$9d44/He0PTj9t8QybmfXoeTbK4Xprm9wmtA0pLK.UXFHhDj1hhcXq', 17, 0, '2024-02-25 05:59:17', '2024-02-25 05:59:17', 0, NULL, NULL, 0),
(47, 'Free Blaszczyk', 'fblaszczykn@twitter.com', '$2a$04$uKAe73IlvEpqYNAjja6q2e5RSqOdO4kXTJuUQi4K3wJ4Tmb672VmO', 25, 0, '2024-02-25 05:59:17', '2024-02-25 05:59:17', 0, NULL, NULL, 0),
(48, 'Rania Tewkesberrie', 'rtewkesberrieo@list-manage.com', '$2a$04$.8l82vnUIgJwYsXe235ZIuhy/muTpdpTmweZCJy2JmIMD4JEitoBi', 23, 0, '2024-02-25 05:59:17', '2024-02-25 05:59:17', 0, NULL, NULL, 0),
(49, 'Merola Llewhellin', 'mllewhellinp@sakura.ne.jp', '$2a$04$6rYPieg2lqH1dgAYOST9AO9re7OlnDjhVliq.abmF0o0EWvYs4odq', 22, 0, '2024-02-25 05:59:17', '2024-02-25 05:59:17', 0, NULL, NULL, 0),
(50, 'Bethanne Arnull', 'barnullq@chronoengine.com', '$2a$04$s5gYW.xOPSRweNhEeVxjLOioSh1hhcTXstIrPqNICw06g.i5qtp4C', 33, 0, '2024-02-25 05:59:17', '2024-02-25 05:59:17', 0, NULL, NULL, 0),
(51, 'Iona Toffel', 'itoffelr@cnn.com', '$2a$04$1MStpojSZfgniGLcDaMa2Oggt8Nx2Odj8gsYoMYgxpf.TESnd/ab2', 23, 0, '2024-02-25 05:59:17', '2024-02-25 05:59:17', 0, NULL, NULL, 0),
(52, 'Kara Pethick', 'kpethicks@posterous.com', '$2a$04$ljnnxWfBH9PEODnf0yxFk.50IeZC9bWFBO7Yb/xNQDMoNTeze3IyC', 15, 0, '2024-02-25 05:59:17', '2024-02-25 05:59:17', 0, NULL, NULL, 0),
(53, 'Farra Ashpital', 'fashpitalt@abc.net.au', '$2a$04$x9CTaEMOWiCeEQcIzwUaROT2sLSI6LoAurqpHR/AM2IP4h5eVmwWa', 50, 0, '2024-02-25 05:59:17', '2024-02-25 05:59:17', 0, NULL, NULL, 0),
(54, 'Deanna Kemsley', 'dkemsleyu@simplemachines.org', '$2a$04$lZa82fz63fWWhZeNbOK70OtWdYLBC28TYto3N3g3J/AHgxnyRJJpq', 41, 0, '2024-02-25 05:59:17', '2024-02-25 05:59:17', 0, NULL, NULL, 0),
(55, 'Clare Lambillion', 'clambillionv@ihg.com', '$2a$04$dDUG7gisUtt.vcxnXvU.Fe.NZOm0muxLm8Dj6313d4SjUC1wsYGim', 50, 0, '2024-02-25 05:59:17', '2024-02-25 05:59:17', 0, NULL, NULL, 0),
(56, 'Timmi Hessing', 'thessingw@seesaa.net', '$2a$04$isUA931ZdO02NgmjSEylwu8erFBfwF8SyhPfMspEnyZJ4y.S/J2NK', 26, 0, '2024-02-25 05:59:17', '2024-02-25 05:59:17', 0, NULL, NULL, 0),
(57, 'Cliff Dyne', 'cdynex@foxnews.com', '$2a$04$a3y5vC.sJhp8ovtUq/DmeuXBgEu1HSozgCvr0cgjKpDleyBY4t3gC', 42, 0, '2024-02-25 05:59:17', '2024-02-25 05:59:17', 0, NULL, NULL, 0),
(58, 'Stewart Beevor', 'sbeevory@craigslist.org', '$2a$04$nyb4XkYIgUuVuTYY4t0DauHTwxphWF6x4cfbOTbFRjlCN2nfw1GBG', 20, 0, '2024-02-25 05:59:17', '2024-02-25 05:59:17', 0, NULL, NULL, 0),
(59, 'Rosette Ord', 'rordz@unc.edu', '$2a$04$daXMbde3LoycTb2ZIJk4HOiQnE0VYtwIh86FBmG1aybsva.MAJ98.', 17, 0, '2024-02-25 05:59:17', '2024-02-25 05:59:17', 0, NULL, NULL, 0),
(60, 'Bjorn Mullaly', 'bmullaly10@creativecommons.org', '$2a$04$1olvAqP4bffpnWUy9IrjfuguJ/GzvQOK4l1o1ArntnctlAjeTovvi', 15, 0, '2024-02-25 05:59:17', '2024-02-25 05:59:17', 0, NULL, NULL, 0),
(61, 'Win Bampfield', 'wbampfield11@geocities.jp', '$2a$04$Dw36hGYWhgbkm5nD36h4ZO5qSY2q92sMDeDQT23yxOuXNZmrOhpGe', 32, 0, '2024-02-25 05:59:17', '2024-02-25 05:59:17', 0, NULL, NULL, 0),
(62, 'Penn Larimer', 'plarimer12@ca.gov', '$2a$04$s/u8pEontGwj5lgBfhl2LeTzIRnrlFctu1mOoJSniJ2et3VCaEvOC', 35, 0, '2024-02-25 05:59:17', '2024-02-25 05:59:17', 0, NULL, NULL, 0),
(63, 'Leonard Spriggs', 'lspriggs13@phoca.cz', '$2a$04$JZPaFuVKlnFOhvTX1onHfuygArMrUx4n9pXhZNVCFggET8Wgq/89e', 35, 0, '2024-02-25 05:59:17', '2024-02-25 05:59:17', 0, NULL, NULL, 0),
(64, 'Reginald Ludlem', 'rludlem14@nbcnews.com', '$2a$04$P9b37cfC.hjH77.OvTvp2utpuGCtfJyrx9RCK.QtyMwdGPtGNPH1C', 35, 0, '2024-02-25 05:59:17', '2024-02-25 05:59:17', 0, NULL, NULL, 0),
(65, 'Ambrosius Skitt', 'askitt15@tiny.cc', '$2a$04$3mXhGaWfZrOx.9.mILjU1uufQVxkvY1h0GidEtXzgTN0Ds7OVIrwO', 27, 0, '2024-02-25 05:59:17', '2024-02-25 05:59:17', 0, NULL, NULL, 0),
(66, 'Aime Addekin', 'aaddekin16@about.com', '$2a$04$OYkbxvfeNw4ww.xBto//aeowbF.pVlXwiUbkLVqRbf65n9OUpSIg.', 27, 0, '2024-02-25 05:59:17', '2024-02-25 05:59:17', 0, NULL, NULL, 0),
(67, 'Corilla Sheraton', 'csheraton17@spotify.com', '$2a$04$AAWxOsjXvfxukXuOOhnb9OJP0/o2MU8WbyfgWDNO04OGWbNRg60.e', 34, 0, '2024-02-25 05:59:17', '2024-02-25 05:59:17', 0, NULL, NULL, 0),
(68, 'Kenneth Vaune', 'kvaune18@google.co.uk', '$2a$04$AQE2cmQOX.IJCv7zOVyZbOghJmbeuslU4g.JSYf8FhdgvA8F6/IjG', 25, 0, '2024-02-25 05:59:17', '2024-02-25 05:59:17', 0, NULL, NULL, 0),
(69, 'Brandtr Durrell', 'bdurrell19@tmall.com', '$2a$04$9HVAp1Ea5NttW.eIrzwhGOCe1uWIS6c1C.0kgKOIDNV51TCcEYVpe', 48, 0, '2024-02-25 05:59:17', '2024-02-25 05:59:17', 0, NULL, NULL, 0),
(70, 'Harmonie Rubra', 'hrubra1a@nasa.gov', '$2a$04$vBMb0Jgiu2aL7CWXlX9Oj.CE2zWSe3NQuJFtanon3RW5kX62URAZK', 44, 0, '2024-02-25 05:59:17', '2024-02-25 05:59:17', 0, NULL, NULL, 0),
(71, 'Kathy Farney', 'kfarney1b@bloglovin.com', '$2a$04$.t/byzLH4C4AfBYhQmzT7eW.x05MQ1OVvKeIigakLdAs28pk.89Lm', 46, 0, '2024-02-25 05:59:17', '2024-02-25 05:59:17', 0, NULL, NULL, 0),
(72, 'Moira Whittick', 'mwhittick1c@nasa.gov', '$2a$04$G0iyavHP.h8l.VEGXP/Vc.78a0fzmXLv7mLsTHLPbDZ7VNOArbDmC', 21, 0, '2024-02-25 05:59:18', '2024-02-25 05:59:18', 0, NULL, NULL, 0),
(73, 'Doy Chantler', 'dchantler1d@merriam-webster.com', '$2a$04$/wQ2KcDxxYn9XsC065hy3.AtjkPJqVqekFvw4YoNBGgGiNc1waAti', 28, 0, '2024-02-25 05:59:18', '2024-02-25 05:59:18', 0, NULL, NULL, 0),
(74, 'Payton Mussettini', 'pmussettini1e@wikispaces.com', '$2a$04$729C0b6hnMDsMlBzq7GA5eMRM4juj.TWAxXSIpDIbBozoK6g95WF6', 17, 0, '2024-02-25 05:59:18', '2024-02-25 05:59:18', 0, NULL, NULL, 0),
(75, 'Claudie Orkney', 'corkney1f@tmall.com', '$2a$04$V2PF/PpQRC9gJPsbqSUKNOyAGwphKzoPcpnQQHmigHIE13ldd0BCi', 41, 0, '2024-02-25 05:59:18', '2024-02-25 05:59:18', 0, NULL, NULL, 0),
(76, 'Arlan Baccup', 'abaccup1g@squarespace.com', '$2a$04$M36/cN0nwYxcbCMAv/JOluO/FRp7VcbxGZaXCFkCWjm5y4GB9x.vG', 50, 0, '2024-02-25 05:59:18', '2024-02-25 05:59:18', 0, NULL, NULL, 0),
(77, 'Rolfe Brewett', 'rbrewett1h@issuu.com', '$2a$04$looWqHs9jb9oe6vfoFmaauKQzL1ZUyLREtmBO4tti0PYaDJz8qrXe', 27, 0, '2024-02-25 05:59:18', '2024-02-25 05:59:18', 0, NULL, NULL, 0),
(78, 'Mariya Strangward', 'mstrangward1i@wunderground.com', '$2a$04$18VexGdmohXY6ISVirezG.L0yJr9WpHOa4h28/ySbEJy5q8Vw5P5G', 46, 0, '2024-02-25 05:59:18', '2024-02-25 05:59:18', 0, NULL, NULL, 0),
(79, 'Barbie Medling', 'bmedling1j@apple.com', '$2a$04$zzIjV.T5Uh5VTIYcJz9qSuA3tN4ZbdbYUvgq.uLjSaN2dobuxhQd.', 25, 0, '2024-02-25 05:59:18', '2024-02-25 05:59:18', 0, NULL, NULL, 0),
(80, 'Rosita Beyn', 'rbeyn1k@sitemeter.com', '$2a$04$wb4THcEoIxocJB4g5w2R3OGZ7nLn8RWh56B09GBk4VH.oxU0Zefom', 25, 0, '2024-02-25 05:59:18', '2024-02-25 05:59:18', 0, NULL, NULL, 0),
(81, 'Anna-maria Ramsbotham', 'aramsbotham1l@sbwire.com', '$2a$04$tfOxtbYYZ71rWzHz0yxNm.Qzg/odrhRMPFN2HgJGbRki1q9zMECni', 26, 0, '2024-02-25 05:59:18', '2024-02-25 05:59:18', 0, NULL, NULL, 0),
(82, 'Franciskus Sarvar', 'fsarvar1m@squarespace.com', '$2a$04$uR0hNgVxN3ItFmKxWVcPkukB/ZuK3vcHR5RY7m1WRAOg8hM8Dps06', 32, 0, '2024-02-25 05:59:18', '2024-02-25 05:59:18', 0, NULL, NULL, 0),
(83, 'Ysabel Hixley', 'yhixley1n@apache.org', '$2a$04$abvmwOxFjhdN2EzNXmpOQeE8F/ajkyGDDVtjcTxRUlji4AWkMOYl2', 21, 0, '2024-02-25 05:59:18', '2024-02-25 05:59:18', 0, NULL, NULL, 0),
(84, 'Willie Lamb', 'wlamb1o@e-recht24.de', '$2a$04$atUs7CLQGxSGx911gnuu/uD9JW/ki8dRFIZ48PB/tkT46jJsS4Byq', 20, 0, '2024-02-25 05:59:18', '2024-02-25 05:59:18', 0, NULL, NULL, 0),
(85, 'Ashien Hasling', 'ahasling1p@mediafire.com', '$2a$04$sEHoo/srMxBy5AQTjdirjeNysIxEM0891kFPeep0cC6Cuq4HFZzTC', 37, 0, '2024-02-25 05:59:18', '2024-02-25 05:59:18', 0, NULL, NULL, 0),
(86, 'Liva Messer', 'lmesser1q@cnbc.com', '$2a$04$Yv1dJ56ISnompvc/tmg9yO.lPpN7HWOWNJpwaOFruv1Y7/abA7UNS', 50, 0, '2024-02-25 05:59:18', '2024-02-25 05:59:18', 0, NULL, NULL, 0),
(87, 'Buckie Ferentz', 'bferentz1r@myspace.com', '$2a$04$NLn0KUejCAo77lA1iQRAleHfyIZHHGti3Zd7oPVAwDfzk1vATmZ/y', 16, 0, '2024-02-25 05:59:18', '2024-02-25 05:59:18', 0, NULL, NULL, 0),
(88, 'Opaline Manners', 'omanners1s@comsenz.com', '$2a$04$RAX.cQAjcIJZ4eX2ztGUdOZPr3QvPXi8XONjzs2MmZ9qt.hk/wh0W', 45, 0, '2024-02-25 05:59:18', '2024-02-25 05:59:18', 0, NULL, NULL, 0),
(89, 'Shannen Vogeler', 'svogeler1t@shareasale.com', '$2a$04$J8xBYfwKGSEVCh8JlvdsZO3RFYSs9lrMdcJzuNcl/E.vL1yJnZTKy', 38, 0, '2024-02-25 05:59:18', '2024-02-25 05:59:18', 0, NULL, NULL, 0),
(90, 'Antonia Astling', 'aastling1u@bravesites.com', '$2a$04$4njg/rYqT.6JRs6R3NMJG.GozIQam6hCKzVgM63TonJlbjj8h2m5y', 43, 0, '2024-02-25 05:59:18', '2024-02-25 05:59:18', 0, NULL, NULL, 0),
(91, 'Eada Scoggan', 'escoggan1v@go.com', '$2a$04$gbnr31C58Uay5YqGzMCake0VMzGwNGjsdtXkoDtawMBpaG2qABWGu', 21, 0, '2024-02-25 05:59:18', '2024-02-25 05:59:18', 0, NULL, NULL, 0),
(92, 'Gwennie Ealden', 'gealden1w@weebly.com', '$2a$04$/krXz919ML/l075FRRw6E.MEmEm.NF88A6SZZggN1q3HMiEwsOoLG', 41, 0, '2024-02-25 05:59:18', '2024-02-25 05:59:18', 0, NULL, NULL, 0),
(93, 'Patience Boughey', 'pboughey1x@feedburner.com', '$2a$04$.cSrbJ1J7yFdNkmzqRbW/eNGWvjN8Zk9XEYoLDY4qcY2a66RlsW5u', 45, 0, '2024-02-25 05:59:18', '2024-02-25 05:59:18', 0, NULL, NULL, 0),
(94, 'Holt Dirr', 'hdirr1y@multiply.com', '$2a$04$CkomyBcIo4QGaDVv.6SsOu/V/TTp.EV90xIaKeQBj2tNkkpwOwUcC', 43, 0, '2024-02-25 05:59:18', '2024-02-25 05:59:18', 0, NULL, NULL, 0),
(95, 'Idalina Smallridge', 'ismallridge1z@omniture.com', '$2a$04$CbmJUKl8.HNCZF.nt73lEuWIcJekfoqN11sXBnBT4MIe4/9hQx8Im', 43, 0, '2024-02-25 05:59:18', '2024-02-25 05:59:18', 0, NULL, NULL, 0),
(96, 'Dolph Coan', 'dcoan20@admin.ch', '$2a$04$tzyQ81.2Uyr0NKoVgyg0qOWpTdfPovRBAlOiBRYl2hwAvZjALiMyC', 20, 0, '2024-02-25 05:59:18', '2024-02-25 05:59:18', 0, NULL, NULL, 0),
(97, 'Marley Gebbie', 'mgebbie21@mapquest.com', '$2a$04$f0cDUf1BSuKtK73gOb11U.UUArW3kA/atMiq3YV.OsQXXekygN.Gq', 37, 0, '2024-02-25 05:59:18', '2024-02-25 05:59:18', 0, NULL, NULL, 0),
(98, 'Onfroi Mallett', 'omallett22@angelfire.com', '$2a$04$B14eAOoWdvKmQHAYsbCVf.uRSQh6ns8.cHShR743AL2yUaKC.4JPm', 31, 0, '2024-02-25 05:59:18', '2024-02-25 05:59:18', 0, NULL, NULL, 0),
(99, 'Cyrillus Tomaschke', 'ctomaschke23@myspace.com', '$2a$04$HjFsW0bcvPRmx59U17acN.OC0P5.vqo0U.E3MKzLkjI1AjcQ.Jkde', 40, 0, '2024-02-25 05:59:18', '2024-02-25 05:59:18', 0, NULL, NULL, 0),
(100, 'Blinnie Guillain', 'bguillain24@ca.gov', '$2a$04$gURgOrav/xPJVo3S8J8vcOjP3jSmJdgOD6HKrzWCaiSAjubMLY2lO', 35, 0, '2024-02-25 05:59:18', '2024-02-25 05:59:18', 0, NULL, NULL, 0),
(101, 'Welch Demer', 'wdemer25@dropbox.com', '$2a$04$IuaBQ1VdjUz7FiRyPamV2uVtywlntPS9FkIkgF3wRybmN/lKn2ljS', 38, 0, '2024-02-25 05:59:18', '2024-02-25 05:59:18', 0, NULL, NULL, 0),
(102, 'Bertie Jendrassik', 'bjendrassik26@bloglovin.com', '$2a$04$Ym5hC5v4xSQyMs54b8G10.aw3aIKWg8590yvLS7yEerUIho96dqTe', 34, 0, '2024-02-25 05:59:18', '2024-02-25 05:59:18', 0, NULL, NULL, 0),
(103, 'Sybila McIntee', 'smcintee27@businesswire.com', '$2a$04$prCvxgPjtn/J3cI5mwzdpuRDl2iouFiYhtzlhbEXpEgrOw67OytIi', 18, 0, '2024-02-25 05:59:18', '2024-02-25 05:59:18', 0, NULL, NULL, 0),
(104, 'Minni Jackalin', 'mjackalin28@mayoclinic.com', '$2a$04$BDcy6WXZpYt3Ie.wAFLaG.mpJlTtnQdtWX4l5auM7EVUSEWEMt0Me', 34, 0, '2024-02-25 05:59:18', '2024-02-25 05:59:18', 0, NULL, NULL, 0),
(105, 'Brandie Cockley', 'bcockley29@com.com', '$2a$04$GDQDWxk7tf5T6sXPg6b3KeHE5.h9fQCt/2VPy2fwLVzW3QF2vvhX2', 37, 0, '2024-02-25 05:59:18', '2024-02-25 05:59:18', 0, NULL, NULL, 0),
(106, 'Penny Ritchard', 'pritchard2a@miibeian.gov.cn', '$2a$04$2sM.8ARJs2R92dp3Brt0P./rKpVH2cw5WrTIzOY1WfFmBQj.k2eIm', 47, 0, '2024-02-25 05:59:18', '2024-02-25 05:59:18', 0, NULL, NULL, 0),
(107, 'Urban Juanes', 'ujuanes2b@addtoany.com', '$2a$04$d1JoSYUIZ/LjmvxCcxyaqO04RuPz7yu6R8EevMSRuYZShhyC1U0Qm', 27, 0, '2024-02-25 05:59:18', '2024-02-25 05:59:18', 0, NULL, NULL, 0),
(108, 'Jaymie Mendenhall', 'jmendenhall2c@salon.com', '$2a$04$YTl93tuMTEKfJHFJ3nQcCu0NxGjIXOJQV94vxlYavRvIC.eL193Ra', 20, 0, '2024-02-25 05:59:18', '2024-02-25 05:59:18', 0, NULL, NULL, 0),
(109, 'Blair Cunney', 'bcunney2d@howstuffworks.com', '$2a$04$HY9Wm2hneCTxknzQZXlv/eZSpazBV1oOP.FVqiwudfDqvpHlXXfhC', 25, 0, '2024-02-25 05:59:18', '2024-02-25 05:59:18', 0, NULL, NULL, 0),
(110, 'Syman Manicom', 'smanicom2e@pinterest.com', '$2a$04$7stpGH.sXW.BhdsEG.7Lg.8JRXGMfiUIY5kxshoXK7CXc9qyJ1fsq', 37, 0, '2024-02-25 05:59:18', '2024-02-25 05:59:18', 0, NULL, NULL, 0),
(111, 'Britt Sarl', 'bsarl2f@flavors.me', '$2a$04$zVUc6R./pzWVNKtn7XvQHelRJE5ysUU5jSZa1eWdWfxmCotkmwtda', 16, 0, '2024-02-25 05:59:18', '2024-02-25 05:59:18', 0, NULL, NULL, 0),
(112, 'Dalenna Lindenstrauss', 'dlindenstrauss2g@merriam-webster.com', '$2a$04$e.2wxdcaxRNPaCewyy733u9Zw1G3xUGbAN6QVDA6GKCD8rwTV/Oqy', 45, 0, '2024-02-25 05:59:18', '2024-02-25 05:59:18', 0, NULL, NULL, 0),
(113, 'Demetris Hinkley', 'dhinkley2h@state.tx.us', '$2a$04$WBndzHVulg2ICldJWIZPleUM8p8OFrT2/v/mbGi6yMv.fQ7rDzrv6', 20, 0, '2024-02-25 05:59:18', '2024-02-25 05:59:18', 0, NULL, NULL, 0),
(114, 'Danya Godfrey', 'dgodfrey2i@earthlink.net', '$2a$04$DDXF7K7BivbagcxR12axmOq4YYT6tGS8ynrOAhWYW912J3lknsu9W', 30, 0, '2024-02-25 05:59:18', '2024-02-25 05:59:18', 0, NULL, NULL, 0),
(115, 'Shanan Tales', 'stales2j@census.gov', '$2a$04$77D3qyrsG1zOVIJwYKZr5e3DbWJdVs/TuZsP61SzFPbjFCBcX./LC', 35, 0, '2024-02-25 05:59:18', '2024-02-25 05:59:18', 0, NULL, NULL, 0),
(116, 'Kelsey Bankes', 'kbankes2k@scribd.com', '$2a$04$ax/quQP1Hw8P.6s2DqREPON.PT.WjC4I/7Z6a0a.p0iysficsceAS', 28, 0, '2024-02-25 05:59:18', '2024-02-25 05:59:18', 0, NULL, NULL, 0),
(117, 'Jody Hamal', 'jhamal2l@statcounter.com', '$2a$04$Vfs9LjqqzYtZ9HTgiQiBaeSTQ/lONHI5bucAh8Fk5LSmeb4zr57v6', 36, 0, '2024-02-25 05:59:18', '2024-02-25 05:59:18', 0, NULL, NULL, 0),
(118, 'Tory Greason', 'tgreason2m@gnu.org', '$2a$04$f90mQ9.F7l3D5hDwOPIbOuPIAYEXlyLquDmxiPPMeOdbIQW8uKkUW', 37, 0, '2024-02-25 05:59:18', '2024-02-25 05:59:18', 0, NULL, NULL, 0),
(119, 'Darin Pestell', 'dpestell2n@latimes.com', '$2a$04$Y3ONhoAO4FaQgUA3I2ztVO2cRReqOWTqCrxshibSXdtC0sDXv8TTW', 40, 0, '2024-02-25 05:59:18', '2024-02-25 05:59:18', 0, NULL, NULL, 0),
(120, 'Corrine Lidgley', 'clidgley2o@plala.or.jp', '$2a$04$zhRCGNP6DA5rW1cDd966reyh5xJXTgOWiijBeEucybZock.DSPSOW', 22, 0, '2024-02-25 05:59:18', '2024-02-25 05:59:18', 0, NULL, NULL, 0),
(121, 'Ashbey Caswall', 'acaswall2p@aol.com', '$2a$04$BryerUjmZ.VnZ3RkEGrA4uBVn0GygSTD/7ve2EAaXAp.DTWZWMJ92', 48, 0, '2024-02-25 05:59:18', '2024-02-25 05:59:18', 0, NULL, NULL, 0),
(122, 'Micheline Dykas', 'mdykas2q@sogou.com', '$2a$04$RKOXdltEuJHvuMtdNLs2dukFlMcLgnPytI9.b1AXObO5fkulRfMda', 31, 0, '2024-02-25 05:59:18', '2024-02-25 05:59:18', 0, NULL, NULL, 0),
(123, 'Ansell Pelham', 'apelham2r@oracle.com', '$2a$04$cVR3ChzAGBf7yBiispyOeuRuUTMp3UOCMz71QI.yX4rTyKrkhBh2i', 37, 0, '2024-02-25 05:59:18', '2024-02-25 05:59:18', 0, NULL, NULL, 0),
(124, 'Rance Meach', 'rmeach2s@nih.gov', '$2a$04$ZT7kkyQzot/DpGP6kBQjFeX2fS6tY3JDmAfbODULS8AwLyHJSjjfy', 24, 0, '2024-02-25 05:59:18', '2024-02-25 05:59:18', 0, NULL, NULL, 0),
(125, 'Virgie Beckles', 'vbeckles2t@sciencedirect.com', '$2a$04$Lm5XwHdmbapC6ByBSg6LtuLw46V4AmSIGsd5gSfw9HfLjKd43EcaK', 49, 0, '2024-02-25 05:59:18', '2024-02-25 05:59:18', 0, NULL, NULL, 0),
(126, 'Brandi Lakeland', 'blakeland2u@thetimes.co.uk', '$2a$04$242eQd6eQIt6N9LZLUSmDOZH66BfcPTuYLZSIUn.7Cnv3uRZc.Y/K', 33, 0, '2024-02-25 05:59:18', '2024-02-25 05:59:18', 0, NULL, NULL, 0),
(127, 'Milissent Bremen', 'mbremen2v@yahoo.com', '$2a$04$JFBm/vX5cNNc5obEE1ClB.qbwBe2IZJ4vBkqpdPDjs4h3.L.OEIoi', 49, 0, '2024-02-25 05:59:18', '2024-02-25 05:59:18', 0, NULL, NULL, 0),
(128, 'Juditha Morcombe', 'jmorcombe2w@live.com', '$2a$04$MBH.4L.PULFO5BWKF1H7jOg25S.MRpmy3a/up1sr6o7pDrjNjsXoq', 47, 0, '2024-02-25 05:59:18', '2024-02-25 05:59:18', 0, NULL, NULL, 0),
(129, 'Wenona Moynham', 'wmoynham2x@marketwatch.com', '$2a$04$X55MeKEkKa0uc/p.BHMNjOAZVz2NhwRxL3aNB931QTxRyWhMWVe02', 17, 0, '2024-02-25 05:59:18', '2024-02-25 05:59:18', 0, NULL, NULL, 0),
(130, 'Regan McAlester', 'rmcalester2y@netscape.com', '$2a$04$gilEIcnjuv3f07DtLTN34O..CkuuUoUZ5mcyr00.pYyqND726sr/q', 29, 0, '2024-02-25 05:59:18', '2024-02-25 05:59:18', 0, NULL, NULL, 0),
(131, 'Latashia Cottey', 'lcottey2z@businesswire.com', '$2a$04$d4so622M.6cVj3yKuo63j.JNNpiu4oWp9Uxw0BAj/mZYGcIJPlfki', 26, 0, '2024-02-25 05:59:18', '2024-02-25 05:59:18', 0, NULL, NULL, 0),
(132, 'Dollie Cisland', 'dcisland30@newyorker.com', '$2a$04$zYV84pF.bvI.ZJM9OXFuf.D2b1M7SCuwRyWbhMIZ.z4q4rxPowKuS', 49, 0, '2024-02-25 05:59:18', '2024-02-25 05:59:18', 0, NULL, NULL, 0),
(133, 'Darby Lagden', 'dlagden31@guardian.co.uk', '$2a$04$LU7UQoQmKTICLzw1bA7BmeK3Bsb1jyu2ibMUqWqnG1TnBYeN7B8Ea', 32, 0, '2024-02-25 05:59:18', '2024-02-25 05:59:18', 0, NULL, NULL, 0),
(134, 'Darline Carslake', 'dcarslake32@wikipedia.org', '$2a$04$EMi7BtvI.QmfsbL/DEv0Kuu41B3.HrBSzAvihYMdKA2XOO8PUX64K', 39, 0, '2024-02-25 05:59:18', '2024-02-25 05:59:18', 0, NULL, NULL, 0),
(135, 'Filip Varnam', 'fvarnam33@bbc.co.uk', '$2a$04$QxSmxgERVtSmTe63cU2f2e/T3bkN4yVD8vUP53fhgj9rnHQBDb53W', 16, 0, '2024-02-25 05:59:18', '2024-02-25 05:59:18', 0, NULL, NULL, 0),
(136, 'Blanch Larby', 'blarby34@cnn.com', '$2a$04$usGk03njRKoS/TC80seL.eBm9D3FL/gokmqceRDxCor3uZUct2DGa', 33, 0, '2024-02-25 05:59:18', '2024-02-25 05:59:18', 0, NULL, NULL, 0),
(137, 'Ransell Luckings', 'rluckings35@w3.org', '$2a$04$k6abXmZxPFgoIIR.rkyzSurc9TfEe7Gt5DasnEDy0XeePLomtGqX.', 38, 0, '2024-02-25 05:59:18', '2024-02-25 05:59:18', 0, NULL, NULL, 0),
(138, 'Camala Barrable', 'cbarrable36@tiny.cc', '$2a$04$m2n0/.zDLuhVzpUqdL6Ea.YcRSVJR.KtSrwma9w0UP/Kxp4w4f7YO', 41, 0, '2024-02-25 05:59:18', '2024-02-25 05:59:18', 0, NULL, NULL, 0),
(139, 'Tamqrah Mee', 'tmee37@constantcontact.com', '$2a$04$BxFCPxbqV5H.XhWt/d7dx.ZOau/jxifwkLdUdj787s0UZ6JpHUxrO', 25, 0, '2024-02-25 05:59:18', '2024-02-25 05:59:18', 0, NULL, NULL, 0),
(140, 'Jeniece Giacopelo', 'jgiacopelo38@howstuffworks.com', '$2a$04$IYz9LZNSSUf3/esUwuc9du30Z7M1PGjS7CFwzF3yVU6gKCqQ6qkMm', 25, 0, '2024-02-25 05:59:18', '2024-02-25 05:59:18', 0, NULL, NULL, 0),
(141, 'Celene Axelbey', 'caxelbey39@scientificamerican.com', '$2a$04$WW.55BeWueWrycFq3WbQUeHldo9t7S/qUBp/rZj1QdltL4svQ/8s2', 25, 0, '2024-02-25 05:59:18', '2024-02-25 05:59:18', 0, NULL, NULL, 0),
(142, 'Genovera Thoumasson', 'gthoumasson3a@discuz.net', '$2a$04$y9dq7jmpeO5CdsSne2gbt.seesc5gGQQKL1Uhx6DCbhdcxzEtLSdK', 39, 0, '2024-02-25 05:59:18', '2024-02-25 05:59:18', 0, NULL, NULL, 0),
(143, 'Mattias Yanyushkin', 'myanyushkin3b@merriam-webster.com', '$2a$04$ejD3KvFWCb/X6BIzV1xFG.ca1WGLZZcZieuJ6NXNgjGlH/5ZTP8Pu', 23, 0, '2024-02-25 05:59:18', '2024-02-25 05:59:18', 0, NULL, NULL, 0),
(144, 'Marsh Albro', 'malbro3c@goo.ne.jp', '$2a$04$iWtA/do8v4HUYKkXzlXSDudiYru1OmPKGHQl0o0Q.xRaxA28rur.2', 47, 0, '2024-02-25 05:59:18', '2024-02-25 05:59:18', 0, NULL, NULL, 0),
(145, 'Rubia Broz', 'rbroz3d@mlb.com', '$2a$04$Ia.oJORjK152iBNDIsDBtuiewGeUMfW7KNhD0M/y11L3XT69Edly6', 21, 0, '2024-02-25 05:59:18', '2024-02-25 05:59:18', 0, NULL, NULL, 0),
(146, 'Virgina Wasmuth', 'vwasmuth3e@phpbb.com', '$2a$04$Wtn3EM4CoKyt/HB3DCm.keQapIJYY9xLSRC8/J5NV6t8DSIdbNzKK', 23, 0, '2024-02-25 05:59:18', '2024-02-25 05:59:18', 0, NULL, NULL, 0),
(147, 'Archy Maffeo', 'amaffeo3f@myspace.com', '$2a$04$eyHS85i77eszP/iZADiOX.giebnMlrJxpsDn.yiNCU3IHsJFCS3du', 35, 0, '2024-02-25 05:59:18', '2024-02-25 05:59:18', 0, NULL, NULL, 0),
(148, 'Mahmud Lightbourn', 'mlightbourn3g@whitehouse.gov', '$2a$04$D2aZVrTjG3yC34SJ7Lc3n.OZAobEsx5PUbBwf2ots9m2sYP/76nLC', 42, 0, '2024-02-25 05:59:18', '2024-02-25 05:59:18', 0, NULL, NULL, 0),
(149, 'Windham Jeannot', 'wjeannot3h@time.com', '$2a$04$lNqFIWDjUUb2sWDsiGeC7eE0tPBj.ApA3LmTI28MkQ/96gfvY8pNm', 19, 0, '2024-02-25 05:59:18', '2024-02-25 05:59:18', 0, NULL, NULL, 0),
(150, 'Reinaldos Grew', 'rgrew3i@slashdot.org', '$2a$04$I85Z6f4Gpqm56FZYmtVV6.ztje8lniJhMhv155uZ9Ca6v4txIL3sO', 16, 0, '2024-02-25 05:59:18', '2024-02-25 05:59:18', 0, NULL, NULL, 0),
(151, 'Zulema Featherston', 'zfeatherston3j@jugem.jp', '$2a$04$exwtG0sB516dhHJ9EWIpfelM19qoEBv9HbIwUmvZ6szBXAns6b.MG', 33, 0, '2024-02-25 05:59:18', '2024-02-25 05:59:18', 0, NULL, NULL, 0),
(152, 'Carolina McGready', 'cmcgready3k@comcast.net', '$2a$04$MxkU2bBr1aGBy.QMXrzmP.tedI.ZWyxdY4khICLa2SsLoXVME8Nzm', 22, 0, '2024-02-25 05:59:18', '2024-02-25 05:59:18', 0, NULL, NULL, 0),
(153, 'Renelle Gove', 'rgove3l@chicagotribune.com', '$2a$04$AM3FfFMMJB6tshIaqY8f1OZkM5T9Psrw7Xg/zfI8jDWrdFgqw0y4S', 35, 0, '2024-02-25 05:59:18', '2024-02-25 05:59:18', 0, NULL, NULL, 0),
(154, 'Karlan Karlolczak', 'kkarlolczak3m@google.com.br', '$2a$04$BW9VVuyajyUWM221DeH.6.rsCxPoV3KmVSL4DNmHoF.7GNUsiDoSa', 22, 0, '2024-02-25 05:59:18', '2024-02-25 05:59:18', 0, NULL, NULL, 0),
(155, 'Jessica O\'Rodane', 'jorodane3n@pen.io', '$2a$04$iNAlSEQoB0DGNc.rG1ALe.gJ/gGgAETLg2Qxj6GWQ6BNNek4Eqe6y', 45, 0, '2024-02-25 05:59:18', '2024-02-25 05:59:18', 0, NULL, NULL, 0),
(156, 'Viva Kinnin', 'vkinnin3o@patch.com', '$2a$04$GCtE4qkQY6pxyA7vpkIHfeerKM.WFLGYTbk3I66X/8evrFSck9VRG', 26, 0, '2024-02-25 05:59:18', '2024-02-25 05:59:18', 0, NULL, NULL, 0),
(157, 'Randi Andrivel', 'randrivel3p@imgur.com', '$2a$04$MbgU72x.cfCnV28jl6SzIenrXW4fyXSaKyUQdrEzv/cXZjXtQn7Sa', 29, 0, '2024-02-25 05:59:18', '2024-02-25 05:59:18', 0, NULL, NULL, 0),
(158, 'Kathye Cobbledick', 'kcobbledick3q@nationalgeographic.com', '$2a$04$qcH0KwW18ys1iiI6qSq9e.nDeLRoaTcrGQP0RTKccIGRhzWuMx2V2', 37, 0, '2024-02-25 05:59:18', '2024-02-25 05:59:18', 0, NULL, NULL, 0),
(159, 'Debi Mandres', 'dmandres3r@cisco.com', '$2a$04$g8S2BrMEOv30TsQFfWMYe.rJ6xcK8RIji7a45N/.SeQNe4TwkwZKe', 34, 0, '2024-02-25 05:59:18', '2024-02-25 05:59:18', 0, NULL, NULL, 0),
(160, 'Mortie Flecknell', 'mflecknell3s@weibo.com', '$2a$04$lwSCzi52B0MVeQscm6ri1usNO3/L3e7CHqMt1gRVRAVVEPIgNv4Y.', 42, 0, '2024-02-25 05:59:18', '2024-02-25 05:59:18', 0, NULL, NULL, 0),
(161, 'Fonzie O\'Sheils', 'fosheils3t@gizmodo.com', '$2a$04$9WAw5U9qDpbjsegIHsPZ/OTTlaEqyDmKpFmrBT2RDWph43iodrScq', 33, 0, '2024-02-25 05:59:18', '2024-02-25 05:59:18', 0, NULL, NULL, 0),
(162, 'Jilly Loton', 'jloton3u@flavors.me', '$2a$04$9lZU7tC8aBp0HZY4jdNMKOekcLBlgul6GvQZ4O47nJblSjV8xq68m', 24, 0, '2024-02-25 05:59:18', '2024-02-25 05:59:18', 0, NULL, NULL, 0),
(163, 'Benton Vignaux', 'bvignaux3v@icio.us', '$2a$04$1hmFf8GR9cxm8e55NeZbxu4rPdPFpMTtztJRIEc4nQ8cKKxrHan7m', 28, 0, '2024-02-25 05:59:19', '2024-02-25 05:59:19', 0, NULL, NULL, 0),
(164, 'Les Broomhead', 'lbroomhead3w@cyberchimps.com', '$2a$04$qAZFSk9g4yGhvxzKBR7UmeoiMJ3SzLSpuauk0r5AEOxwWf.a0l3be', 17, 0, '2024-02-25 05:59:19', '2024-02-25 05:59:19', 0, NULL, NULL, 0),
(165, 'Prissie Burnage', 'pburnage3x@posterous.com', '$2a$04$Gc3kYNTZPG1sMn8SFmsp2OhdYmoBepeeED5KterAz2QOgz9fwk6fO', 24, 0, '2024-02-25 05:59:19', '2024-02-25 05:59:19', 0, NULL, NULL, 0),
(166, 'Sheena Yerrell', 'syerrell3y@sitemeter.com', '$2a$04$sFctiPttW.WSmz3khBlZVOPxXeuhCqw3G4Knj0IWrQtTRYszJEtam', 17, 0, '2024-02-25 05:59:19', '2024-02-25 05:59:19', 0, NULL, NULL, 0),
(167, 'Vannie Dobrowolny', 'vdobrowolny3z@gizmodo.com', '$2a$04$DcsMGof4gDDwCZZ0Qosvk.yiweAtNaRz8IKbIYDXFSVyHr5fTdiKy', 16, 0, '2024-02-25 05:59:19', '2024-02-25 05:59:19', 0, NULL, NULL, 0),
(168, 'Tracee Stapylton', 'tstapylton40@wikia.com', '$2a$04$IwEHedy2lrAlXaaNXt1NAOOSR4q3XTqay.vMuqTqj5xRaRdB7GTKe', 42, 0, '2024-02-25 05:59:19', '2024-02-25 05:59:19', 0, NULL, NULL, 0),
(169, 'Paige Fieldstone', 'pfieldstone41@edublogs.org', '$2a$04$St0xm8QLsOarKmiBXBzoyuJwOruhjJeYHNG6ggoVnlS2IfR50t1m2', 32, 0, '2024-02-25 05:59:19', '2024-02-25 05:59:19', 0, NULL, NULL, 0),
(170, 'Lon Keenlyside', 'lkeenlyside42@devhub.com', '$2a$04$GSmB6/gh./92if1iHQjWZekB/ZjQUa4Z9ty/YKZ7doGkvbj8kTfBi', 33, 0, '2024-02-25 05:59:19', '2024-02-25 05:59:19', 0, NULL, NULL, 0),
(171, 'Sherri Shilstone', 'sshilstone43@hugedomains.com', '$2a$04$BPiTEEEC7IKBXasHYB0Y/eGPvkwgQHMyJ6KMNATW3f0V2X8fJhgm2', 15, 0, '2024-02-25 05:59:19', '2024-02-25 05:59:19', 0, NULL, NULL, 0),
(172, 'Ginni MacKereth', 'gmackereth44@hhs.gov', '$2a$04$WKXQrKEMrdH2EfMoNv4M1OPdTTazlGevq.rW6bHh2dPsEr09HUE8.', 33, 0, '2024-02-25 05:59:19', '2024-02-25 05:59:19', 0, NULL, NULL, 0),
(173, 'Valery Wallas', 'vwallas45@123-reg.co.uk', '$2a$04$o9j/uAKIyW7mbAHipmkHr.dk2bo5CmxGIWnPZU7Qm/xoFsM.RT2FW', 32, 0, '2024-02-25 05:59:19', '2024-02-25 05:59:19', 0, NULL, NULL, 0),
(174, 'Wyn Kern', 'wkern46@geocities.com', '$2a$04$8S1VhNFTd7INCXpbfoefKOYpHcQluByFSY6OPHkXhE10SfLu9ruvG', 50, 0, '2024-02-25 05:59:19', '2024-02-25 05:59:19', 0, NULL, NULL, 0),
(175, 'Clevie Norfolk', 'cnorfolk47@pagesperso-orange.fr', '$2a$04$6nu.ZmH90baOUo2QOwdNOOeriLqQA6CCdYHdASLn3AIzCbUdww1vO', 41, 0, '2024-02-25 05:59:19', '2024-02-25 05:59:19', 0, NULL, NULL, 0),
(176, 'Missy Kerman', 'mkerman48@yahoo.com', '$2a$04$ZhxfW35Siz.AGAKy.QlCaOsHozE/Biv1/wuhJrLX7mR8oYzZ17k3G', 18, 0, '2024-02-25 05:59:19', '2024-02-25 05:59:19', 0, NULL, NULL, 0),
(177, 'Zebulen Vinecombe', 'zvinecombe49@meetup.com', '$2a$04$yU2wdihfLdnLOCqOLdrNPersw6jBvrL1RDdmhkPvdRhYheNkMdbIO', 29, 0, '2024-02-25 05:59:19', '2024-02-25 05:59:19', 0, NULL, NULL, 0),
(178, 'Ralina McOmish', 'rmcomish4a@t-online.de', '$2a$04$.hPmLj0sbkxhqoe57ZcilOjmyczG5.xUHxfhtQ1xX8UgoZrFrE34q', 33, 0, '2024-02-25 05:59:19', '2024-02-25 05:59:19', 0, NULL, NULL, 0),
(179, 'Ashil Merrall', 'amerrall4b@quantcast.com', '$2a$04$W0BdNg9mh8hY.FF2FK0jH.8xZigEFOROvbfzi0sHeupOIhS.Kik7i', 44, 0, '2024-02-25 05:59:19', '2024-02-25 05:59:19', 0, NULL, NULL, 0),
(180, 'Daniele Emanulsson', 'demanulsson4c@blogtalkradio.com', '$2a$04$nrJQscA6NPleyGY9b9wD0eRuLqdfnyMhCiJbDbRK3sdF2gzX0Anq6', 46, 0, '2024-02-25 05:59:19', '2024-02-25 05:59:19', 0, NULL, NULL, 0),
(181, 'Wittie Grimster', 'wgrimster4d@diigo.com', '$2a$04$p6jb93X2KtFNf3rZzzXA8.Fhhv6juKITMHffDolE8OIfSZ60vO07e', 37, 0, '2024-02-25 05:59:19', '2024-02-25 05:59:19', 0, NULL, NULL, 0),
(182, 'Pippy Rogliero', 'progliero4e@fotki.com', '$2a$04$JON0Qu9ocNdKQPklEB3UkOS8VrVRHhfVzD8gPZfNOtB5SK0C2nFb2', 48, 0, '2024-02-25 05:59:19', '2024-02-25 05:59:19', 0, NULL, NULL, 0),
(183, 'Bernardina Brookwell', 'bbrookwell4f@jalbum.net', '$2a$04$MVC0K1YH7LAF26SaTre3weUCPzZ2tjUmg20KOzaT7vNslIe8jwbnm', 20, 0, '2024-02-25 05:59:19', '2024-02-25 05:59:19', 0, NULL, NULL, 0),
(184, 'Cornelius Pistol', 'cpistol4g@infoseek.co.jp', '$2a$04$XY5bsZdhvaojCaXCo.FkJezbSZqBc8RmClOwNuXVATuM3xew56ZzO', 28, 0, '2024-02-25 05:59:19', '2024-02-25 05:59:19', 0, NULL, NULL, 0),
(185, 'Tuesday Riguard', 'triguard4h@gizmodo.com', '$2a$04$VKs5RTA28IOpZ4XSPQVXqe3Ehb6FbNc2buMSsF9OHwzyHXdNCsG42', 45, 0, '2024-02-25 05:59:19', '2024-02-25 05:59:19', 0, NULL, NULL, 0),
(186, 'Merline Waleran', 'mwaleran4i@ow.ly', '$2a$04$eUI91vVpqa1u848uC7v64.AH9sfezZEmIT5kNPO1fiu.lIW/ZhMFC', 19, 0, '2024-02-25 05:59:19', '2024-02-25 05:59:19', 0, NULL, NULL, 0),
(187, 'Torie Tiller', 'ttiller4j@cbc.ca', '$2a$04$nxzUpUHB8KP2caiqWMpg1e/kO1LSMI2JL/RVmSvGa2rH/PeZ30U6a', 15, 0, '2024-02-25 05:59:19', '2024-02-25 05:59:19', 0, NULL, NULL, 0),
(188, 'Corine Brugmann', 'cbrugmann4k@behance.net', '$2a$04$0aj7o9OW2tJKjS1uMJWovO7RVejP.lSiRHpko2R2kJPa1eCKpH7rW', 27, 0, '2024-02-25 05:59:19', '2024-02-25 05:59:19', 0, NULL, NULL, 0),
(189, 'Collie Caudle', 'ccaudle4l@artisteer.com', '$2a$04$j5sFgAZQK/ThldlulM9e7ugoiPIjXJmwHSFo5/U.kzLyvTEzXhuGm', 15, 0, '2024-02-25 05:59:19', '2024-02-25 05:59:19', 0, NULL, NULL, 0),
(190, 'Christophorus Lapslie', 'clapslie4m@prlog.org', '$2a$04$QMDAnDn8XHGzTQrHy3vRu.Xy5ZFquKCEiR4N07jp8cmqV4b6Ck3Ky', 37, 0, '2024-02-25 05:59:19', '2024-02-25 05:59:19', 0, NULL, NULL, 0),
(191, 'Janie Bruckman', 'jbruckman4n@cafepress.com', '$2a$04$w6KWDdMBUbdY3tzVIWtvO.xW2t1s4phV8DxQnAAf9K/ZW67dsZWk6', 38, 0, '2024-02-25 05:59:19', '2024-02-25 05:59:19', 0, NULL, NULL, 0),
(192, 'Chanda Walewicz', 'cwalewicz4o@nps.gov', '$2a$04$yjs4Q3SNFzz6..AxFcY8CeFurFGfMDvwwWzAHk8YiPvTX0ty91gy6', 22, 0, '2024-02-25 05:59:19', '2024-02-25 05:59:19', 0, NULL, NULL, 0),
(193, 'Faina Torrecilla', 'ftorrecilla4p@feedburner.com', '$2a$04$MRQQS6UTHo4MXfSQ5vT8eevLheAUor6ZJoVr60JzXdkajqLWwgskS', 29, 0, '2024-02-25 05:59:19', '2024-02-25 05:59:19', 0, NULL, NULL, 0),
(194, 'Diego Paur', 'dpaur4q@shutterfly.com', '$2a$04$cRUeYF.CVkTi8GijMpa5/.1Yeo.Xdenm9IdBX42M6hrkgetOsTKOy', 36, 0, '2024-02-25 05:59:19', '2024-02-25 05:59:19', 0, NULL, NULL, 0),
(195, 'Cyrille Giabucci', 'cgiabucci4r@guardian.co.uk', '$2a$04$6xp43WdsDrOpi8D3MffXuOJVBJKulf6TkM.qwMUMKDso9l2FXrJmy', 47, 0, '2024-02-25 05:59:19', '2024-02-25 05:59:19', 0, NULL, NULL, 0),
(196, 'Mohandis Grouvel', 'mgrouvel4s@intel.com', '$2a$04$wLUHMgZVnYZE.QAdF2DIiu2nEYtjFsBujknkJw4ZEvfAaJdIJrAnC', 24, 0, '2024-02-25 05:59:19', '2024-02-25 05:59:19', 0, NULL, NULL, 0),
(197, 'Erv McCromley', 'emccromley4t@tiny.cc', '$2a$04$W4nRdjHnvgzchZ9ZEBKMuOoBzcHruiyxBanm2yeIG/.rgoi1TQSsK', 45, 0, '2024-02-25 05:59:19', '2024-02-25 05:59:19', 0, NULL, NULL, 0),
(198, 'Erinn Duckerin', 'educkerin4u@dailymotion.com', '$2a$04$udBDnU33tFshgMt5fkeRLOVtM3rfBcG/3VyvfI.8YhCIT5ofMY.gG', 40, 0, '2024-02-25 05:59:19', '2024-02-25 05:59:19', 0, NULL, NULL, 0),
(199, 'Baldwin Fitzsimon', 'bfitzsimon4v@shop-pro.jp', '$2a$04$8W8wAYt4x4LaqUQylWxYv.btbOV914Bxn6DpQ6ZxElH8riQ1wj9la', 42, 0, '2024-02-25 05:59:19', '2024-02-25 05:59:19', 0, NULL, NULL, 0),
(200, 'Janot Beekman', 'jbeekman4w@webnode.com', '$2a$04$G7XkO8g9vSmbX3IUyrxCoud9.OJWStoDSKkwWLgeJkJxB1PokSYie', 21, 0, '2024-02-25 05:59:19', '2024-02-25 05:59:19', 0, NULL, NULL, 0),
(201, 'Randi Beal', 'rbeal4x@hp.com', '$2a$04$KcTIImiUkaOe3tzP75UCPusxRXHAahriBdjt9Cq5whUCEJhJJ32kO', 43, 0, '2024-02-25 05:59:19', '2024-02-25 05:59:19', 0, NULL, NULL, 0),
(202, 'Gert Degoy', 'gdegoy4y@multiply.com', '$2a$04$OrG3Fnd.veVl7lBeXP3gg.Cwkt0oT42ICa8Vgu9KT3kReLNHp3CY2', 19, 0, '2024-02-25 05:59:19', '2024-02-25 05:59:19', 0, NULL, NULL, 0),
(203, 'Claudia Cowan', 'ccowan4z@blogspot.com', '$2a$04$KgEQFrPkwwXlyJqFcfjDb.DlNy3gBIafa97MZtsAfNok5aCi33mta', 42, 0, '2024-02-25 05:59:19', '2024-02-25 05:59:19', 0, NULL, NULL, 0),
(204, 'Sigvard Agott', 'sagott50@google.ca', '$2a$04$ku/VKshF.wPzuQAR/ESg8O02iCU2cpo9k3JNpGTCLL.r/gPAO4WQi', 15, 0, '2024-02-25 05:59:19', '2024-02-25 05:59:19', 0, NULL, NULL, 0),
(205, 'Marietta Segoe', 'msegoe51@thetimes.co.uk', '$2a$04$mEyMtIgCAi6xfkPzIKGfzOgQ7IxYtBwWA67FtXGfUbOscE2veSWVm', 46, 0, '2024-02-25 05:59:19', '2024-02-25 05:59:19', 0, NULL, NULL, 0),
(206, 'Constantine Hercules', 'chercules52@ted.com', '$2a$04$i18do9gK7trjHMQ5YGulOufImoe3o.7dHRYElc9Z0ramn93SkWitG', 37, 0, '2024-02-25 05:59:19', '2024-02-25 05:59:19', 0, NULL, NULL, 0),
(207, 'Ruthi Lackner', 'rlackner53@miitbeian.gov.cn', '$2a$04$Xgw36JYCZ7UZilyEWRztOeY5GXKICCbTdDbgmPn51RqrVKGyMt.j.', 36, 0, '2024-02-25 05:59:19', '2024-02-25 05:59:19', 0, NULL, NULL, 0),
(208, 'Billie Gatecliffe', 'bgatecliffe54@over-blog.com', '$2a$04$.Zkg614n0FtYxo3eJ5mdh.ucjxFZVJmUOb68QZK3Bo1yuTjSg9KlG', 30, 0, '2024-02-25 05:59:19', '2024-02-25 05:59:19', 0, NULL, NULL, 0),
(209, 'Kristien Claricoats', 'kclaricoats55@deliciousdays.com', '$2a$04$xP3s3Rq4HBJqoJF5etyx7Oqp.zBG0wH5.1fKBsd6twfH3y7xWI5K6', 17, 0, '2024-02-25 05:59:19', '2024-02-25 05:59:19', 0, NULL, NULL, 0),
(210, 'Mano Finden', 'mfinden56@virginia.edu', '$2a$04$fvY9GtK48LNgBz2X.TMQHungPT7y2d7PsN3mPofNNgFfT3X.Sbezu', 45, 0, '2024-02-25 05:59:19', '2024-02-25 05:59:19', 0, NULL, NULL, 0),
(211, 'Iorgos Rayne', 'irayne57@com.com', '$2a$04$ZJop3cDJUyJwfWzWn1xg4e1o21aKg1TPra9XqO4TIOHWhoKte1rvy', 28, 0, '2024-02-25 05:59:19', '2024-02-25 05:59:19', 0, NULL, NULL, 0),
(212, 'Moore McGrail', 'mmcgrail58@nps.gov', '$2a$04$9g43WVRulF0SOcEMbqmFAubIm1luDTII2N6fZqS.Doswvn.Sl87w2', 35, 0, '2024-02-25 05:59:19', '2024-02-25 05:59:19', 0, NULL, NULL, 0),
(213, 'Sarine Hyndes', 'shyndes59@tinypic.com', '$2a$04$GYDOT64blxzJRGGcQi6Z8u7J3ykoiZD6MR3AlW9gW0JLaVFjgKfBa', 38, 0, '2024-02-25 05:59:19', '2024-02-25 05:59:19', 0, NULL, NULL, 0),
(214, 'Orelie Curwen', 'ocurwen5a@utexas.edu', '$2a$04$OHmr.JZFjf22e8/gBd4SOevyuwBXcLDkF7tDGClK/jb/v.eLy1pI2', 19, 0, '2024-02-25 05:59:19', '2024-02-25 05:59:19', 0, NULL, NULL, 0),
(215, 'Wiley Gun', 'wgun5b@seattletimes.com', '$2a$04$FA9Xdxrq9x1Fslnsiyq8JOE4I7c01YXmZNzZ7miQV7xbhmyLBm24.', 17, 0, '2024-02-25 05:59:19', '2024-02-25 05:59:19', 0, NULL, NULL, 0),
(216, 'Coralie Grigorio', 'cgrigorio5c@earthlink.net', '$2a$04$xUr9pxLnmE.h4V1aJO1dOuvaTexgBLBb9QzqZnMbkrP/UBKfla7JC', 38, 0, '2024-02-25 05:59:19', '2024-02-25 05:59:19', 0, NULL, NULL, 0),
(217, 'Cullie Duffet', 'cduffet5d@opera.com', '$2a$04$0qb0HKAk.4wUqLUGbZ0Afejo.6G4l9E.eQU7pfNK7plvwUrNX7LxS', 39, 0, '2024-02-25 05:59:19', '2024-02-25 05:59:19', 0, NULL, NULL, 0),
(218, 'Rafaela Bullick', 'rbullick5e@alibaba.com', '$2a$04$Fz0/GPb4sDSo/teeOigELejPTi58aj7CI3fUpZnLdkiNNg9wO4516', 16, 0, '2024-02-25 05:59:19', '2024-02-25 05:59:19', 0, NULL, NULL, 0),
(219, 'Norrie Brownill', 'nbrownill5f@techcrunch.com', '$2a$04$/M4BMBgrWGD6yONM7mMDH.lTQiEADUdNWcs/0MTmdBaBpV/Mv061G', 38, 0, '2024-02-25 05:59:19', '2024-02-25 05:59:19', 0, NULL, NULL, 0),
(220, 'Darline Torre', 'dtorre5g@is.gd', '$2a$04$rr9JslAYHXNwa/CmXXq7m.u3X8g0COdX8RDawDqT/bWoKJND4ngDy', 45, 0, '2024-02-25 05:59:19', '2024-02-25 05:59:19', 0, NULL, NULL, 0),
(221, 'Mose Benallack', 'mbenallack5h@icio.us', '$2a$04$TFI3vmtg1RF9ECAP7ZxlYejTbp7fgXiXKOxRAI3bewxcw1RG2UXuq', 38, 0, '2024-02-25 05:59:19', '2024-02-25 05:59:19', 0, NULL, NULL, 0),
(222, 'Torry Motten', 'tmotten5i@hexun.com', '$2a$04$gJ8LWIea5iZwArAUoVVzf.MeyatZb/f.nMIzigZKCF39i./F8jdGC', 30, 0, '2024-02-25 05:59:19', '2024-02-25 05:59:19', 0, NULL, NULL, 0),
(223, 'Kris Foux', 'kfoux5j@census.gov', '$2a$04$CfkIR10czojIi/IEZVi.uOzrZh6zP7SZ1TJ9IUR0b3MgpvkViBftm', 27, 0, '2024-02-25 05:59:19', '2024-02-25 05:59:19', 0, NULL, NULL, 0),
(224, 'Anne-marie Sidworth', 'asidworth5k@arizona.edu', '$2a$04$HRZRGNaYj0XcnbxiK.OLne6rKsoYqeL5mnysucpK97beCas.99t9W', 37, 0, '2024-02-25 05:59:19', '2024-02-25 05:59:19', 0, NULL, NULL, 0),
(225, 'Dyanna Haime', 'dhaime5l@phpbb.com', '$2a$04$PYDoHinAQ6x2F6x8BLV1ruwiF0.BuIq7AxL30qmwZIm3nNI.DOz6e', 23, 0, '2024-02-25 05:59:19', '2024-02-25 05:59:19', 0, NULL, NULL, 0),
(226, 'Cherlyn Linkleter', 'clinkleter5m@uol.com.br', '$2a$04$aKgwyJNUFftOukrffVEtN.XNPfgtsDjKsPd.b.My2bSUiWuAoc.wy', 32, 0, '2024-02-25 05:59:19', '2024-02-25 05:59:19', 0, NULL, NULL, 0),
(227, 'Dwayne Beseke', 'dbeseke5n@thetimes.co.uk', '$2a$04$D8EPn2xw6otrUeOPvQqSZeGduLwwLlJ1fak1/nF6aNnQ/5R68GczG', 24, 0, '2024-02-25 05:59:19', '2024-02-25 05:59:19', 0, NULL, NULL, 0),
(228, 'Bryant Carreck', 'bcarreck5o@acquirethisname.com', '$2a$04$ex/8noLSXXFrJEC4wK4W3exFRz5ZnT0O0urncZgsuOzMLk3lqlPwi', 26, 0, '2024-02-25 05:59:19', '2024-02-25 05:59:19', 0, NULL, NULL, 0),
(229, 'Cordell Rubertis', 'crubertis5p@elegantthemes.com', '$2a$04$Gomfjzsp3w.A8wSWnqbtxuu8oSfHb/Dp4h8QWE59l0ry//bczwOES', 15, 0, '2024-02-25 05:59:19', '2024-02-25 05:59:19', 0, NULL, NULL, 0),
(230, 'Delainey Metschke', 'dmetschke5q@toplist.cz', '$2a$04$AIO5P5KMC8B3PSDvPOTxUeZZiAOMbgv.PxzoPH69HHDYDgzvgmuHO', 46, 0, '2024-02-25 05:59:19', '2024-02-25 05:59:19', 0, NULL, NULL, 0),
(231, 'Reider Pomphrett', 'rpomphrett5r@ning.com', '$2a$04$eZZu2pFhFffR9pnr8ZOMTeWVaAl5qJ0oTJkvOTkXSSEY1tHuODzAq', 45, 0, '2024-02-25 05:59:19', '2024-02-25 05:59:19', 0, NULL, NULL, 0),
(232, 'Nicola Fass', 'nfass5s@chron.com', '$2a$04$mhLL6NjtMWsAdB0iQodu2usABbFYWmWSIrqomq/vfxrhXD8HZYrk6', 35, 0, '2024-02-25 05:59:19', '2024-02-25 05:59:19', 0, NULL, NULL, 0),
(233, 'Bondy Passman', 'bpassman5t@nba.com', '$2a$04$giqAarxltghPByiukyDTM.yhdi3gVPy0hCDzwkTeKj1FgNOHtoi5y', 28, 0, '2024-02-25 05:59:19', '2024-02-25 05:59:19', 0, NULL, NULL, 0),
(234, 'Christye Coning', 'cconing5u@jimdo.com', '$2a$04$dvjmlRX2jKU48JNi89zW6uKacLojAZBY8MIidkx9xYJiDq8DCyYRy', 24, 0, '2024-02-25 05:59:19', '2024-02-25 05:59:19', 0, NULL, NULL, 0),
(235, 'Debora Fish', 'dfish5v@ow.ly', '$2a$04$mE7fdNpdNN1yjnb0KnvZEuqspe73Lh7MckJ6K5JtBvTRGgQEna54C', 21, 0, '2024-02-25 05:59:19', '2024-02-25 05:59:19', 0, NULL, NULL, 0),
(236, 'Bree Le Marchand', 'ble5w@seesaa.net', '$2a$04$LiuwIFwwjAVvnjpN9v.XNOTOUDEygiMD7ONzD461xmRgEX5twJ4oC', 43, 0, '2024-02-25 05:59:19', '2024-02-25 05:59:19', 0, NULL, NULL, 0),
(237, 'Hattie Hateley', 'hhateley5x@chronoengine.com', '$2a$04$32R4Zg3CdpNpnzAY2VXLfumWs0.cel.DaOhYlmeXembdcpyrJ8fr.', 16, 0, '2024-02-25 05:59:19', '2024-02-25 05:59:19', 0, NULL, NULL, 0),
(238, 'Merla Pimme', 'mpimme5y@prweb.com', '$2a$04$m29DWlYAf.zmQ2lIL0pU3OPtPIGRQkQJhxwKYvG/JHEeOGj9/45Ye', 20, 0, '2024-02-25 05:59:19', '2024-02-25 05:59:19', 0, NULL, NULL, 0),
(239, 'Gil Damarell', 'gdamarell5z@fastcompany.com', '$2a$04$doTGSTdcK9JRVvm0HJkY5erB2hbkmmgkeJUzzkb9RWWlmG6vtdLYq', 20, 0, '2024-02-25 05:59:19', '2024-02-25 05:59:19', 0, NULL, NULL, 0),
(240, 'Tiler Trassler', 'ttrassler60@feedburner.com', '$2a$04$TTYDx2uMw/7hsKigYKDvtO5TuE8KggSc6ouA34B2CXrALb8sqKvQW', 32, 0, '2024-02-25 05:59:19', '2024-02-25 05:59:19', 0, NULL, NULL, 0),
(241, 'Tansy Etteridge', 'tetteridge61@shop-pro.jp', '$2a$04$5J7crPnFb10JbeOilAJGmOfgDHivZGd.owqZmnQ23nSUEi24g3Q1q', 24, 0, '2024-02-25 05:59:19', '2024-02-25 05:59:19', 0, NULL, NULL, 0),
(242, 'Danika Burmingham', 'dburmingham62@cam.ac.uk', '$2a$04$3.QS0vJdJPTuoQza.Dhkf.LHvECBMG9BNh38kxtuDdQTxn.5MIif6', 40, 0, '2024-02-25 05:59:19', '2024-02-25 05:59:19', 0, NULL, NULL, 0),
(243, 'Kleon Snoxill', 'ksnoxill63@reddit.com', '$2a$04$BKn4EJrt9nuqiXx5brTjLOtNcG7wXIdbtw7j1aWrIDiOFUGPc/316', 37, 0, '2024-02-25 05:59:19', '2024-02-25 05:59:19', 0, NULL, NULL, 0),
(244, 'Lolita Danks', 'ldanks64@hibu.com', '$2a$04$N9gI7L3l6h8GE8yvFR9.buWA/gK.mM5fmA5ZXpLw86rUw9rjtFmtK', 44, 0, '2024-02-25 05:59:19', '2024-02-25 05:59:19', 0, NULL, NULL, 0),
(245, 'Dave Tortis', 'dtortis65@phoca.cz', '$2a$04$pJlC/ddO7M1Zs6mJKKuAUeb0MjnotR5AgldGIews6a3POhUEwOXBu', 28, 0, '2024-02-25 05:59:19', '2024-02-25 05:59:19', 0, NULL, NULL, 0),
(246, 'Nobe Rosenbarg', 'nrosenbarg66@google.ca', '$2a$04$HlCJICIIdUqXJtco87ANmuvHYRt8HI8ibOyJa4e7yb9q1oG.I7EpG', 48, 0, '2024-02-25 05:59:19', '2024-02-25 05:59:19', 0, NULL, NULL, 0),
(247, 'Cicily Lalonde', 'clalonde67@joomla.org', '$2a$04$3KpfMveSOflv2FCMMMdQgunDxqM2./EQe.2ZKccdLdvg/alewiq5m', 35, 0, '2024-02-25 05:59:19', '2024-02-25 05:59:19', 0, NULL, NULL, 0),
(248, 'Dallas Childrens', 'dchildrens68@google.it', '$2a$04$f00HL.0JnJz3nt/6GImYZ.PI6KDwKbXTs1zF0BeuuaN8Eu8Ovol8q', 20, 0, '2024-02-25 05:59:19', '2024-02-25 05:59:19', 0, NULL, NULL, 0),
(249, 'Manuel Furman', 'mfurman69@liveinternet.ru', '$2a$04$/GAyyjdTUfTN49p42s8G1OuVXONzl.wxOPi8rC5XgISl050foVUTa', 39, 0, '2024-02-25 05:59:20', '2024-02-25 05:59:20', 0, NULL, NULL, 0),
(250, 'Slade Toderi', 'stoderi6a@weebly.com', '$2a$04$5zRKGVHB29voFnARU2m6NeVD61jOb7Rs3A8/UvcvQSRIi.Ii3ZILC', 25, 0, '2024-02-25 05:59:20', '2024-02-25 05:59:20', 0, NULL, NULL, 0),
(251, 'Goraud Clopton', 'gclopton6b@dell.com', '$2a$04$P2q.bN5ZMOdRKtXMRtYW1un6XkfRO9pEtgde6bQ8B8.bT4np2/.0y', 47, 0, '2024-02-25 05:59:20', '2024-02-25 05:59:20', 0, NULL, NULL, 0),
(252, 'Beauregard Pinks', 'bpinks6c@unicef.org', '$2a$04$iiqS3gEymDfV02Oj1gZj7OWeIIOB5ewTvrAk2wnZwpjkTF93AOsiO', 44, 0, '2024-02-25 05:59:20', '2024-02-25 05:59:20', 0, NULL, NULL, 0),
(253, 'Darn Braunroth', 'dbraunroth6d@prnewswire.com', '$2a$04$X8.9Xzc3jfUkugfQthtwYuH8ebiPQWeSbZrIjS8uV0mp5RD8RdvIW', 23, 0, '2024-02-25 05:59:20', '2024-02-25 05:59:20', 0, NULL, NULL, 0),
(254, 'Hardy Cade', 'hcade6e@github.io', '$2a$04$eXdud44AsLHXuUsTT8rqW.azG0sUKFnT1.FMQUEhca/U9evjuBxiG', 49, 0, '2024-02-25 05:59:20', '2024-02-25 05:59:20', 0, NULL, NULL, 0),
(255, 'Allianora Lusher', 'alusher6f@netscape.com', '$2a$04$sl3slcgzEMugLU7NZP/P1ugFGSmzgFcLcvEO1XdG6N3mA3i.bkBTu', 15, 0, '2024-02-25 05:59:20', '2024-02-25 05:59:20', 0, NULL, NULL, 0),
(256, 'Auria Justham', 'ajustham6g@redcross.org', '$2a$04$dq/WO4bY8EXI9zSXnFAVjOtOTbC2nN8hPAgzQHlCBSK9Eu/j4dMm6', 22, 0, '2024-02-25 05:59:20', '2024-02-25 05:59:20', 0, NULL, NULL, 0),
(257, 'Egon Danilov', 'edanilov6h@so-net.ne.jp', '$2a$04$X6U.sBU7cuJlKHjgMsFHC.fuw4iRBwwe4SczgbvOfPL9o.Q09VBQu', 42, 0, '2024-02-25 05:59:20', '2024-02-25 05:59:20', 0, NULL, NULL, 0),
(258, 'Rolf Micheau', 'rmicheau6i@sciencedirect.com', '$2a$04$zvb1yesBdzLBIwnH8sPXBuJnHJK7Qf1ipt.yZvRUVypzbCeSbzYnO', 31, 0, '2024-02-25 05:59:20', '2024-02-25 05:59:20', 0, NULL, NULL, 0),
(259, 'Miles Rubberts', 'mrubberts6j@youku.com', '$2a$04$Y2CbKNSu10aFwIt/N8BM/e9Lq7bxgPCUPIBNjTVzH2gJCw8pYX.Lm', 22, 0, '2024-02-25 05:59:20', '2024-02-25 05:59:20', 0, NULL, NULL, 0),
(260, 'Virgilio Tennock', 'vtennock6k@friendfeed.com', '$2a$04$izxwR7bYVMPYdFfAli4FNumqVrQcOh5b6UpiVJT.tQ/9iYvpkiaqa', 39, 0, '2024-02-25 05:59:20', '2024-02-25 05:59:20', 0, NULL, NULL, 0),
(261, 'Karney Duligal', 'kduligal6l@example.com', '$2a$04$iZ95neRWtUVVRqTn0gLumexDT7qsIMPTYYSsgg786jLbqBBBS.LJG', 49, 0, '2024-02-25 05:59:20', '2024-02-25 05:59:20', 0, NULL, NULL, 0),
(262, 'Parry Sager', 'psager6m@pbs.org', '$2a$04$4aERswp010LaXqOvlgJIWubiBO959IOhsooGMs6pVY0kijTxI5.H2', 31, 0, '2024-02-25 05:59:20', '2024-02-25 05:59:20', 0, NULL, NULL, 0),
(263, 'Alysia Bearward', 'abearward6n@japanpost.jp', '$2a$04$tVsdkf152.7EIZR4WmhhY.oDJaSyweJBLKOSzcRsDkvxYORpLnH6C', 27, 0, '2024-02-25 05:59:20', '2024-02-25 05:59:20', 0, NULL, NULL, 0),
(264, 'Cherin Brimfield', 'cbrimfield6o@yellowpages.com', '$2a$04$i5LU1zjGSwP14nVn9D3ZOuP/0YHd10aHrLmB9OqL.BhvqoHCIvOGG', 49, 0, '2024-02-25 05:59:20', '2024-02-25 05:59:20', 0, NULL, NULL, 0),
(265, 'Lindsy Cavey', 'lcavey6p@wordpress.org', '$2a$04$UsCGvv2fZCDbLtZgszlbS.iofSQPjTqIXj/rFhVHtNfF9jCIs6JGy', 46, 0, '2024-02-25 05:59:20', '2024-02-25 05:59:20', 0, NULL, NULL, 0),
(266, 'Nessie Hagley', 'nhagley6q@freewebs.com', '$2a$04$IHUCwxkz19b/Jgs3UqTcgeVKhUAO/6E4lOrkIkBEH/27VpxOAcBfq', 47, 0, '2024-02-25 05:59:20', '2024-02-25 05:59:20', 0, NULL, NULL, 0),
(267, 'Gabriellia Strasse', 'gstrasse6r@phpbb.com', '$2a$04$25yuQcbXxa.dILFL08nl2upgyGgIEtfDyfjg1vbfBQfJcjPlDvln6', 28, 0, '2024-02-25 05:59:20', '2024-02-25 05:59:20', 0, NULL, NULL, 0),
(268, 'Chrystel Brosel', 'cbrosel6s@sfgate.com', '$2a$04$42NKXIBIziaj93s4.T.bN.XmhDsMyQVHMDQK3QoeBqGm42OSkINei', 31, 0, '2024-02-25 05:59:20', '2024-02-25 05:59:20', 0, NULL, NULL, 0),
(269, 'Helenka Ollivierre', 'hollivierre6t@google.es', '$2a$04$q6z42qLu4IiweTnUIs8sTumPfSBt2NbndHjiwbkAoXfP20A4SNEpu', 49, 0, '2024-02-25 05:59:20', '2024-02-25 05:59:20', 0, NULL, NULL, 0),
(270, 'Gannon Baradel', 'gbaradel6u@tripod.com', '$2a$04$CDWv/IjPPP4IctFgxv7fyu9Bek5iPTzEzpNPS1M0oQYESseQxY3sG', 24, 0, '2024-02-25 05:59:20', '2024-02-25 05:59:20', 0, NULL, NULL, 0),
(271, 'Mada Hylands', 'mhylands6v@independent.co.uk', '$2a$04$CQyFS4EW7ZlL38XoWlf4xOHgUsYO/o7EErs/btUHupF0Vo3N9mPBy', 43, 0, '2024-02-25 05:59:20', '2024-02-25 05:59:20', 0, NULL, NULL, 0),
(272, 'Baryram Baldini', 'bbaldini6w@360.cn', '$2a$04$FvLtlpCbaqlkMohd9WxJx.2XTpeQdKXSO4dB/nzQ13cPxDXU2V8IS', 39, 0, '2024-02-25 05:59:20', '2024-02-25 05:59:20', 0, NULL, NULL, 0);
INSERT INTO `Users` (`user_id`, `username`, `email`, `password`, `age`, `is_admin`, `created_at`, `updated_at`, `is_blocked`, `block_reason`, `blocked_until`, `block_level`) VALUES
(273, 'Charil Leader', 'cleader6x@uol.com.br', '$2a$04$x2yYLRpAoP5KaxZSrYo2gO4IVYMhnGVM6wwIzGLGLz0nCzCCzmhki', 19, 0, '2024-02-25 05:59:20', '2024-02-25 05:59:20', 0, NULL, NULL, 0),
(274, 'Denys Reede', 'dreede6y@ycombinator.com', '$2a$04$hCx6HqC8OHvwMs57jrgMiOc74EWNmS/u2MXs5GXBYlIOfaNx53hhm', 20, 0, '2024-02-25 05:59:20', '2024-02-25 05:59:20', 0, NULL, NULL, 0),
(275, 'Ly Slyde', 'lslyde6z@house.gov', '$2a$04$1vFcqgQJi0MoOmdyCSX.uul5CoSX3IjY7NszJe.UGcPntj2W2wZm.', 20, 0, '2024-02-25 05:59:20', '2024-02-25 05:59:20', 0, NULL, NULL, 0),
(276, 'Ingamar Buxton', 'ibuxton70@over-blog.com', '$2a$04$N4Xow0bHxKixm8EiUjJkZum5pEnDtjbdupQPYeQGYt5Ennh3RJI8a', 17, 0, '2024-02-25 05:59:20', '2024-02-25 05:59:20', 0, NULL, NULL, 0),
(277, 'Elle Coghill', 'ecoghill71@amazon.co.uk', '$2a$04$eFVkcM/yeXBbhchMhEKC1OzqHR6qRRkApcadges4p806ecvmhQmTi', 36, 0, '2024-02-25 05:59:20', '2024-02-25 05:59:20', 0, NULL, NULL, 0),
(278, 'Stanislas Humphrys', 'shumphrys72@ucsd.edu', '$2a$04$ARVxY5h8QLBsq1AzreOMFOy4Pz4BsFZRkDRhmU7Zagv4L1iGA2Q5u', 48, 0, '2024-02-25 05:59:20', '2024-02-25 05:59:20', 0, NULL, NULL, 0),
(279, 'Easter Noakes', 'enoakes73@wix.com', '$2a$04$2GM9af0MBzLa8wyj9plDAOag4N3SutddiQm3wDJD9UDj/GyaS/9ra', 29, 0, '2024-02-25 05:59:20', '2024-02-25 05:59:20', 0, NULL, NULL, 0),
(280, 'Aaren Ramelet', 'aramelet74@boston.com', '$2a$04$zx0fnTBj1/bfwajHrXXO7OIcZIhRn9E0QfdKlyTkzOZ5beUBEn8lm', 48, 0, '2024-02-25 05:59:20', '2024-02-25 05:59:20', 0, NULL, NULL, 0),
(281, 'Felike Biddwell', 'fbiddwell75@google.it', '$2a$04$6V.CM9OMlyC.gFA9a0iDq.d.TAVjbJ.KSIuGtGSKO34FEDz1/mYOC', 32, 0, '2024-02-25 05:59:20', '2024-02-25 05:59:20', 0, NULL, NULL, 0),
(282, 'Odille Berryann', 'oberryann76@hubpages.com', '$2a$04$nDXGrkPNC1w9els19GzQX..DmSUYA45hC3nOYf7wuzularmh6HoPW', 17, 0, '2024-02-25 05:59:20', '2024-02-25 05:59:20', 0, NULL, NULL, 0),
(283, 'Rhodia Penhaligon', 'rpenhaligon77@google.it', '$2a$04$XV3NudiwhDWHreL0X1bU8.H0tt52yo0jUluSEcbBRZUDzECaqj0Ci', 42, 0, '2024-02-25 05:59:20', '2024-02-25 05:59:20', 0, NULL, NULL, 0),
(284, 'Cesya Dahl', 'cdahl78@umn.edu', '$2a$04$8rdDGLf8O0gXqaWDiPhKEeij6.dEgbwYQMT776fgmAPceEr61tsGW', 48, 0, '2024-02-25 05:59:20', '2024-02-25 05:59:20', 0, NULL, NULL, 0),
(285, 'Carmelita Ferriere', 'cferriere79@yelp.com', '$2a$04$vZesEN.GSWRhQdyaftnGEeAsbBCsiHzuG0pER9wMSpu5JH/uiQvqC', 28, 0, '2024-02-25 05:59:20', '2024-02-25 05:59:20', 0, NULL, NULL, 0),
(286, 'Luce Hamber', 'lhamber7a@huffingtonpost.com', '$2a$04$9SQ2O1jUcPIQXY88Pg9HXu8TTCIf6/9/h2n3BnEtJgdICDTEbeIqu', 47, 0, '2024-02-25 05:59:20', '2024-02-25 05:59:20', 0, NULL, NULL, 0),
(287, 'Jody Dunlea', 'jdunlea7b@wunderground.com', '$2a$04$dKJr349eIaUl.MV5ksgq2elRaffn0e/9X1PJQ.i1YyLAx7QJhJPt2', 28, 0, '2024-02-25 05:59:20', '2024-02-25 05:59:20', 0, NULL, NULL, 0),
(288, 'Frederigo Klees', 'fklees7c@newyorker.com', '$2a$04$4Gzfn5UbU248KmZr5nhgze1iqnBw9AWv3psqYbFFDWc1Cc4P3zfCi', 25, 0, '2024-02-25 05:59:20', '2024-02-25 05:59:20', 0, NULL, NULL, 0),
(289, 'Cahra Astie', 'castie7d@mail.ru', '$2a$04$7vVAiAbbrFjgPGvdvvc9S.0rMb8JEEiL94r2oqrOgbtmMpbFv6NEe', 16, 0, '2024-02-25 05:59:20', '2024-02-25 05:59:20', 0, NULL, NULL, 0),
(290, 'Pauly Birchett', 'pbirchett7e@symantec.com', '$2a$04$7gFgrtdk6UQV9Iz1yt106e2jutuKlGEI2UnfWQE/2zkkKOWohg9m.', 35, 0, '2024-02-25 05:59:20', '2024-02-25 05:59:20', 0, NULL, NULL, 0),
(291, 'Agnola Coste', 'acoste7f@xrea.com', '$2a$04$HxpZEcZDV9ZyzwcWAzeOLuUy6gYb8iAxwOK8TVuHU20u4YV08dV7a', 48, 0, '2024-02-25 05:59:20', '2024-02-25 05:59:20', 0, NULL, NULL, 0),
(292, 'Hugh Bordessa', 'hbordessa7g@sohu.com', '$2a$04$PLxLxiEj9oulDpbDThJvpeZQPRVPh0DaXJqGXhAQlmR/eli9q.nFi', 17, 0, '2024-02-25 05:59:20', '2024-02-25 05:59:20', 0, NULL, NULL, 0),
(293, 'Jackelyn Lineen', 'jlineen7h@geocities.com', '$2a$04$3Ffui3hNLjFKqoYpFJplv.iBa8Xj2H8pfs8d.TsoNdLQ1uZjCESIS', 15, 0, '2024-02-25 05:59:20', '2024-02-25 05:59:20', 0, NULL, NULL, 0),
(294, 'Darryl Abramin', 'dabramin7i@freewebs.com', '$2a$04$35fdsXRw/yQ3/9YDfIr7GuATDUgI.XLMRKlPf.CTx8yOoxKMy5Iva', 49, 0, '2024-02-25 05:59:20', '2024-02-25 05:59:20', 0, NULL, NULL, 0),
(295, 'Regan Bertelet', 'rbertelet7j@hexun.com', '$2a$04$KVrjr.Inrd4LqB6vLIZ7Y.J.IU97XfFtD.aQzV8L0tWSuDxX2SoP2', 30, 0, '2024-02-25 05:59:20', '2024-02-25 05:59:20', 0, NULL, NULL, 0),
(296, 'Marley Pettyfer', 'mpettyfer7k@amazonaws.com', '$2a$04$ERnXUNiItO9TDrc09O9ZHOnfYLkoSdOjXzJAHK8eociVWBBBiJDk6', 20, 0, '2024-02-25 05:59:20', '2024-02-25 05:59:20', 0, NULL, NULL, 0),
(297, 'Filippo Yearne', 'fyearne7l@nydailynews.com', '$2a$04$C1UuxtbauiiLQ9.94covuucZnr5lFHmPy1UlPP7ToYH7kP2bbCeBi', 36, 0, '2024-02-25 05:59:20', '2024-02-25 05:59:20', 0, NULL, NULL, 0),
(298, 'Ignazio Perl', 'iperl7m@independent.co.uk', '$2a$04$aKEkKThdlBzCLq6oo/N2jeR/l.IbJK0dEgEv2934P9SEmx/Xy2PS6', 20, 0, '2024-02-25 05:59:20', '2024-02-25 05:59:20', 0, NULL, NULL, 0),
(299, 'Brockie De Giorgio', 'bde7n@usda.gov', '$2a$04$LUfmrKwFIGpEyVw8UTRTxewweF57maDPPDhK.oobhau9/Dyjx56bO', 47, 0, '2024-02-25 05:59:20', '2024-02-25 05:59:20', 0, NULL, NULL, 0),
(300, 'Sandor Ben', 'sben7o@jigsy.com', '$2a$04$ISqgmUVgW.psR.GbjiERA.tRn6Vfl2gJoNG8UDtEuNpcAkEbefl9e', 23, 0, '2024-02-25 05:59:20', '2024-02-25 05:59:20', 0, NULL, NULL, 0),
(301, 'Shaun Ferens', 'sferens7p@google.it', '$2a$04$5VFl5LnQ/lvIv0.DyjHSo.t1V4fcoJ/1MMAu6w2n4fEvFtbTZBstG', 24, 0, '2024-02-25 05:59:20', '2024-02-25 05:59:20', 0, NULL, NULL, 0),
(302, 'Jacenta Coddrington', 'jcoddrington7q@businessweek.com', '$2a$04$U6rrqqHsNsvR0YZrrYEoV.bJ5IBtc/k/BdEIuaXdab0/CXqtBqY36', 21, 0, '2024-02-25 05:59:20', '2024-02-25 05:59:20', 0, NULL, NULL, 0),
(303, 'Mic Anstie', 'manstie7r@fotki.com', '$2a$04$54uSpwVm.yvi549n4fPkOegIOEll0JyyWX3McnRYC1VwR0xZqYGru', 39, 0, '2024-02-25 05:59:20', '2024-02-25 05:59:20', 0, NULL, NULL, 0),
(304, 'Sherye Howieson', 'showieson7s@newyorker.com', '$2a$04$0W/sFjGZIopWNn2HRw07huMy8GFCSiwF44xqMMmJsq32b85Lbf0ee', 16, 0, '2024-02-25 05:59:20', '2024-02-25 05:59:20', 0, NULL, NULL, 0),
(305, 'Launce Ewell', 'lewell7t@lulu.com', '$2a$04$udaDeojywllo8FDz38DiQu/twGsnrPdfprkeyX6nuRuXn6s1GcfUe', 34, 0, '2024-02-25 05:59:20', '2024-02-25 05:59:20', 0, NULL, NULL, 0),
(306, 'Arlina Jorger', 'ajorger7u@rambler.ru', '$2a$04$EqhTIRMcpoUB/w9HcEfqqewhvpUVw6cnz.hvw.A/NM9v/X1rbGu5m', 44, 0, '2024-02-25 05:59:20', '2024-02-25 05:59:20', 0, NULL, NULL, 0),
(307, 'Brear Ruffey', 'bruffey7v@netvibes.com', '$2a$04$g4iSKJDN3aeAJhaa0lWDi.2Owpg3LgkrkpGWBmYqSvb4CXCEEJE/O', 32, 0, '2024-02-25 05:59:20', '2024-02-25 05:59:20', 0, NULL, NULL, 0),
(308, 'Gerick Gritten', 'ggritten7w@cyberchimps.com', '$2a$04$Su2tZlZoe7vvUHLYHrJ7GOBMza9xG.00PE0Cr0dg/6qcUsQ.ZMdca', 21, 0, '2024-02-25 05:59:20', '2024-02-25 05:59:20', 0, NULL, NULL, 0),
(309, 'Dennie Roswarne', 'droswarne7x@home.pl', '$2a$04$9Wi.HpMmCU1winmorSuMB.VQjIr6Z.thleGZgKGo0CqSxMlaYOwUG', 45, 0, '2024-02-25 05:59:20', '2024-02-25 05:59:20', 0, NULL, NULL, 0),
(310, 'Eleni Jammes', 'ejammes7y@rediff.com', '$2a$04$CiVpb..CGHddJvJnnUviG.shNUJTvyjhX/KuQ0K4kGX.kpoHiY3tO', 23, 0, '2024-02-25 05:59:20', '2024-02-25 05:59:20', 0, NULL, NULL, 0),
(311, 'Vivie Breitling', 'vbreitling7z@multiply.com', '$2a$04$sOGbYxOH5iKj3GBV8mLCWOmzaKTgB0/r5HxFg.lz9VhY0fJAg1rgm', 46, 0, '2024-02-25 05:59:20', '2024-02-25 05:59:20', 0, NULL, NULL, 0),
(312, 'Maxy Tumulty', 'mtumulty80@fda.gov', '$2a$04$paRnkGFYWzyLGe.pD01ZCuKlVf/lUlYAtfB15g2aqsxJcC.8d8xEG', 25, 0, '2024-02-25 05:59:20', '2024-02-25 05:59:20', 0, NULL, NULL, 0),
(313, 'Ryley Willis', 'rwillis81@discovery.com', '$2a$04$PSrlBb2ppxfmmul1J9cnvOP5OZXq7FwUS2ENQzZzhcMdhMfwo.WN6', 34, 0, '2024-02-25 05:59:20', '2024-02-25 05:59:20', 0, NULL, NULL, 0),
(314, 'Zechariah German', 'zgerman82@squarespace.com', '$2a$04$BOT0LNxbQwahYbrVhDxS..0DghXKDx.6wid9Ir9afyuC921m9uIX.', 26, 0, '2024-02-25 05:59:20', '2024-02-25 05:59:20', 0, NULL, NULL, 0),
(315, 'Emmeline Kegan', 'ekegan83@baidu.com', '$2a$04$xhm5oikgs3gFKlL7kuAeI.fVONTt9m9DBZ2ZOZcZBka.j/ipZoC9q', 31, 0, '2024-02-25 05:59:20', '2024-02-25 05:59:20', 0, NULL, NULL, 0),
(316, 'Berke Short', 'bshort84@tmall.com', '$2a$04$WE2YhOoaKs0KhGYAjB85UOj60twE2zMWnkBd0S/e5wp6MJR4/CR0K', 25, 0, '2024-02-25 05:59:20', '2024-02-25 05:59:20', 0, NULL, NULL, 0),
(317, 'Daphne Budnik', 'dbudnik85@bloglovin.com', '$2a$04$N7CrVtfkkY5B2iBkUxVX0.Od0RCjKZmqLBz7O4fsjCe6DlshOcRsy', 50, 0, '2024-02-25 05:59:20', '2024-02-25 05:59:20', 0, NULL, NULL, 0),
(318, 'Sibilla Vango', 'svango86@epa.gov', '$2a$04$4bQZLVO/kx7/oTi0SU3xv.jHtlzqSejbSDD6W8Pi40O1rtEWOPCES', 33, 0, '2024-02-25 05:59:20', '2024-02-25 05:59:20', 0, NULL, NULL, 0),
(319, 'Inga Nare', 'inare87@pbs.org', '$2a$04$u9kK9G.g7PSwaXEBnibxSux8RLhcrRo9iANfmH7.m.61xKpY7c.4G', 38, 0, '2024-02-25 05:59:20', '2024-02-25 05:59:20', 0, NULL, NULL, 0),
(320, 'Portia Pantling', 'ppantling88@scribd.com', '$2a$04$DVnNa9N3csyVDw9EF6UINO4zO2B3WRr3SMW0EHhbnAOXboj9x4iXa', 50, 0, '2024-02-25 05:59:20', '2024-02-25 05:59:20', 0, NULL, NULL, 0),
(321, 'Reinaldos Le Noury', 'rle89@cpanel.net', '$2a$04$XDa/.I7TjtaUtxZJIB3Z/.jPs3JR/A0nTPiv62arAYmLiCFvupEVG', 40, 0, '2024-02-25 05:59:20', '2024-02-25 05:59:20', 0, NULL, NULL, 0),
(322, 'Jodie Antosch', 'jantosch8a@vistaprint.com', '$2a$04$TDLhYTHeH2OrNIrRWB/gb.J8zAxWfjTa9QXkCsAVMe9BVjKWqwMGy', 39, 0, '2024-02-25 05:59:20', '2024-02-25 05:59:20', 0, NULL, NULL, 0),
(323, 'Chev Penquet', 'cpenquet8b@oaic.gov.au', '$2a$04$vNejWskypp0Z.IIJ9540YuD/veSpgg8ZRxzlUJGR7kjxkjK.V0q9G', 42, 0, '2024-02-25 05:59:20', '2024-02-25 05:59:20', 0, NULL, NULL, 0),
(324, 'Claus Ryrie', 'cryrie8c@ucoz.com', '$2a$04$chcbJKYVMEHhByBLmaY.Gei3lfYeni3Wbt7Ag2mNE9MW/PspCnovS', 18, 0, '2024-02-25 05:59:20', '2024-02-25 05:59:20', 0, NULL, NULL, 0),
(325, 'Chryste Quene', 'cquene8d@blogs.com', '$2a$04$cNhm/ckh.qbWD4horFH1euByYjQdFq6eg.HIXu0Dj0ns504QNlCCC', 15, 0, '2024-02-25 05:59:20', '2024-02-25 05:59:20', 0, NULL, NULL, 0),
(326, 'Donnajean Daniells', 'ddaniells8e@adobe.com', '$2a$04$Vh9F6YWaldF8qVgATwHSVO9WLiiXjPQUcCZLJ7PlmHDyV64mDqIIK', 18, 0, '2024-02-25 05:59:20', '2024-02-25 05:59:20', 0, NULL, NULL, 0),
(327, 'Cord Poupard', 'cpoupard8f@jigsy.com', '$2a$04$ODNabiycotys2BugjvGCVONo2AjyTMaJCqYbSWUUhTXVbPdU1rK6K', 28, 0, '2024-02-25 05:59:20', '2024-02-25 05:59:20', 0, NULL, NULL, 0),
(328, 'Kev Akrigg', 'kakrigg8g@salon.com', '$2a$04$T4lvbTQJRGlwpiBEPwRPVuJyeTmQ6Ikjy3ki6hFextfw5a7z8bL.m', 30, 0, '2024-02-25 05:59:20', '2024-02-25 05:59:20', 0, NULL, NULL, 0),
(329, 'Teodor Fike', 'tfike8h@yolasite.com', '$2a$04$v1yuUElCJiOQRmsqxNC2k.FIZZejkjAVua6QO4hA8rhwD8//pwxb.', 29, 0, '2024-02-25 05:59:20', '2024-02-25 05:59:20', 0, NULL, NULL, 0),
(330, 'Georas Grishinov', 'ggrishinov8i@usda.gov', '$2a$04$Cs3l2Fw1cXlykIAnP7OZouhL32B8FTafkKG.aDz23i0RtXqIuJzli', 50, 0, '2024-02-25 05:59:20', '2024-02-25 05:59:20', 0, NULL, NULL, 0),
(331, 'Willis McGillacoell', 'wmcgillacoell8j@nps.gov', '$2a$04$1.q6Gkwt4UPV7m8osvsqteQogTqyy4JBtsmAmlX0Of4HrwieMFl7u', 36, 0, '2024-02-25 05:59:20', '2024-02-25 05:59:20', 0, NULL, NULL, 0),
(332, 'Meghann Berridge', 'mberridge8k@1und1.de', '$2a$04$PUqsfVa3D0sqWK0OJgoK7eBzI3u3cTvuXGH6EfYIpUDgkKZOUEgcW', 19, 0, '2024-02-25 05:59:20', '2024-02-25 05:59:20', 0, NULL, NULL, 0),
(333, 'Baird Garnul', 'bgarnul8l@independent.co.uk', '$2a$04$uxBaetBRYvRWOPTcKF2lHODtTHVU68FymkIyxUuSb9E1xMFdbJwsi', 30, 0, '2024-02-25 05:59:20', '2024-02-25 05:59:20', 0, NULL, NULL, 0),
(334, 'Aluin Sharpin', 'asharpin8m@de.vu', '$2a$04$1gHPJX3gnGFHdxrW69wIMO8O5sk9gXujNrnwOYRyWlEgqxcgZ02bS', 25, 0, '2024-02-25 05:59:20', '2024-02-25 05:59:20', 0, NULL, NULL, 0),
(335, 'Tammie Parysiak', 'tparysiak8n@theguardian.com', '$2a$04$cbmSxxLsi9WfJuVTxTX6vudmjwGExVgUrqpS.sQZuYuGtjNFr.KBK', 19, 0, '2024-02-25 05:59:21', '2024-02-25 05:59:21', 0, NULL, NULL, 0),
(336, 'Rubetta Shevell', 'rshevell8o@nytimes.com', '$2a$04$2bvuHXAD7Clw2AOxB5RveOL.mxsRBUmY8okhS7Td94U9VylIFOLty', 28, 0, '2024-02-25 05:59:21', '2024-02-25 05:59:21', 0, NULL, NULL, 0),
(337, 'Gerda Jelphs', 'gjelphs8p@qq.com', '$2a$04$sEpEgZ9u00mb/wm71BAXn.fyaFzHFSEEIBg/3FyWtNVMPiBYWE0fK', 17, 0, '2024-02-25 05:59:21', '2024-02-25 05:59:21', 0, NULL, NULL, 0),
(338, 'Ramon Herley', 'rherley8q@de.vu', '$2a$04$fAxuxCBIHDQyglEgU2v7VOmU9Ze.rNDc9fk2kCKMJpk.7P2b.JZBm', 31, 0, '2024-02-25 05:59:21', '2024-02-25 05:59:21', 0, NULL, NULL, 0),
(339, 'Rahel Caccavari', 'rcaccavari8r@webs.com', '$2a$04$HM49gn8bBd2xe6JRhyF2i.1itlKGMNZPqno5rafOLoIeni5OzaVue', 21, 0, '2024-02-25 05:59:21', '2024-02-25 05:59:21', 0, NULL, NULL, 0),
(340, 'Nathanael Lomaz', 'nlomaz8s@buzzfeed.com', '$2a$04$OhcS/Yd8Gwe6XV/27a1yJOImMK8JkW8dMH9oqoN1P3t5eMNIpqoiq', 22, 0, '2024-02-25 05:59:21', '2024-02-25 05:59:21', 0, NULL, NULL, 0),
(341, 'Michaelina Reis', 'mreis8t@issuu.com', '$2a$04$qkXrojEd3aZB7Qhtu9CmbuxO6HGC2vvdBAAlPaD7TbRhcmfDfEej2', 34, 0, '2024-02-25 05:59:21', '2024-02-25 05:59:21', 0, NULL, NULL, 0),
(342, 'Darbee De Ambrosi', 'dde8u@hostgator.com', '$2a$04$bdoEbMCXbbqpQKFEN8LVf.vb8v2VedK2IaCN.Y1ZVesz8Qr6hf0RK', 24, 0, '2024-02-25 05:59:21', '2024-02-25 05:59:21', 0, NULL, NULL, 0),
(343, 'Nola Keaton', 'nkeaton8v@aboutads.info', '$2a$04$cIuilfj1bYjQIJtt3bG.ueucYLY127qMn01eiHkEMvq6i5neptmOa', 46, 0, '2024-02-25 05:59:21', '2024-02-25 05:59:21', 0, NULL, NULL, 0),
(344, 'Andrew Swaton', 'aswaton8w@free.fr', '$2a$04$de1d6v0w5oF2wjvLKx/q7OcGsDcRrhPRgZ0FSqtip7qAJCV5TUV2i', 21, 0, '2024-02-25 05:59:21', '2024-02-25 05:59:21', 0, NULL, NULL, 0),
(345, 'Felice Rysom', 'frysom8x@msu.edu', '$2a$04$rnnQhp7x2sCauP3Z7ytQZ.MzXRJMi6iGAeNat7IW1gkB59TuBDlUm', 48, 0, '2024-02-25 05:59:21', '2024-02-25 05:59:21', 0, NULL, NULL, 0),
(346, 'Dominick Geggus', 'dgeggus8y@amazon.de', '$2a$04$nHQpXhat38nX.2/qhn7KJeT6qQvfkVQ3kG2WiGOWAl/CSHVD/X4p6', 31, 0, '2024-02-25 05:59:21', '2024-02-25 05:59:21', 0, NULL, NULL, 0),
(347, 'Alberto Skipton', 'askipton8z@soundcloud.com', '$2a$04$/m4XDPMG0Dgh5S4ZuFb3Re1Cjevb.OCjmC6yelb9Z6xHc.N3lPcf6', 40, 0, '2024-02-25 05:59:21', '2024-02-25 05:59:21', 0, NULL, NULL, 0),
(348, 'Ardella Dillingston', 'adillingston90@networksolutions.com', '$2a$04$3dTQcd0dgNIizrCgybebEOZ0FwSikTKB6a2ONmzSOOkcaQu0VPOKO', 15, 0, '2024-02-25 05:59:21', '2024-02-25 05:59:21', 0, NULL, NULL, 0),
(349, 'Garrott Brealey', 'gbrealey91@uol.com.br', '$2a$04$qVXWH6CCmd/cic5QnzkdNez3bZr/.tHNSLoK1u.Q78iWkgju482ia', 28, 0, '2024-02-25 05:59:21', '2024-02-25 05:59:21', 0, NULL, NULL, 0),
(350, 'Olivie Faier', 'ofaier92@twitpic.com', '$2a$04$wolJ/8qyzc8bnUx4mkvvxOvzMqodPJDId2vs36rNTJ.tbaUdDGTqq', 20, 0, '2024-02-25 05:59:21', '2024-02-25 05:59:21', 0, NULL, NULL, 0),
(351, 'Sigfrid Tewelson', 'stewelson93@woothemes.com', '$2a$04$Z742LZOhdv85IlPcRnSvWeXN.VGxSmzKFwD0DnyJhDbkz9CP2d48e', 16, 0, '2024-02-25 05:59:21', '2024-02-25 05:59:21', 0, NULL, NULL, 0),
(352, 'Bernette Bath', 'bbath94@hhs.gov', '$2a$04$.bUCZKkxv30o0CYHTt0rh..U6SZ2/4FW3d5FKbgFiTqQQWlu0I8/u', 21, 0, '2024-02-25 05:59:21', '2024-02-25 05:59:21', 0, NULL, NULL, 0),
(353, 'Alia Eggleston', 'aeggleston95@desdev.cn', '$2a$04$0.Hf/kKz0pIY5.nURbkBRuM26x89Z2zyWX/Hpp.xxfAF6uJNkkrem', 43, 0, '2024-02-25 05:59:21', '2024-02-25 05:59:21', 0, NULL, NULL, 0),
(354, 'Katy Dallin', 'kdallin96@simplemachines.org', '$2a$04$uCMaOd92q6bjlzSSOGX45uLJ0BYc0NF1TwB2Ta0j.nDC7WecAEoDC', 50, 0, '2024-02-25 05:59:21', '2024-02-25 05:59:21', 0, NULL, NULL, 0),
(355, 'Bradney Springall', 'bspringall97@state.tx.us', '$2a$04$HZGZY2F8SRUFCm3ma7OOqeJAc0LhrqBeY68eKvHOh68kE5hxZeV5e', 49, 0, '2024-02-25 05:59:21', '2024-02-25 05:59:21', 0, NULL, NULL, 0),
(356, 'Aimee Mulder', 'amulder98@godaddy.com', '$2a$04$5ierO0c9hEZeXMIMHTgrFet3s2N6Cuc3/r3rXr.VjP8CYYm1KDo3G', 32, 0, '2024-02-25 05:59:21', '2024-02-25 05:59:21', 0, NULL, NULL, 0),
(357, 'Brennan Skehens', 'bskehens99@independent.co.uk', '$2a$04$3omS0N4fhkRX8Bxd3aUTm.6yBzA7Psr1mq4zsKFwwZMilOdKRtgv2', 47, 0, '2024-02-25 05:59:21', '2024-02-25 05:59:21', 0, NULL, NULL, 0),
(358, 'Gardie Pikhno', 'gpikhno9a@ning.com', '$2a$04$.Twt/f3cIluAUWeWZD2Hvut1U2rH41ysWK6Vb3QKMjYI.XwRT3fcO', 37, 0, '2024-02-25 05:59:21', '2024-02-25 05:59:21', 0, NULL, NULL, 0),
(359, 'Killy Firminger', 'kfirminger9b@china.com.cn', '$2a$04$ZXJaCqb70DK2hoJ2gfmlBeJbWBlRTNMs8A1QvG6I2o7cxpT9gfxAK', 36, 0, '2024-02-25 05:59:21', '2024-02-25 05:59:21', 0, NULL, NULL, 0),
(360, 'Bartholomew Trethewey', 'btrethewey9c@ning.com', '$2a$04$dERjul61QkfAW3ieBuw4W.1cEgNm3jQhqu5qMJN9Xp8JtJET8bxSC', 25, 0, '2024-02-25 05:59:21', '2024-02-25 05:59:21', 0, NULL, NULL, 0),
(361, 'Ingeberg Fermin', 'ifermin9d@pbs.org', '$2a$04$8RGyXQNl93YEkHbiaBZE/.FFY.FpJwdTcIxDWSp4pade719mv6h/.', 17, 0, '2024-02-25 05:59:21', '2024-02-25 05:59:21', 0, NULL, NULL, 0),
(362, 'Georgeanna Berridge', 'gberridge9e@dion.ne.jp', '$2a$04$lKsNs6JUzzFCgebRlqDWdurLm7aRb8xfl9WTP/7QP.SUN1N9hYWuu', 20, 0, '2024-02-25 05:59:21', '2024-02-25 05:59:21', 0, NULL, NULL, 0),
(363, 'Annamarie Forestall', 'aforestall9f@1688.com', '$2a$04$9/nkqs4DiDuvq107h8rCeuiClo39PWE2UMvbVDkXOZBX1agfoIApW', 26, 0, '2024-02-25 05:59:21', '2024-02-25 05:59:21', 0, NULL, NULL, 0),
(364, 'Garry Arton', 'garton9g@whitehouse.gov', '$2a$04$MuWCpUUbZHNCg7owoRc6V.COFazunqjUt5CZ86oCg8ubw20wDFzP2', 20, 0, '2024-02-25 05:59:21', '2024-02-25 05:59:21', 0, NULL, NULL, 0),
(365, 'Dulciana Binks', 'dbinks9h@nbcnews.com', '$2a$04$Yxe2hoeKZp/xgwgoF6A7U.W5vUfRF.pc3guitzHi4A02FlqRPDYFK', 41, 0, '2024-02-25 05:59:21', '2024-02-25 05:59:21', 0, NULL, NULL, 0),
(366, 'Fredrika Gatecliffe', 'fgatecliffe9i@geocities.com', '$2a$04$hO4KnBWkL0s9Csfuxr.20eAJQBr5jIHYg0eSvDk9V0Jjz2qCnHGIG', 21, 0, '2024-02-25 05:59:21', '2024-02-25 05:59:21', 0, NULL, NULL, 0),
(367, 'Robert Houdmont', 'rhoudmont9j@disqus.com', '$2a$04$gnqCTlPR5klNeJygiwpfVud3XMAgaQydFokL4vNNnfZA7gDQ7DNVi', 22, 0, '2024-02-25 05:59:21', '2024-02-25 05:59:21', 0, NULL, NULL, 0),
(368, 'Cristobal Kidd', 'ckidd9k@t-online.de', '$2a$04$xkRZUHpA0C2jJwrYxBJEiej7NyGj8wcKr1hexuB8/z/1IEGehaVdW', 45, 0, '2024-02-25 05:59:21', '2024-02-25 05:59:21', 0, NULL, NULL, 0),
(369, 'Ignazio Surgey', 'isurgey9l@psu.edu', '$2a$04$aENHX90YdE2P77aUA9FNJOOl4rsz0lgm0xNnr3FH7X2DlM5a1ym5q', 30, 0, '2024-02-25 05:59:21', '2024-02-25 05:59:21', 0, NULL, NULL, 0),
(370, 'Cori Billham', 'cbillham9m@theguardian.com', '$2a$04$SI8KM2IAqsYN4oaOEnIlHOiPrk9hrEZBx7ARzO.CwWG/rpCu00A3q', 19, 0, '2024-02-25 05:59:21', '2024-02-25 05:59:21', 0, NULL, NULL, 0),
(371, 'Tami Barkess', 'tbarkess9n@salon.com', '$2a$04$RGRlJ/5s2dSa3pPzF.BjiuSvKFVbN33bRxERdf2xRC5ETG0KpnHgy', 31, 0, '2024-02-25 05:59:21', '2024-02-25 05:59:21', 0, NULL, NULL, 0),
(372, 'Coleen Swarbrick', 'cswarbrick9o@nationalgeographic.com', '$2a$04$ssUi6EWx4A7aD8tegSRv0urAfzqkQp94Sqw/SjlU2Mjo9fHhpagY.', 49, 0, '2024-02-25 05:59:21', '2024-02-25 05:59:21', 0, NULL, NULL, 0),
(373, 'Zolly Coaster', 'zcoaster9p@webmd.com', '$2a$04$g4G5cMvowSS9Ubz3Tlbz4eHIx11lpCt7.HBD/K74e8.NI705lWN8m', 24, 0, '2024-02-25 05:59:21', '2024-02-25 05:59:21', 0, NULL, NULL, 0),
(374, 'Jaynell Ricketts', 'jricketts9q@51.la', '$2a$04$L9Rggzy4rFbDME.L7xnine4HhJ/5AQ5itdA3kZSofGuvp6EUm1cTC', 35, 0, '2024-02-25 05:59:21', '2024-02-25 05:59:21', 0, NULL, NULL, 0),
(375, 'Tonya Davall', 'tdavall9r@ezinearticles.com', '$2a$04$UqI6fzypSapShDeAe/abGOeXb2Ztp4kFA9LNmAK/Jot9njDLWKNUu', 46, 0, '2024-02-25 05:59:21', '2024-02-25 05:59:21', 0, NULL, NULL, 0),
(376, 'Shaina Skeermor', 'sskeermor9s@indiatimes.com', '$2a$04$5A.LY54B3ly7ozq3uSUVrez1R2zWR2P6C5TVCXTkVv7010m2jFv8K', 36, 0, '2024-02-25 05:59:21', '2024-02-25 05:59:21', 0, NULL, NULL, 0),
(377, 'Becki Swallow', 'bswallow9t@bandcamp.com', '$2a$04$WLWqeBUKc7lcTNAuNgfpDeg8eceu5C62Y/HUOIPBBZfzyK2Es40cm', 46, 0, '2024-02-25 05:59:21', '2024-02-25 05:59:21', 0, NULL, NULL, 0),
(378, 'Glenn Dunderdale', 'gdunderdale9u@behance.net', '$2a$04$Was.Zqd21PJe4Mi7kaUYxexQxVX1fEjQFwgx3S8kBm7nhYUhUPdX6', 42, 0, '2024-02-25 05:59:21', '2024-02-25 05:59:21', 0, NULL, NULL, 0),
(379, 'Milly Raisher', 'mraisher9v@tinypic.com', '$2a$04$zn0wYqWcKCzaqP6nZdRNq.pse7eBzJsEigoxv2b9YHqQ70brg9jwO', 24, 0, '2024-02-25 05:59:21', '2024-02-25 05:59:21', 0, NULL, NULL, 0),
(380, 'Allina Whitfeld', 'awhitfeld9w@shop-pro.jp', '$2a$04$3lrR/bUQ3.mX0dwX.El9OeRGAmoiIiWD9POWye4r/Y.sGi9F1BUym', 26, 0, '2024-02-25 05:59:21', '2024-02-25 05:59:21', 0, NULL, NULL, 0),
(381, 'Elbert Boate', 'eboate9x@ning.com', '$2a$04$PESnJomwZSL1ikqqfX/24.2rRLAj0xupqJCZ3bGG3TaLPycwbA5gW', 42, 0, '2024-02-25 05:59:21', '2024-02-25 05:59:21', 0, NULL, NULL, 0),
(382, 'Rosette Pattillo', 'rpattillo9y@weather.com', '$2a$04$9kkv9YEdG0ksXStAZDmfsODcqc3vFzwJC4i7q3UMxSaCi.Bmh1Ffa', 21, 0, '2024-02-25 05:59:21', '2024-02-25 05:59:21', 0, NULL, NULL, 0),
(383, 'Jozef Esson', 'jesson9z@chron.com', '$2a$04$2XV8LYbesZgO5.w.gIidoO.krM8LxdV.r6Se4OEJLVdOcC1ojpGqO', 45, 0, '2024-02-25 05:59:21', '2024-02-25 05:59:21', 0, NULL, NULL, 0),
(384, 'Harmonia Argontt', 'hargontta0@naver.com', '$2a$04$No4j5mYin4jr/ExgqpaMKufPh0EKmqe5jD3dySL7aNL8sKT1S4C66', 24, 0, '2024-02-25 05:59:21', '2024-02-25 05:59:21', 0, NULL, NULL, 0),
(385, 'Helyn Tyas', 'htyasa1@icq.com', '$2a$04$Nd7b3oVYEKYbInmlFsYBTeqQMNs.upAtNQPKYK09P/dUOulwqSs/y', 33, 0, '2024-02-25 05:59:21', '2024-02-25 05:59:21', 0, NULL, NULL, 0),
(386, 'Ardisj Keely', 'akeelya2@gizmodo.com', '$2a$04$9ixXlEAqxTaFdnhVrqB9..qvYYEK1y7JAP3FOeiJ.Oidt4KU3PGau', 49, 0, '2024-02-25 05:59:21', '2024-02-25 05:59:21', 0, NULL, NULL, 0),
(387, 'Ray Morican', 'rmoricana3@nyu.edu', '$2a$04$JBX5lsthjM5EkCi9qRwhHOAtjKW1bZR/4GZ/oRIbHN6azr7baI2Ye', 16, 0, '2024-02-25 05:59:21', '2024-02-25 05:59:21', 0, NULL, NULL, 0),
(388, 'Xever O\'Shields', 'xoshieldsa4@sun.com', '$2a$04$5mdISDzVxyykH1/FWnRqH.uaOc4fTg4M4c6tFQI5BDpBsNEqaK2xa', 16, 0, '2024-02-25 05:59:21', '2024-02-25 05:59:21', 0, NULL, NULL, 0),
(389, 'Pavlov Adamovicz', 'padamovicza5@nature.com', '$2a$04$JKvV6sq3eTH3ozolkzU3J.bkZWtoysOxAtdTPGSUW51y/sypcShm.', 30, 0, '2024-02-25 05:59:21', '2024-02-25 05:59:21', 0, NULL, NULL, 0),
(390, 'Oralie Prene', 'oprenea6@livejournal.com', '$2a$04$O0KtlMi6LhCkKKic2pyDv.WvXNi4FGcbw.6qlKKNpeXjbAGP6zjmW', 15, 0, '2024-02-25 05:59:21', '2024-02-25 05:59:21', 0, NULL, NULL, 0),
(391, 'Ozzie Blondin', 'oblondina7@github.io', '$2a$04$ikG5QeVEGeqAO25YwygVrOaZAciNm/m2G4hH.OdGbHz6zmkVLyU0K', 50, 0, '2024-02-25 05:59:21', '2024-02-25 05:59:21', 0, NULL, NULL, 0),
(392, 'Wain Joost', 'wjoosta8@netlog.com', '$2a$04$HhsuVTaTz3mchz5cp3loF.ktkKm8KlMPO614HO3kulX1RVYoVvxaO', 25, 0, '2024-02-25 05:59:21', '2024-02-25 05:59:21', 0, NULL, NULL, 0),
(393, 'Farly Burtenshaw', 'fburtenshawa9@mtv.com', '$2a$04$b/lTgHAmGHUvR4IvYfK61eWp2srh2QhOZCo1M6HFr4wY3AuEmy13e', 30, 0, '2024-02-25 05:59:21', '2024-02-25 05:59:21', 0, NULL, NULL, 0),
(394, 'Justino Cogin', 'jcoginaa@newyorker.com', '$2a$04$SFjIVnH4eLcgnBuJmyUzN.Coze.viiSMp5hPAuLeGuT3rG0h1vMa6', 17, 0, '2024-02-25 05:59:21', '2024-02-25 05:59:21', 0, NULL, NULL, 0),
(395, 'Chilton Hubbert', 'chubbertab@ocn.ne.jp', '$2a$04$ntGW48wLr8yPgWpBA25V5eaw1n3V3Tu5/Q0HAX.yzd8tIHKvfgJ2m', 44, 0, '2024-02-25 05:59:21', '2024-02-25 05:59:21', 0, NULL, NULL, 0),
(396, 'Nelson Bound', 'nboundac@intel.com', '$2a$04$CbFnl7kEuCtAV0R2GX7U.O8BHeONOC2ncN7TytyF7Vcx6KPrPdDQ6', 17, 0, '2024-02-25 05:59:21', '2024-02-25 05:59:21', 0, NULL, NULL, 0),
(397, 'Linc Goodyear', 'lgoodyearad@google.co.uk', '$2a$04$gMNA7AJ67MvLgmF7YgHzdOb5A3Hpub6AWZZIzYs3GfdEljtEFWGoG', 37, 0, '2024-02-25 05:59:21', '2024-02-25 05:59:21', 0, NULL, NULL, 0),
(398, 'Roseanna Deetlefs', 'rdeetlefsae@telegraph.co.uk', '$2a$04$/X99mtIsXe2CRqn.5eX/GOWucpnII7t137f4gGuAc/SlYywd6Nm.y', 43, 0, '2024-02-25 05:59:21', '2024-02-25 05:59:21', 0, NULL, NULL, 0),
(399, 'Gwyneth Soane', 'gsoaneaf@csmonitor.com', '$2a$04$k4Xk1tPAR60FOOXZ0CT0lORqfK3nF1WdLZYCJimtsV.aqor.UDuXm', 24, 0, '2024-02-25 05:59:21', '2024-02-25 05:59:21', 0, NULL, NULL, 0),
(400, 'Rhys Matzel', 'rmatzelag@gravatar.com', '$2a$04$oYO75t8dmC7XtOmNabw5KuzVPqYsD7LTVxRFAffMDfsv.K9hOS7Se', 16, 0, '2024-02-25 05:59:21', '2024-02-25 05:59:21', 0, NULL, NULL, 0),
(401, 'Rick Dohr', 'rdohrah@sina.com.cn', '$2a$04$EY0Nv5hdU7Vq4KoGqs4uhOoTyQnB4mpOVVh6WMtoKMq83QBasfo6a', 41, 0, '2024-02-25 05:59:21', '2024-02-25 05:59:21', 0, NULL, NULL, 0),
(402, 'Verge Laurenty', 'vlaurentyai@comcast.net', '$2a$04$KL7s8vOg4Wzu1Wemv7Q0nu9xM4zJPeu9A28lY3Jb1n8ODuhf2yRoi', 39, 0, '2024-02-25 05:59:21', '2024-02-25 05:59:21', 0, NULL, NULL, 0),
(403, 'Benjy Whisby', 'bwhisbyaj@goodreads.com', '$2a$04$c33tJRbfVCsFNE3z0eUtx.qSudgGWGTCKv8SGJXrPOn2MQXZNWuxK', 34, 0, '2024-02-25 05:59:21', '2024-02-25 05:59:21', 0, NULL, NULL, 0),
(404, 'Beniamino Oluwatoyin', 'boluwatoyinak@tumblr.com', '$2a$04$iPGRlSq8AmL7yZce8uZyv./5EGbooVvtNn/55lRS.Rbm/G5OsNIcy', 28, 0, '2024-02-25 05:59:21', '2024-02-25 05:59:21', 0, NULL, NULL, 0),
(405, 'Kerri Haddacks', 'khaddacksal@netscape.com', '$2a$04$ADfIpOTxZcDpqrvAgcW9GOLg4s8kNXWjuQjI8E6wX7cJXiPd2ZJme', 49, 0, '2024-02-25 05:59:21', '2024-02-25 05:59:21', 0, NULL, NULL, 0),
(406, 'Clara Danjoie', 'cdanjoieam@dot.gov', '$2a$04$Fh3u61uI9xWlvy3N1dstDe6ppSYkS8WcAbX3E7Nkd5ORSun60dsZ.', 36, 0, '2024-02-25 05:59:21', '2024-02-25 05:59:21', 0, NULL, NULL, 0),
(407, 'Kat Siggin', 'ksigginan@nationalgeographic.com', '$2a$04$1ZPFQ5iUtR9H6BR8coQ46elT2UG.0noGQx9sXKOQQ9BMmH3So8qMW', 40, 0, '2024-02-25 05:59:21', '2024-02-25 05:59:21', 0, NULL, NULL, 0),
(408, 'Karney Langfield', 'klangfieldao@simplemachines.org', '$2a$04$e34mLI8PNHs9cVCBUMDs7eEdB9eAOB5agQtMi3TerdLtvsWw7aNuO', 48, 0, '2024-02-25 05:59:21', '2024-02-25 05:59:21', 0, NULL, NULL, 0),
(409, 'Selina La Torre', 'slaap@alibaba.com', '$2a$04$Hl2QN6/N2m7/42OsmJWdHuNmPcBpT5f.ymQPRk90N1t4eesDIjMei', 27, 0, '2024-02-25 05:59:21', '2024-02-25 05:59:21', 0, NULL, NULL, 0),
(410, 'Rosalinda Littleover', 'rlittleoveraq@webeden.co.uk', '$2a$04$wuRPvs83o.8CF1mF4R3RPOpz7iefVTfhCD6Y.oDjztuMK0b178L92', 29, 0, '2024-02-25 05:59:21', '2024-02-25 05:59:21', 0, NULL, NULL, 0),
(411, 'Arleyne Laweles', 'alawelesar@liveinternet.ru', '$2a$04$eVWOEskdOcGRGLoEil/tHesIITE8Ekp0KWPdtCr3H3bkQKX/C9.oi', 15, 0, '2024-02-25 05:59:21', '2024-02-25 05:59:21', 0, NULL, NULL, 0),
(412, 'Chrotoem Botcherby', 'cbotcherbyas@w3.org', '$2a$04$FpkQZNd8bY1L2KqdtwCWauGI0foFZDXr48VcTzt880biA84Oo2stO', 41, 0, '2024-02-25 05:59:21', '2024-02-25 05:59:21', 0, NULL, NULL, 0),
(413, 'Kenyon Barnicott', 'kbarnicottat@bbb.org', '$2a$04$5cK.zBXgitAed3SQ.Lywdebc281mPLYd6epjXFGG4CwHYVn2LpCX6', 28, 0, '2024-02-25 05:59:21', '2024-02-25 05:59:21', 0, NULL, NULL, 0),
(414, 'Lucky Sherrard', 'lsherrardau@cdc.gov', '$2a$04$2axGDt3OnnweLMfNeYuMvOKtVWlTsESWc0uKlyCyflt5nMDXk7Cgi', 26, 0, '2024-02-25 05:59:21', '2024-02-25 05:59:21', 0, NULL, NULL, 0),
(415, 'Aila Tippler', 'atipplerav@livejournal.com', '$2a$04$o8G7psbKUVudIjRnSwvTdOQ3Wtcwvt0pqGCmBLGI5QJf4lTHC.Ay2', 28, 0, '2024-02-25 05:59:21', '2024-02-25 05:59:21', 0, NULL, NULL, 0),
(416, 'Morley Rawdall', 'mrawdallaw@qq.com', '$2a$04$V1gMevRgSfyh/QRptLtAO.E8ofvtqFbRatEXKHRP.u08CejkBi1hK', 36, 0, '2024-02-25 05:59:21', '2024-02-25 05:59:21', 0, NULL, NULL, 0),
(417, 'Massimo Leynton', 'mleyntonax@redcross.org', '$2a$04$pd3UPelQ93Hjvn1M1jxS9uthmX.RR.VzWgzCHv46J6XpIjyaIvXhu', 44, 0, '2024-02-25 05:59:21', '2024-02-25 05:59:21', 0, NULL, NULL, 0),
(418, 'Hastings Titmus', 'htitmusay@reference.com', '$2a$04$USqdEeISf5gOA2gTbMWoQuiK4SXF3PNWZwU9ajAsWL9b7AMmCsX8C', 43, 0, '2024-02-25 05:59:21', '2024-02-25 05:59:21', 0, NULL, NULL, 0),
(419, 'Kelby Feldhuhn', 'kfeldhuhnaz@pcworld.com', '$2a$04$AFBYCU3CG7E4SxQxBc8KbuZii6ab0xcDAln83RLmI3s.n3pZM2ecO', 26, 0, '2024-02-25 05:59:21', '2024-02-25 05:59:21', 0, NULL, NULL, 0),
(420, 'Alfreda Leebetter', 'aleebetterb0@usgs.gov', '$2a$04$AK0rAGIqecA6OsRxjq5hhe898eVeDOiBaTl6JXJHs/w8m.jXvStT2', 21, 0, '2024-02-25 05:59:22', '2024-02-25 05:59:22', 0, NULL, NULL, 0),
(421, 'Trula MacTrustie', 'tmactrustieb1@jimdo.com', '$2a$04$NKXFFYpzB5M7RZmN7hePf.0pqSYJkHS9lfjhh2hlQnPbxD1xo/wt.', 28, 0, '2024-02-25 05:59:22', '2024-02-25 05:59:22', 0, NULL, NULL, 0),
(422, 'Harwilll Ragdale', 'hragdaleb2@cafepress.com', '$2a$04$mQnQQq9Dzi2XjW/0r.5f2eYR92NTwzGQ89.DjA6t4Y3rXBQOOylOu', 21, 0, '2024-02-25 05:59:22', '2024-02-25 05:59:22', 0, NULL, NULL, 0),
(423, 'Genvieve Casbourne', 'gcasbourneb3@hubpages.com', '$2a$04$vWUiOyPahQq3NPj/vXg8jeC0eOeCpKYGt8l7GXRoe4l39.6Z9cSJC', 41, 0, '2024-02-25 05:59:22', '2024-02-25 05:59:22', 0, NULL, NULL, 0),
(424, 'Leela Antonoyev', 'lantonoyevb4@go.com', '$2a$04$7SItMTVvNAE6vGKTaJv0..xVxFpM9JQKK5evfUkh11SNhsogLYBfS', 20, 0, '2024-02-25 05:59:22', '2024-02-25 05:59:22', 0, NULL, NULL, 0),
(425, 'Stu Prattington', 'sprattingtonb5@hugedomains.com', '$2a$04$c.ycUjnDaU2f0r2xB5hQfurKqdgIgRGz3ysRtrBwA7aOyNVAESAzW', 25, 0, '2024-02-25 05:59:22', '2024-02-25 05:59:22', 0, NULL, NULL, 0),
(426, 'Issi Jacobsz', 'ijacobszb6@wiley.com', '$2a$04$mokmfJa/lQG.toNRh22Ay.mPzPQiv0p7pNeRPLXiqS9deiONxPDPe', 41, 0, '2024-02-25 05:59:22', '2024-02-25 05:59:22', 0, NULL, NULL, 0),
(427, 'Giacomo Anning', 'ganningb7@cmu.edu', '$2a$04$C4SvSgG2rWli3YoNVGuSwO/5irX4YSUTz4j.ijrXgEbaRYsZxBspy', 33, 0, '2024-02-25 05:59:22', '2024-02-25 05:59:22', 0, NULL, NULL, 0),
(428, 'Englebert Samet', 'esametb8@behance.net', '$2a$04$itGqmsmMUz5TS0kaQw0ylOqG67MX8tf4ZHLHbnNrbKD9.4eamSllW', 27, 0, '2024-02-25 05:59:22', '2024-02-25 05:59:22', 0, NULL, NULL, 0),
(429, 'Maribeth Phoenix', 'mphoenixb9@army.mil', '$2a$04$f.RYknbZ6E9LNzuKek2mT.qWpxuwFU2U7rUw08HnIar4O6FhiFD2a', 26, 0, '2024-02-25 05:59:22', '2024-02-25 05:59:22', 0, NULL, NULL, 0),
(430, 'Cosme O\' Flaherty', 'coba@google.de', '$2a$04$P7CEw7fY6uRhs9DfYGhXBuzJ2bvMzez5ZtcuyK7y8t7Yr/xmZVX8.', 16, 0, '2024-02-25 05:59:22', '2024-02-25 05:59:22', 0, NULL, NULL, 0),
(431, 'Kip Vannikov', 'kvannikovbb@mapquest.com', '$2a$04$1jcLUc1ZtIt4TPvZaXQTZu5sS.FNQHsBgAa6fLbXNCzNQhClmFH.W', 43, 0, '2024-02-25 05:59:22', '2024-02-25 05:59:22', 0, NULL, NULL, 0),
(432, 'Michel Farbrother', 'mfarbrotherbc@diigo.com', '$2a$04$boTXw//b1TALUNLXRuUzjeukolGhQ5P.qtBUzf/GckNDYbfYYSDqK', 25, 0, '2024-02-25 05:59:22', '2024-02-25 05:59:22', 0, NULL, NULL, 0),
(433, 'Immanuel Cavill', 'icavillbd@vimeo.com', '$2a$04$i.vyotiyd3yiClfg1X7aC.HXQjBxh3A7GcUZBly2nGzwsStctQTUa', 16, 0, '2024-02-25 05:59:22', '2024-02-25 05:59:22', 0, NULL, NULL, 0),
(434, 'Sid Dulson', 'sdulsonbe@omniture.com', '$2a$04$s32nGiuEWof4kxGIkB2L1O034iwRNYPWOJv42jG0rV/w.xD/Ud6fe', 29, 0, '2024-02-25 05:59:22', '2024-02-25 05:59:22', 0, NULL, NULL, 0),
(435, 'Brooks McMarquis', 'bmcmarquisbf@privacy.gov.au', '$2a$04$j6CXnuo7xvkIH7iFGVAvDerREXoXvWdong3mz0lODyiBfilNzAfve', 19, 0, '2024-02-25 05:59:22', '2024-02-25 05:59:22', 0, NULL, NULL, 0),
(436, 'Gabriel Vondrys', 'gvondrysbg@walmart.com', '$2a$04$EWK8OYU39dOtnMdIP5/US.r4OChGRmqQwO.wUE1MJrzNzOi6bKPrC', 24, 0, '2024-02-25 05:59:22', '2024-02-25 05:59:22', 0, NULL, NULL, 0),
(437, 'Martina Shwalbe', 'mshwalbebh@unc.edu', '$2a$04$aWFamutmzpuHcnqpUmrT3eqbMOe4cS3mmdAvS4k29Ut/Hh75GwoHG', 45, 0, '2024-02-25 05:59:22', '2024-02-25 05:59:22', 0, NULL, NULL, 0),
(438, 'Brandy Spittles', 'bspittlesbi@issuu.com', '$2a$04$hv.LClIYHB8PxibCMq83ZO0zjhTeWiyQyfmlemU31zoFLHgwLA/gS', 35, 0, '2024-02-25 05:59:22', '2024-02-25 05:59:22', 0, NULL, NULL, 0),
(439, 'Kenny Dufton', 'kduftonbj@twitter.com', '$2a$04$srWZMhKFU950w959CC9u/.asaGU07ykAsMtYFTvKi1zWmwXPXnYzm', 15, 0, '2024-02-25 05:59:22', '2024-02-25 05:59:22', 0, NULL, NULL, 0),
(440, 'Lissa Houlworth', 'lhoulworthbk@zdnet.com', '$2a$04$.hqcmJJOeD1Hf4xQPO3GJO4BBl.Dc/.pZf46NaWseufksnfOI8Du6', 42, 0, '2024-02-25 05:59:22', '2024-02-25 05:59:22', 0, NULL, NULL, 0),
(441, 'Sonny Feilden', 'sfeildenbl@illinois.edu', '$2a$04$DV.UDcRe13IGQ3EZE9sXxuHZzeL11Ja.FwG8yO2M0oHa.wGU/M0qa', 43, 0, '2024-02-25 05:59:22', '2024-02-25 05:59:22', 0, NULL, NULL, 0),
(442, 'Bella Harnott', 'bharnottbm@google.com.br', '$2a$04$UJDUGphrgK2vTwm/Fq5bAelqd22rIi4X5.m/fVUYCSZQpYEKMwgxC', 18, 0, '2024-02-25 05:59:22', '2024-02-25 05:59:22', 0, NULL, NULL, 0),
(443, 'Zsazsa O\'Hederscoll', 'zohederscollbn@typepad.com', '$2a$04$3gphjAyHA3wQi2JUA9tH3uxKTVx5JBJBq57P8e.0Ja3nntyXpt4SK', 50, 0, '2024-02-25 05:59:22', '2024-02-25 05:59:22', 0, NULL, NULL, 0),
(444, 'Orlando Sweedy', 'osweedybo@yale.edu', '$2a$04$8fPt..NQDm4sFjbPrujh4.UaX42NtqI8THBuY/Y3.10GFikiau/ne', 48, 0, '2024-02-25 05:59:22', '2024-02-25 05:59:22', 0, NULL, NULL, 0),
(445, 'Annnora Plampin', 'aplampinbp@marketwatch.com', '$2a$04$26maFRehEq/ElZXnFTWv3.tSNHVL6uRcXgf1FXg4/lKoXIk8ShFse', 32, 0, '2024-02-25 05:59:22', '2024-02-25 05:59:22', 0, NULL, NULL, 0),
(446, 'Ailey Ornelas', 'aornelasbq@studiopress.com', '$2a$04$/CiZVBUcx2qE1LUeoW0f/.kZWoQvrG4.wFE33yGo5kjiD58g4JOci', 48, 0, '2024-02-25 05:59:22', '2024-02-25 05:59:22', 0, NULL, NULL, 0),
(447, 'Christy Maasz', 'cmaaszbr@angelfire.com', '$2a$04$TJYVUnFpFn40FaEXIEKt5Ofg0PNcc33VbGNUEX52rM4QwA2UB3cYq', 34, 0, '2024-02-25 05:59:22', '2024-02-25 05:59:22', 0, NULL, NULL, 0),
(448, 'Irvin Eirwin', 'ieirwinbs@youtube.com', '$2a$04$qLanbdO7UCfAhkBix3z0ouEnDfkxdx7B/pUZY2QEslb47QKeUKd/a', 46, 0, '2024-02-25 05:59:22', '2024-02-25 05:59:22', 0, NULL, NULL, 0),
(449, 'Pooh McCowen', 'pmccowenbt@addthis.com', '$2a$04$yaz5w6GCmkxBfaCkLClAnuE.0HTDIMz0unzoCF3jsN4gWPXHZLQDC', 50, 0, '2024-02-25 05:59:22', '2024-02-25 05:59:22', 0, NULL, NULL, 0),
(450, 'Erich Hibbart', 'ehibbartbu@reddit.com', '$2a$04$uBD64JdTsBQFhIgYLetRQ.nw1YTusZcebqfrB01e4lHonR2.ObuXK', 18, 0, '2024-02-25 05:59:22', '2024-02-25 05:59:22', 0, NULL, NULL, 0),
(451, 'Daron Freeborne', 'dfreebornebv@ted.com', '$2a$04$.W3n1kKUw9wxwzjHycR26u3pHSXS3ENzAh6KByVU/5vkQS3gs./vu', 43, 0, '2024-02-25 05:59:22', '2024-02-25 05:59:22', 0, NULL, NULL, 0),
(452, 'Marcie Farquarson', 'mfarquarsonbw@nifty.com', '$2a$04$3a5t7Y6MfKXjuu4gwAtUaeaYO.LhsxJjDBuTLaylDDOn1bDyHVgiW', 47, 0, '2024-02-25 05:59:22', '2024-02-25 05:59:22', 0, NULL, NULL, 0),
(453, 'Panchito Rabb', 'prabbbx@webs.com', '$2a$04$81sbc2ctr6smgDtHLOVSHeN4SqpVTkNDev8OKvDdGp.ktbCredhkq', 15, 0, '2024-02-25 05:59:22', '2024-02-25 05:59:22', 0, NULL, NULL, 0),
(454, 'Victoria Garfirth', 'vgarfirthby@gmpg.org', '$2a$04$ThG4qjkDAbecgLM.tjsmyu/VxJIIxjWld2Dhxdiwvnj5AXaCLUTii', 29, 0, '2024-02-25 05:59:22', '2024-02-25 05:59:22', 0, NULL, NULL, 0),
(455, 'Dukie Orringe', 'dorringebz@cyberchimps.com', '$2a$04$1cipSHeNDAqhNWKPVXRnZO8Me3PU1TvVMFOX1E53wMt9pOff4kFnW', 29, 0, '2024-02-25 05:59:22', '2024-02-25 05:59:22', 0, NULL, NULL, 0),
(456, 'Parry Dossettor', 'pdossettorc0@i2i.jp', '$2a$04$jMBHz5S433XG46KSsmQrBuExEY4iLe19z/oD1rtNcuR7n1AsaOl5W', 33, 0, '2024-02-25 05:59:22', '2024-02-25 05:59:22', 0, NULL, NULL, 0),
(457, 'Otto Ricardin', 'oricardinc1@google.de', '$2a$04$1s95qwuMFYN7U9LIY6c5duWNaq4u5FE/GksPfLg0lMTdupSAwWdr.', 33, 0, '2024-02-25 05:59:22', '2024-02-25 05:59:22', 0, NULL, NULL, 0),
(458, 'Ansley Lequeux', 'alequeuxc2@feedburner.com', '$2a$04$/Bf2iDAjKTq6Gg7nyIQGWewc1zYiH5vwjPlvwMlWsrKoZ945NmwiK', 35, 0, '2024-02-25 05:59:22', '2024-02-25 05:59:22', 0, NULL, NULL, 0),
(459, 'Wendeline Titmarsh', 'wtitmarshc3@homestead.com', '$2a$04$PcSSelrwRc/Kb3Y56vdGYuNIQ6SeQyI1EFxEaqnhM6YKL..8O.s7O', 32, 0, '2024-02-25 05:59:22', '2024-02-25 05:59:22', 0, NULL, NULL, 0),
(460, 'Helga Kitcher', 'hkitcherc4@feedburner.com', '$2a$04$Uz2a7LXF6SbLrdaoDGyfBeFnXytqse95z63vkN5HCEdop.vA5mpvy', 33, 0, '2024-02-25 05:59:22', '2024-02-25 05:59:22', 0, NULL, NULL, 0),
(461, 'Brodie Terbeek', 'bterbeekc5@disqus.com', '$2a$04$pUapb0TE75/ueKsG.I0poewhj/itjMDNL9d5lOwZzY4uX/PWapqhu', 36, 0, '2024-02-25 05:59:22', '2024-02-25 05:59:22', 0, NULL, NULL, 0),
(462, 'Celie O\'Currane', 'cocurranec6@unblog.fr', '$2a$04$76wjDe02ZpwdOUpuWAOXAOndqd5xJQOdaX1rYToIq2QEKFRTOVo8y', 49, 0, '2024-02-25 05:59:22', '2024-02-25 05:59:22', 0, NULL, NULL, 0),
(463, 'Mia Bealton', 'mbealtonc7@comcast.net', '$2a$04$I/uibz1Twwj4Qp/Z9Q0oDuHV2tCtHWAHHpqVQndtcVITY.jXV6Hnm', 44, 0, '2024-02-25 05:59:22', '2024-02-25 05:59:22', 0, NULL, NULL, 0),
(464, 'Giorgi Mazzei', 'gmazzeic8@ovh.net', '$2a$04$1ZAcaWzpRtgWeb9AMnbMlOwC4igqwFkQnNu/fGdyqdAT19pts8gJq', 30, 0, '2024-02-25 05:59:22', '2024-02-25 05:59:22', 0, NULL, NULL, 0),
(465, 'Ki Veracruysse', 'kveracruyssec9@dmoz.org', '$2a$04$cBwMdfFUpHNrGmgGVWhwKe7A6EXJCSgKXv/sFrGEOy4biCWedrmFC', 20, 0, '2024-02-25 05:59:22', '2024-02-25 05:59:22', 0, NULL, NULL, 0),
(466, 'Barron Hartrick', 'bhartrickca@businessinsider.com', '$2a$04$FeBbKyi.BttSXv5KVYVf5.oRh5VlpogQ7WwnFctqQz2rS9Bbe/wCC', 31, 0, '2024-02-25 05:59:22', '2024-02-25 05:59:22', 0, NULL, NULL, 0),
(467, 'Adora Kindleside', 'akindlesidecb@globo.com', '$2a$04$2Yi6rCz3HBOIlemiHmQt7OkugFkzwkSuXSvnJ3ANZGuAV92Y7nX0e', 36, 0, '2024-02-25 05:59:22', '2024-02-25 05:59:22', 0, NULL, NULL, 0),
(468, 'Elaine Roget', 'erogetcc@miibeian.gov.cn', '$2a$04$rj5u9KSgFLuyMpaGLCJlwuwqRQ2jNnoNnCSVcyh8/SMQYpABu9Mx.', 17, 0, '2024-02-25 05:59:22', '2024-02-25 05:59:22', 0, NULL, NULL, 0),
(469, 'Nerty Marritt', 'nmarrittcd@cloudflare.com', '$2a$04$gkQhtDnYnfYUregi3UWhleBmN4BTV8I8oL9uws14ji96bhD2HvJH.', 20, 0, '2024-02-25 05:59:22', '2024-02-25 05:59:22', 0, NULL, NULL, 0),
(470, 'Tilda Byrkmyr', 'tbyrkmyrce@tinyurl.com', '$2a$04$UjWD2x5OR6oT8rTAAcOk/eUyCckRYpBd7xcJT5QfyUR3GK3M8QZDy', 48, 0, '2024-02-25 05:59:22', '2024-02-25 05:59:22', 0, NULL, NULL, 0),
(471, 'Lemmie Atwater', 'latwatercf@irs.gov', '$2a$04$OHF2/AdzjZeUM20zCtNOLO/sA0vbqNb.dnd3PeeHJeGDDPrEhqfp2', 29, 0, '2024-02-25 05:59:22', '2024-02-25 05:59:22', 0, NULL, NULL, 0),
(472, 'Mari Winkworth', 'mwinkworthcg@forbes.com', '$2a$04$Mi7MizRHhMOprKicaQ32lOhl3gKEdszUxt1.dJ8jovHVWq53Q3jOG', 49, 0, '2024-02-25 05:59:22', '2024-02-25 05:59:22', 0, NULL, NULL, 0),
(473, 'Olenka Saurin', 'osaurinch@gnu.org', '$2a$04$RXRjOo0ahGf5MkCv6CS5UuCWask5RBSockffUbWa5HLb4.S08SMM2', 40, 0, '2024-02-25 05:59:22', '2024-02-25 05:59:22', 0, NULL, NULL, 0),
(474, 'Claretta Bassill', 'cbassillci@domainmarket.com', '$2a$04$FkFxh8tQcnZw9FT8tBEGuewmGrlVJhbQPXRWjVhU7vqoS3oy.vYGC', 45, 0, '2024-02-25 05:59:22', '2024-02-25 05:59:22', 0, NULL, NULL, 0),
(475, 'Corrinne Taplin', 'ctaplincj@behance.net', '$2a$04$P5e4v61Rcxr2MGe.8RcN/uIgE/9WXWYYlzP16a6tte90Q0pmxo96O', 30, 0, '2024-02-25 05:59:22', '2024-02-25 05:59:22', 0, NULL, NULL, 0),
(476, 'Goldy Seakin', 'gseakinck@icio.us', '$2a$04$GrcTb0hVtt3kkyLw9Pyq6.wkQUaq10DEuzZX8m6dTGnIQmbE42ZES', 15, 0, '2024-02-25 05:59:22', '2024-02-25 05:59:22', 0, NULL, NULL, 0),
(477, 'Alberik Baudesson', 'abaudessoncl@wix.com', '$2a$04$Gpkevap0C231h/eaxgLWgOFPvhhcqZrmQYQz9g5ZylqePzZg9yyWS', 15, 0, '2024-02-25 05:59:22', '2024-02-25 05:59:22', 0, NULL, NULL, 0),
(478, 'Ewell Hamley', 'ehamleycm@usa.gov', '$2a$04$DeB3PnoMvl4NJuTm2VTuiutDVueK7kpGKGyNUn87h8sftScG9hlL2', 39, 0, '2024-02-25 05:59:22', '2024-02-25 05:59:22', 0, NULL, NULL, 0),
(479, 'Allayne Ccomini', 'accominicn@zdnet.com', '$2a$04$sSAfWDcNLh4l.e.WV2YEsO4KYPkzUINvbEhaYtqZ6PM0MRuou14mm', 21, 0, '2024-02-25 05:59:22', '2024-02-25 05:59:22', 0, NULL, NULL, 0),
(480, 'Myrvyn Innwood', 'minnwoodco@techcrunch.com', '$2a$04$Iv4Hn1Wmp4/4RrNpYrtU1OeL2wIHW.ZMdM5lkop3mKFg3yaufKEzK', 48, 0, '2024-02-25 05:59:22', '2024-02-25 05:59:22', 0, NULL, NULL, 0),
(481, 'Genovera Aloshechkin', 'galoshechkincp@ihg.com', '$2a$04$.Lo4HpGvNwBoE/pMla5R5eZ2WpZvfU.W7ju03E0QWcCoPnpHpU86e', 48, 0, '2024-02-25 05:59:22', '2024-02-25 05:59:22', 0, NULL, NULL, 0),
(482, 'Joeann Trillo', 'jtrillocq@ycombinator.com', '$2a$04$CMXIz5uFZ..YPaIg2woqUeyIDZ4tdlzfF9fUchLE5yRh38R/k5jYC', 16, 0, '2024-02-25 05:59:22', '2024-02-25 05:59:22', 0, NULL, NULL, 0),
(483, 'Marwin Drover', 'mdrovercr@cbc.ca', '$2a$04$N4/3azE.Tnw36IjLv/DgRedRxO7kGo1i3giU.itl9dqZAC2BzuKe2', 34, 0, '2024-02-25 05:59:22', '2024-02-25 05:59:22', 0, NULL, NULL, 0),
(484, 'Hugh Whight', 'hwhightcs@xing.com', '$2a$04$NlWb4aVQritmK.nNA13xY.tOahWql5FEWk3Rxl0Qtxw7wvW5Bwuoa', 39, 0, '2024-02-25 05:59:22', '2024-02-25 05:59:22', 0, NULL, NULL, 0),
(485, 'Clyde Lumsdon', 'clumsdonct@mail.ru', '$2a$04$ND9/6xFIWHouEUbhs835cOkLj3qJac83r.AaBkTvrKPlmsVPeNkIy', 40, 0, '2024-02-25 05:59:22', '2024-02-25 05:59:22', 0, NULL, NULL, 0),
(486, 'Daryle Couch', 'dcouchcu@eepurl.com', '$2a$04$qo.3omZYttv5mTEBzerPFeBL.TEnXUleVkbBtSwGOsTVHsmxLooEu', 26, 0, '2024-02-25 05:59:22', '2024-02-25 05:59:22', 0, NULL, NULL, 0),
(487, 'Grove Reynalds', 'greynaldscv@dagondesign.com', '$2a$04$Pmv9v8EUuzljT25WpNVjH.OGIb..cKOWF0veTdg0dukbslrUkc.lG', 44, 0, '2024-02-25 05:59:22', '2024-02-25 05:59:22', 0, NULL, NULL, 0),
(488, 'Montgomery Balfre', 'mbalfrecw@nsw.gov.au', '$2a$04$AxHJIgUbq8whttrOjZgAGuK4OOn1TQNPqcE0lwxTo7aj4CKH2iEQi', 48, 0, '2024-02-25 05:59:22', '2024-02-25 05:59:22', 0, NULL, NULL, 0),
(489, 'Caryl Ortler', 'cortlercx@gravatar.com', '$2a$04$khQeL98oM2WnC0AE.r7BdOCZKjutjPyg0CWeuT49kL1xDoD4EaCka', 38, 0, '2024-02-25 05:59:22', '2024-02-25 05:59:22', 0, NULL, NULL, 0),
(490, 'Guenevere Robinette', 'grobinettecy@elegantthemes.com', '$2a$04$vbipiBvPG6ZTRuy1wFgAVO6kbfq.6nq8p7NdgJsBEa3knihtJHZSa', 50, 0, '2024-02-25 05:59:22', '2024-02-25 05:59:22', 0, NULL, NULL, 0),
(491, 'Vannie Ullock', 'vullockcz@meetup.com', '$2a$04$NojGitdkR8W2A7gjQN36TOW7R63MG3AYHyTX81eMUhOX1wjk6s2Oi', 30, 0, '2024-02-25 05:59:22', '2024-02-25 05:59:22', 0, NULL, NULL, 0),
(492, 'Hendrick Muncey', 'hmunceyd0@mit.edu', '$2a$04$LeeGHWllQCq0f1fvFF01beGJ2vUCT0ZRChPVEKrGOD62h8QWoWrUO', 30, 0, '2024-02-25 05:59:22', '2024-02-25 05:59:22', 0, NULL, NULL, 0),
(493, 'Valentine Jerram', 'vjerramd1@yandex.ru', '$2a$04$jYAK/yBpjAyJmmWY..vFAedRNlE1C2mSpzEJ71SDBckP3ham82e7.', 15, 0, '2024-02-25 05:59:22', '2024-02-25 05:59:22', 0, NULL, NULL, 0),
(494, 'Trude McGilvary', 'tmcgilvaryd2@sciencedirect.com', '$2a$04$NVC/hqMmUqVBMXd3/tGFl.MpqcDiNZQuftwgGD5f9.0AeYkyD/V.y', 46, 0, '2024-02-25 05:59:22', '2024-02-25 05:59:22', 0, NULL, NULL, 0),
(495, 'Krishnah Southwell', 'ksouthwelld3@cdc.gov', '$2a$04$GDELoZFmXTZaiwq0F4z7GOgZhqPdVQ.4wZ6Z9E0U1HZPnAb19gKUe', 22, 0, '2024-02-25 05:59:22', '2024-02-25 05:59:22', 0, NULL, NULL, 0),
(496, 'Ashely Cage', 'acaged4@sogou.com', '$2a$04$g35L4gu/GvgvDFO1/8QBnuzTSwgwh.dLNDqND9/sNlAX7gpyFigdu', 48, 0, '2024-02-25 05:59:22', '2024-02-25 05:59:22', 0, NULL, NULL, 0),
(497, 'Dorena Pisculli', 'dpiscullid5@sakura.ne.jp', '$2a$04$MQojW45BWaSEqHp03fW0j.nHWx4TtEFowDTwbVQp6g2FUntRJN4AK', 41, 0, '2024-02-25 05:59:22', '2024-02-25 05:59:22', 0, NULL, NULL, 0),
(498, 'Brandy Parkeson', 'bparkesond6@youtu.be', '$2a$04$9CreNh1HBEQZfT6TYs1TOOk4vi5sSXmUZvcrS36m7tlCdfsHS8s4W', 43, 0, '2024-02-25 05:59:22', '2024-02-25 05:59:22', 0, NULL, NULL, 0),
(499, 'Luci Moses', 'lmosesd7@census.gov', '$2a$04$gPHADuUJwmawdD4qflGB6Oi28PUZ6n7WEp9u5ipcvexDEFehLEGpq', 43, 0, '2024-02-25 05:59:22', '2024-02-25 05:59:22', 0, NULL, NULL, 0),
(500, 'Micah Allix', 'mallixd8@java.com', '$2a$04$4FVBYShmGYToJ3ddkrT2zO7hFacbYm06DKE/mIewHzXNXeWMVfl9C', 41, 0, '2024-02-25 05:59:22', '2024-02-25 05:59:22', 0, NULL, NULL, 0),
(501, 'Lu Edgin', 'ledgind9@pcworld.com', '$2a$04$jx/dv5fd7E87ciSmU6Wi5ukX/u4Yl89sc3X2QgcHyt/WBUdVY19ju', 17, 0, '2024-02-25 05:59:22', '2024-02-25 05:59:22', 0, NULL, NULL, 0),
(502, 'Gilberto Shermar', 'gshermarda@cnet.com', '$2a$04$w/H1c3KtHRzvCRUzxw8.dObWeUn5R/9Fty9yruX1bjKnieV/4OGMi', 15, 0, '2024-02-25 05:59:22', '2024-02-25 05:59:22', 0, NULL, NULL, 0),
(503, 'Alfonso Feldklein', 'afeldkleindb@admin.ch', '$2a$04$nzC9nLeJqfL1mc7QcCvOGuoLvYB3GVhGQvEYfo5iOQxaRpj2MRR.q', 21, 0, '2024-02-25 05:59:22', '2024-02-25 05:59:22', 0, NULL, NULL, 0),
(504, 'Holli Cuttin', 'hcuttindc@cpanel.net', '$2a$04$KSrKqCddRoAAu05VMIP6FuVzzCIIstC8fMin1a9ZGFxXm2xj6XAMC', 50, 0, '2024-02-25 05:59:22', '2024-02-25 05:59:22', 0, NULL, NULL, 0),
(505, 'Donielle Elcock', 'delcockdd@reference.com', '$2a$04$0wXwF5LzZYSnGf6psd30OOErIl6P31CdewM5FDOZH9TG0AZcJ2wEK', 28, 0, '2024-02-25 05:59:22', '2024-02-25 05:59:22', 0, NULL, NULL, 0),
(506, 'Monica Thelwll', 'mthelwllde@noaa.gov', '$2a$04$igmLdFhURmSdAKH2pEOtvuTJFeQq2k2ad.8t8jRJVYdG.M2LZVJiK', 19, 0, '2024-02-25 05:59:22', '2024-02-25 05:59:22', 0, NULL, NULL, 0),
(507, 'Tisha Worsam', 'tworsamdf@princeton.edu', '$2a$04$wV8olbUYGgHLnpH3SVUjyeNqFSZ9CaXlZiVckl/5zq2IGUiEugFyC', 41, 0, '2024-02-25 05:59:22', '2024-02-25 05:59:22', 0, NULL, NULL, 0),
(508, 'Catherin Curtis', 'ccurtisdg@toplist.cz', '$2a$04$tGRgrQ8Y4mDqA6inzu4NIu.49UUbZVcdow7Eyb37Rm/txAIXZNlSu', 34, 0, '2024-02-25 05:59:23', '2024-02-25 05:59:23', 0, NULL, NULL, 0),
(509, 'Katya Velareal', 'kvelarealdh@ucsd.edu', '$2a$04$hQiafsHi.F82S.EmscEwwO9kh5vWWnbuhfCixcqlcNdSC1SXn/2vS', 31, 0, '2024-02-25 05:59:23', '2024-02-25 05:59:23', 0, NULL, NULL, 0),
(510, 'Nehemiah Bader', 'nbaderdi@hostgator.com', '$2a$04$C/hkpP2AosR4sYhsCqaPJuGmiF9ozE.qL23nd2IK7cv8TmwIuJdlq', 18, 0, '2024-02-25 05:59:23', '2024-02-25 05:59:23', 0, NULL, NULL, 0),
(511, 'Kipper Brind', 'kbrinddj@friendfeed.com', '$2a$04$oumPy3KgsljModPFVlWU6OstH39cHNuH22vTDFnACn87BLvQi1q1S', 42, 0, '2024-02-25 05:59:23', '2024-02-25 05:59:23', 0, NULL, NULL, 0),
(512, 'Charil Fonzone', 'cfonzonedk@guardian.co.uk', '$2a$04$b8m6ba50Mrty2d02JtBLL.UbmIJ7qn1qNA7krtAkFZ6aGBvMNN5d6', 32, 0, '2024-02-25 05:59:23', '2024-02-25 05:59:23', 0, NULL, NULL, 0),
(513, 'Timothee Herety', 'theretydl@webs.com', '$2a$04$xlCb6Smq4xYxKfjo1BHor.3XeQvBLx95ys6.tBmunmCXUCdGerCS2', 39, 0, '2024-02-25 05:59:23', '2024-02-25 05:59:23', 0, NULL, NULL, 0),
(514, 'Gran Ierland', 'gierlanddm@ucoz.com', '$2a$04$2TAnitWs9idANSjccAfG/eEE1G6snKc.nwenN1tvzLIpomgFweJ4O', 35, 0, '2024-02-25 05:59:23', '2024-02-25 05:59:23', 0, NULL, NULL, 0),
(515, 'Lowrance Nortcliffe', 'lnortcliffedn@umn.edu', '$2a$04$aw1dfuQER091Mr2jNL5sDO31bvbWw4Znu92S/eClh2xnkZ9OjxMni', 32, 0, '2024-02-25 05:59:23', '2024-02-25 05:59:23', 0, NULL, NULL, 0),
(516, 'Merlina Feaver', 'mfeaverdo@unicef.org', '$2a$04$02O/GOYcnXdIh3ZadrswN.EFsY3pyJLg0YL1pLO6roThKMBlynlCO', 29, 0, '2024-02-25 05:59:23', '2024-02-25 05:59:23', 0, NULL, NULL, 0),
(517, 'Hilary Marritt', 'hmarrittdp@nsw.gov.au', '$2a$04$s8HZPipvSr6/ZIMGuuKre.1yf8FaYV4.X54GAbPPi0oKtZv7Dz9Da', 27, 0, '2024-02-25 05:59:23', '2024-02-25 05:59:23', 0, NULL, NULL, 0),
(518, 'Thornton Heustace', 'theustacedq@fc2.com', '$2a$04$MuFwd6AE8zcRVjS9Y6LpOuYMh8UBPupEH5qZtBFIvWjFIEGpsiU3q', 42, 0, '2024-02-25 05:59:23', '2024-02-25 05:59:23', 0, NULL, NULL, 0),
(519, 'Janka Dewfall', 'jdewfalldr@posterous.com', '$2a$04$Ky2yiYl80RN59gbAJMgkiONYv.JY1zjbOCSboWrT0k3DYEO1oevxy', 23, 0, '2024-02-25 05:59:23', '2024-02-25 05:59:23', 0, NULL, NULL, 0),
(520, 'Gillie Ziemsen', 'gziemsends@youtube.com', '$2a$04$ORZPPjehTqgNAHY7O5P7Pu9SLI4UL8rSELGzcv/8pQ7SodwnEqaKe', 27, 0, '2024-02-25 05:59:23', '2024-02-25 05:59:23', 0, NULL, NULL, 0),
(521, 'Gaylene Noonan', 'gnoonandt@mlb.com', '$2a$04$ZjZQUslrh8q2UyDObFQAeedykR.ztd1st.LyYnBKod.flSh13G5E6', 33, 0, '2024-02-25 05:59:23', '2024-02-25 05:59:23', 0, NULL, NULL, 0),
(522, 'Lindsey Treadwell', 'ltreadwelldu@lulu.com', '$2a$04$FgmteNG.hqwXJfQ9qn1/veqkcR9r4cYPG/YmmmX2s/ttGVoMkqkDi', 22, 0, '2024-02-25 05:59:23', '2024-02-25 05:59:23', 0, NULL, NULL, 0),
(523, 'Gardie Lowsely', 'glowselydv@angelfire.com', '$2a$04$64tg6HcOqmgnqjrdsaq/QuRLiKPCCCpVBIis1ZTek47OpnJ1.5I.S', 49, 0, '2024-02-25 05:59:23', '2024-02-25 05:59:23', 0, NULL, NULL, 0),
(524, 'Alanna McKerlie', 'amckerliedw@elegantthemes.com', '$2a$04$jaEKezYhKjNZgkfI4RyRqeu/LtVX/9bYRVYWUKVcFG.I5KhUbs3mO', 29, 0, '2024-02-25 05:59:23', '2024-02-25 05:59:23', 0, NULL, NULL, 0),
(525, 'Valentijn Spadeck', 'vspadeckdx@alexa.com', '$2a$04$pqwx5nK4E.I7IeqftSKrM.HRh/srZDnnWp9rSMXcSlq3rx2StGF92', 33, 0, '2024-02-25 05:59:23', '2024-02-25 05:59:23', 0, NULL, NULL, 0),
(526, 'Benedikt Halworth', 'bhalworthdy@examiner.com', '$2a$04$va8xFbXV26hr9XdRJ8yPQOqTqAi2gm2sgjlhIC/iQj.DDvgMuP/f2', 42, 0, '2024-02-25 05:59:23', '2024-02-25 05:59:23', 0, NULL, NULL, 0),
(527, 'Paxton Duffil', 'pduffildz@miitbeian.gov.cn', '$2a$04$3LeCB.pYyjMmeYSwNyDtge8KEBo1Qzt2iu1BP3WDX7xVVTTFg3i6G', 32, 0, '2024-02-25 05:59:23', '2024-02-25 05:59:23', 0, NULL, NULL, 0),
(528, 'Mart Romanet', 'mromanete0@biglobe.ne.jp', '$2a$04$1NMDnA6Yy/ZoB8r0epmN3eFW/POd3a46oNr3N0ikBY1CkoVUB41rG', 34, 0, '2024-02-25 05:59:23', '2024-02-25 05:59:23', 0, NULL, NULL, 0),
(529, 'Westley Freer', 'wfreere1@myspace.com', '$2a$04$/qJe8Wr7ymQumscgm50s3e2SDxb4RgE7Wtpy19hNkjDW0C9FCmlca', 34, 0, '2024-02-25 05:59:23', '2024-02-25 05:59:23', 0, NULL, NULL, 0),
(530, 'Aili Ovize', 'aovizee2@bbc.co.uk', '$2a$04$69hCywJHRUNhPWA3UCmxjeb4BAkCXE3k9iaFBPT.4RUTTKInPjOx2', 22, 0, '2024-02-25 05:59:23', '2024-02-25 05:59:23', 0, NULL, NULL, 0),
(531, 'Sorcha Chaloner', 'schalonere3@discuz.net', '$2a$04$i5FJaMzKrH01XJ3ANr3eBeCf4RYM8Xilg7NMB.bWaj8NVrfoOGpjS', 38, 0, '2024-02-25 05:59:23', '2024-02-25 05:59:23', 0, NULL, NULL, 0),
(532, 'Carny Lieb', 'cliebe4@nhs.uk', '$2a$04$OOwe4otgpGWgKEAhgo7AeO2ynNqDsZHhsqpBs1yVsJXBxbFHfM8Ea', 15, 0, '2024-02-25 05:59:23', '2024-02-25 05:59:23', 0, NULL, NULL, 0),
(533, 'Mufinella Phlipon', 'mphlipone5@edublogs.org', '$2a$04$x6jS5duu8Tls8lsPmtfWSu8r36C9Hq2hYA./xpEsBVj1IhcvD6GbC', 45, 0, '2024-02-25 05:59:23', '2024-02-25 05:59:23', 0, NULL, NULL, 0),
(534, 'Brenda Dorey', 'bdoreye6@tamu.edu', '$2a$04$PYVVqfkgzUbF3l1FAbHVYuURKfs0qybcKJ3wknhrSsg9UJn4MvflW', 23, 0, '2024-02-25 05:59:23', '2024-02-25 05:59:23', 0, NULL, NULL, 0),
(535, 'Karmen Hallgath', 'khallgathe7@creativecommons.org', '$2a$04$6g4MiD7gaEs.vHMEJCF7/uLeQ2rGdk1bA2.gbYzrVIIr9/PHzKlTa', 22, 0, '2024-02-25 05:59:23', '2024-02-25 05:59:23', 0, NULL, NULL, 0),
(536, 'Rodolph Winward', 'rwinwarde8@storify.com', '$2a$04$rGU6suOAiJqPg.wrd2TPXeANlPKpDg6.hBpWDtPMtJwdgBpgjQekK', 32, 0, '2024-02-25 05:59:23', '2024-02-25 05:59:23', 0, NULL, NULL, 0),
(537, 'Gage Dank', 'gdanke9@unicef.org', '$2a$04$IACoQkLTbIrbKhlnzZuRv.wBpUvyu4XhGDeOMw7zpWRnr82Gvrer6', 25, 0, '2024-02-25 05:59:23', '2024-02-25 05:59:23', 0, NULL, NULL, 0),
(538, 'Joby Beachem', 'jbeachemea@marketwatch.com', '$2a$04$tH.8GErEg3E6juU1aVlrEOVXeW04SoZD3QlCxqrdnc4ZptoWP6CaW', 17, 0, '2024-02-25 05:59:23', '2024-02-25 05:59:23', 0, NULL, NULL, 0),
(539, 'Neall Willmott', 'nwillmotteb@state.gov', '$2a$04$U0z8JKPoAXFbFnzrDjcUIOc.rc5t7hFHHT9wsjOra.yAbhXc4NoJu', 42, 0, '2024-02-25 05:59:23', '2024-02-25 05:59:23', 0, NULL, NULL, 0),
(540, 'Sarene Emney', 'semneyec@livejournal.com', '$2a$04$glksqIZKFl4WZ7njgl0ffuU1KW2OJqNNVY46yUWwJ95y8BIMFAJIK', 33, 0, '2024-02-25 05:59:23', '2024-02-25 05:59:23', 0, NULL, NULL, 0),
(541, 'Salaidh Muddle', 'smuddleed@behance.net', '$2a$04$GoZ7NMrIclYQk6.8dyQcF.hj9lYxjwRjdEKqyR7UH.TLPzWvJwpiO', 38, 0, '2024-02-25 05:59:23', '2024-02-25 05:59:23', 0, NULL, NULL, 0),
(542, 'Nani Haskew', 'nhaskewee@un.org', '$2a$04$k8cWMFjL//LNFqUyZNqShuCElLSB9cQUiuRakliUCGS4AEnHd770i', 28, 0, '2024-02-25 05:59:23', '2024-02-25 05:59:23', 0, NULL, NULL, 0),
(543, 'Benny Chardin', 'bchardinef@eventbrite.com', '$2a$04$zJcUwF/mFozBfgFu2YSy4en3Ba65gnDRfGxPJLUO90mdW.k8EBFzO', 50, 0, '2024-02-25 05:59:23', '2024-02-25 05:59:23', 0, NULL, NULL, 0);
INSERT INTO `Users` (`user_id`, `username`, `email`, `password`, `age`, `is_admin`, `created_at`, `updated_at`, `is_blocked`, `block_reason`, `blocked_until`, `block_level`) VALUES
(544, 'Eve Mastrantone', 'emastrantoneeg@google.nl', '$2a$04$cb5yn6ZPmdX.so2eRJXMnOZdRC22BtJDq8SbLcv2wKho7ZWu1y91S', 44, 0, '2024-02-25 05:59:23', '2024-02-25 05:59:23', 0, NULL, NULL, 0),
(545, 'Rafa Tongs', 'rtongseh@go.com', '$2a$04$8TNFz.o8UAohkwHgP8NO1uPYEc6Um2K13SKL.QmO6..awNgqA3Ie.', 19, 0, '2024-02-25 05:59:23', '2024-02-25 05:59:23', 0, NULL, NULL, 0),
(546, 'Nadya Farlowe', 'nfarloweei@phoca.cz', '$2a$04$/oF1YXV69sBRXGOl32XJA.nYGZfu6Tlhj1iR3LV8Nf/zroUmW4.XG', 41, 0, '2024-02-25 05:59:23', '2024-02-25 05:59:23', 0, NULL, NULL, 0),
(547, 'Sonya Wilmington', 'swilmingtonej@economist.com', '$2a$04$egScVAFTwo7f6T0a96MQH.vgkqOlo39sQb40NGnmQ/0Wb5D9ndMkC', 30, 0, '2024-02-25 05:59:23', '2024-02-25 05:59:23', 0, NULL, NULL, 0),
(548, 'Dael Maulkin', 'dmaulkinek@wikispaces.com', '$2a$04$Hk50e6yzQ7icU624pS0QEuBY.yCY9dTYZz/eo29/6xmbwMvn9VnwK', 24, 0, '2024-02-25 05:59:23', '2024-02-25 05:59:23', 0, NULL, NULL, 0),
(549, 'Jonell Artois', 'jartoisel@hostgator.com', '$2a$04$GcVILkly1BLAFzLTpUAaO.GZRVzogJYGMb3kkkzf5DhDv29jOeSO2', 34, 0, '2024-02-25 05:59:23', '2024-02-25 05:59:23', 0, NULL, NULL, 0),
(550, 'Doy Morch', 'dmorchem@amazon.co.uk', '$2a$04$maLDCknRZkkKc6ZYuMKLK.4.XACgfUnKBPJTt7NuvHuAWB45GYada', 20, 0, '2024-02-25 05:59:23', '2024-02-25 05:59:23', 0, NULL, NULL, 0),
(551, 'Kin Corbert', 'kcorberten@upenn.edu', '$2a$04$su37SemkgnfVqJVJoMbQ2OBYvJ66tuTKjplSJOZ7yVQ5uCKNKWxcq', 41, 0, '2024-02-25 05:59:23', '2024-02-25 05:59:23', 0, NULL, NULL, 0),
(552, 'Karia Adelberg', 'kadelbergeo@issuu.com', '$2a$04$cgldrYkEL6KCW8kpM77CHunaVtMRp/rtEQu9b3PxktlaflrVn6UYu', 18, 0, '2024-02-25 05:59:23', '2024-02-25 05:59:23', 0, NULL, NULL, 0),
(553, 'Nickie Pettingall', 'npettingallep@surveymonkey.com', '$2a$04$x5JbYnxXJMD.1t6beRR3A.VJVNVxvoNzxYkgAjSuBUqYBHNWPwpTe', 36, 0, '2024-02-25 05:59:23', '2024-02-25 05:59:23', 0, NULL, NULL, 0),
(554, 'Lettie Szymoni', 'lszymonieq@nih.gov', '$2a$04$Uqgs3Qy5jyKY4C0mzTou/.ck4sAvtvlTAHpBXB2yeiaWyQRjc4KO6', 18, 0, '2024-02-25 05:59:23', '2024-02-25 05:59:23', 0, NULL, NULL, 0),
(555, 'Elizabeth Bolam', 'ebolamer@psu.edu', '$2a$04$WrfSO4u23yoyCZpFN5E93.G5nbprzDIIY2XKm1oO2hTVBq5BbSimO', 44, 0, '2024-02-25 05:59:23', '2024-02-25 05:59:23', 0, NULL, NULL, 0),
(556, 'Barron Greville', 'bgrevillees@phoca.cz', '$2a$04$F42JgBVtHJ9bd4CeyjzJ3exVKMsf8PmbKKoEb6/NvkMhb0mB.a5km', 15, 0, '2024-02-25 05:59:23', '2024-02-25 05:59:23', 0, NULL, NULL, 0),
(557, 'Cherry Andrzejak', 'candrzejaket@google.ca', '$2a$04$Wm815KS.IdYSxCIyHpLcM.kSaoRG.wSbO5Z/LyWcEUeDgKwCfplRS', 38, 0, '2024-02-25 05:59:23', '2024-02-25 05:59:23', 0, NULL, NULL, 0),
(558, 'Bette Skentelbury', 'bskentelburyeu@bluehost.com', '$2a$04$ue2xcuD4H4HZFweW7GJPyO7bp1POGihNQcNOPBB.uHxUSuJ2mwdzG', 50, 0, '2024-02-25 05:59:23', '2024-02-25 05:59:23', 0, NULL, NULL, 0),
(559, 'Haley Hanington', 'hhaningtonev@plala.or.jp', '$2a$04$pEvzrayne6A1YElN.Qo/C..IcH.rb4v5HTyIeF8PuD2fKTbX3d9qG', 47, 0, '2024-02-25 05:59:23', '2024-02-25 05:59:23', 0, NULL, NULL, 0),
(560, 'Carie St. Ledger', 'cstew@goo.ne.jp', '$2a$04$tqYfWhctQAKndstazCBp.emmbtSWWf4q8TBvBbReZ6T6wJ7xOt.LC', 21, 0, '2024-02-25 05:59:23', '2024-02-25 05:59:23', 0, NULL, NULL, 0),
(561, 'Gordy Primett', 'gprimettex@scientificamerican.com', '$2a$04$zgcUgx/NpEAnF6CvpuwKneXHa2zDKahA2Z93qUkz5f.rP1QjaJ6ea', 22, 0, '2024-02-25 05:59:23', '2024-02-25 05:59:23', 0, NULL, NULL, 0),
(562, 'Kaitlin Croux', 'kcrouxey@oaic.gov.au', '$2a$04$V7dOWGD2NqqyymVnyC26H.fqVfHwimgr0P4MU61Sj7Lie3jTOcYwq', 30, 0, '2024-02-25 05:59:23', '2024-02-25 05:59:23', 0, NULL, NULL, 0),
(563, 'Pat Dunlop', 'pdunlopez@ehow.com', '$2a$04$eqEBEqT1UK9kPbJwUro/ruCS77TEKvCddoNEGnK0YjAXTm6/NaD2i', 46, 0, '2024-02-25 05:59:23', '2024-02-25 05:59:23', 0, NULL, NULL, 0),
(564, 'Arel Earnshaw', 'aearnshawf0@de.vu', '$2a$04$xt3gSK2y/62BtS7zdX1NM.2pvocp2tBT5Q/5I75u3NiXLsN2/YEry', 33, 0, '2024-02-25 05:59:23', '2024-02-25 05:59:23', 0, NULL, NULL, 0),
(565, 'Virginia Orme', 'vormef1@discovery.com', '$2a$04$351cogxKy5q6Cmxy6F3LGeoLa4rKYiKej8MIdF6oq4vTsumHuhztq', 22, 0, '2024-02-25 05:59:23', '2024-02-25 05:59:23', 0, NULL, NULL, 0),
(566, 'Cosetta Glasgow', 'cglasgowf2@last.fm', '$2a$04$QNaH/zwGll.YPENL/aEQw.k0E0XA6fDIx6ZT3qQe5H4k41N4fCFse', 28, 0, '2024-02-25 05:59:23', '2024-02-25 05:59:23', 0, NULL, NULL, 0),
(567, 'Dulcinea Diggins', 'ddigginsf3@ftc.gov', '$2a$04$vnPKNqVtXUPuAFKKcnsT.O9SijCjnB7vS8bIzEOTseKeVVag27WrW', 33, 0, '2024-02-25 05:59:23', '2024-02-25 05:59:23', 0, NULL, NULL, 0),
(568, 'Lavinia D\'Angeli', 'ldangelif4@posterous.com', '$2a$04$abPs9Uf8Tm13PzmWir/xEOOdbq1XaqLiHxWYLuM4bfqMJguVypcTG', 21, 0, '2024-02-25 05:59:23', '2024-02-25 05:59:23', 0, NULL, NULL, 0),
(569, 'Bill Douthwaite', 'bdouthwaitef5@foxnews.com', '$2a$04$V.DlsFfm/F6SjgJO3I7auOFWmohi2FLT.6cDuEsnFZIE/gWf2OrHa', 32, 0, '2024-02-25 05:59:23', '2024-02-25 05:59:23', 0, NULL, NULL, 0),
(570, 'Dorian Lettsom', 'dlettsomf6@zimbio.com', '$2a$04$hwjglnUVjj0WM2TRlrxkpO4dgpj8yIeL1LwAfFiu5OKVFf8sHFDi2', 35, 0, '2024-02-25 05:59:23', '2024-02-25 05:59:23', 0, NULL, NULL, 0),
(571, 'Waly Linnett', 'wlinnettf7@sfgate.com', '$2a$04$JedfWlaXe6qFsIJMXnzxdOk6diNaLNqWP.NKKL5WdcOUxHFfTzRM6', 38, 0, '2024-02-25 05:59:23', '2024-02-25 05:59:23', 0, NULL, NULL, 0),
(572, 'Wake Child', 'wchildf8@mashable.com', '$2a$04$5lmmrSCH2GVa0wTXF/Z4le2dxqeqC9szcGC1ZdDIiDPZslBEIYH7i', 48, 0, '2024-02-25 05:59:23', '2024-02-25 05:59:23', 0, NULL, NULL, 0),
(573, 'Dyane Soutter', 'dsoutterf9@weather.com', '$2a$04$2OcmBhCAsFpe46u0BhHgv..z.bVg/f1YTQUdJp9FxfEyExjy2HMFO', 36, 0, '2024-02-25 05:59:23', '2024-02-25 05:59:23', 0, NULL, NULL, 0),
(574, 'Shalna Matignon', 'smatignonfa@techcrunch.com', '$2a$04$M9fnzVEsCiLPO2RyJLjpBevbXVXHN8VdbEZ3P47v4ZhQb/Au2n.Ye', 44, 0, '2024-02-25 05:59:23', '2024-02-25 05:59:23', 0, NULL, NULL, 0),
(575, 'Baird Meaders', 'bmeadersfb@amazonaws.com', '$2a$04$zWAELd5QLvXFjEiVpPeJ.OzRRKjnb.EgEU8blbFW5rF0k/4BNtgmi', 29, 0, '2024-02-25 05:59:23', '2024-02-25 05:59:23', 0, NULL, NULL, 0),
(576, 'Alessandro MacCombe', 'amaccombefc@wunderground.com', '$2a$04$fbx5mHDw2xs1dZHO.6iGeOAD73EjbOR1DrTjK29Gi/6AcIrTXgKey', 37, 0, '2024-02-25 05:59:23', '2024-02-25 05:59:23', 0, NULL, NULL, 0),
(577, 'Curr Ferrand', 'cferrandfd@phoca.cz', '$2a$04$ZKAq9tdFHJbPmP3RHZ6m/eSx7QSy.3LKShxid4lNkjcX7.7Pgn8N6', 30, 0, '2024-02-25 05:59:23', '2024-02-25 05:59:23', 0, NULL, NULL, 0),
(578, 'Thorny Kurten', 'tkurtenfe@wp.com', '$2a$04$GAQQAwc/7RCpxdgiDE5xMOYWbtRQP3.7neuvpKxvQBXLIw1eWMN2u', 35, 0, '2024-02-25 05:59:23', '2024-02-25 05:59:23', 0, NULL, NULL, 0),
(579, 'Florentia Cottee', 'fcotteeff@ycombinator.com', '$2a$04$VSKwYLQqejhH.Mc4QncGZ.6JA6Z6A6X4y0pRapXTLG/dsq5tIF806', 36, 0, '2024-02-25 05:59:23', '2024-02-25 05:59:23', 0, NULL, NULL, 0),
(580, 'Hetty Heskey', 'hheskeyfg@networkadvertising.org', '$2a$04$99yaUKJ/ge2T2fJVvESTyON1u27DeA1t3mLl7tkQaGjvl0/Q5DrnW', 47, 0, '2024-02-25 05:59:23', '2024-02-25 05:59:23', 0, NULL, NULL, 0),
(581, 'Rozanne Gravestone', 'rgravestonefh@samsung.com', '$2a$04$u0AiireLGapqQGC6UvkA4eQxbFMHnko.GIpHhGvxfDiBFXIm00Ym6', 44, 0, '2024-02-25 05:59:23', '2024-02-25 05:59:23', 0, NULL, NULL, 0),
(582, 'Clemmie Rodger', 'crodgerfi@shutterfly.com', '$2a$04$xoL8b6.OEhv0i2wuyZW6Ju4qTdr2q0lWB/Kfz79vmdpC1bmOzVaxC', 42, 0, '2024-02-25 05:59:23', '2024-02-25 05:59:23', 0, NULL, NULL, 0),
(583, 'Shelden Bewshaw', 'sbewshawfj@tinypic.com', '$2a$04$XobMsvj97JAVHP5GVxnBb.VvEGR1JFX8srbSkL1/D9LswTxsRoquq', 34, 0, '2024-02-25 05:59:23', '2024-02-25 05:59:23', 0, NULL, NULL, 0),
(584, 'Domeniga Day', 'ddayfk@soup.io', '$2a$04$5hyH0zcCKnRbGF3y.VdBHuqRNVZ7Lj0CpoMFBAy74moe5QaVhEH5O', 21, 0, '2024-02-25 05:59:23', '2024-02-25 05:59:23', 0, NULL, NULL, 0),
(585, 'Devin O\'Cuddie', 'docuddiefl@wikimedia.org', '$2a$04$ho265gD4l7fEFgkG/5F/lu7D4R/MC62xOEIqBDQMMfnOXVsjpxNGu', 19, 0, '2024-02-25 05:59:23', '2024-02-25 05:59:23', 0, NULL, NULL, 0),
(586, 'Bree Froggatt', 'bfroggattfm@comcast.net', '$2a$04$jNJjPtBiZtNUWCkW8omN2eca8jHZ29OfeT5RHIzjy9FZ5LRnAWFtm', 42, 0, '2024-02-25 05:59:23', '2024-02-25 05:59:23', 0, NULL, NULL, 0),
(587, 'Lianna Sircomb', 'lsircombfn@feedburner.com', '$2a$04$ur5iUD1wuAuejx0m/h5rb.0Dq/wVwQP/m2SKIXji./jevf.w2vwZq', 32, 0, '2024-02-25 05:59:23', '2024-02-25 05:59:23', 0, NULL, NULL, 0),
(588, 'Vanni Nimmo', 'vnimmofo@blogspot.com', '$2a$04$JdNe2t9gcs4y6ai4EfWnY.SFAaZh7JYT2ZMGUmNmkT6zdAt0i1vPe', 25, 0, '2024-02-25 05:59:23', '2024-02-25 05:59:23', 0, NULL, NULL, 0),
(589, 'Christina Saunper', 'csaunperfp@joomla.org', '$2a$04$AMorhXr8GFy9PKaVfbi4eOMXE0/65zIZH08PdFkT9g9yV097hYu86', 36, 0, '2024-02-25 05:59:23', '2024-02-25 05:59:23', 0, NULL, NULL, 0),
(590, 'Gloriana Hryniewicz', 'ghryniewiczfq@sitemeter.com', '$2a$04$W.HRzGEdILKicA4psdD1furNRUkaKMUCdEMXCyh/90iBoR5sg68Pa', 17, 0, '2024-02-25 05:59:23', '2024-02-25 05:59:23', 0, NULL, NULL, 0),
(591, 'Bobbi Francescoccio', 'bfrancescocciofr@shop-pro.jp', '$2a$04$IkUfH6M9kCDLKpaUGiN4Ieqkv2A1SR1uF0sjhfyCByx0RgJuYgoG6', 19, 0, '2024-02-25 05:59:23', '2024-02-25 05:59:23', 0, NULL, NULL, 0),
(592, 'Brice Daldry', 'bdaldryfs@moonfruit.com', '$2a$04$ELATnez6.hkcT3lz/LEnVemlxj4TRYomGhtU0jLwWwheMF3HhMwLO', 16, 0, '2024-02-25 05:59:23', '2024-02-25 05:59:23', 0, NULL, NULL, 0),
(593, 'Beatrice Jones', 'bjonesft@twitpic.com', '$2a$04$wCz7ujC9w7in2SCYaNwn4.Vz4ic/Fd00kDy0ATu5vfzNE2JwLilVS', 37, 0, '2024-02-25 05:59:24', '2024-02-25 05:59:24', 0, NULL, NULL, 0),
(594, 'Ericha Culbert', 'eculbertfu@tripod.com', '$2a$04$aqOd8Jr9W9DCmz3v9fKcDuSk7IYFezAAIidl92C5JE4Mt04W79Hq2', 36, 0, '2024-02-25 05:59:24', '2024-02-25 05:59:24', 0, NULL, NULL, 0),
(595, 'Delphinia Carss', 'dcarssfv@wufoo.com', '$2a$04$uVEI.Xq/kXrhXt.M6D11C.MV5N5n9TLn3ciaHSo8czF9SdabPomXG', 16, 0, '2024-02-25 05:59:24', '2024-02-25 05:59:24', 0, NULL, NULL, 0),
(596, 'Charlene Artus', 'cartusfw@nifty.com', '$2a$04$AH7qPRmeftVVBDndWODeiectXlveZ6IhgQglRYe9HH1za0QcnBspi', 20, 0, '2024-02-25 05:59:24', '2024-02-25 05:59:24', 0, NULL, NULL, 0),
(597, 'Violette Dreini', 'vdreinifx@tiny.cc', '$2a$04$yjcWkbg2VCTXtUvduyl20eBkdytBcbS/FoHattsvkQ8XVO2UKLsv2', 43, 0, '2024-02-25 05:59:24', '2024-02-25 05:59:24', 0, NULL, NULL, 0),
(598, 'Karoline Attwill', 'kattwillfy@wordpress.org', '$2a$04$Zk4cmvxQsidkV.NbhsgwjuSQBwbfTAhS6cuPKd5ky5RN5ZBc8QHd6', 41, 0, '2024-02-25 05:59:24', '2024-02-25 05:59:24', 0, NULL, NULL, 0),
(599, 'Randi Castagneto', 'rcastagnetofz@pinterest.com', '$2a$04$5CJmI/vk6RsMUY2TVES2NewQufbV7Xuxl89cppgfWEBhGM9j0ruJG', 41, 0, '2024-02-25 05:59:24', '2024-02-25 05:59:24', 0, NULL, NULL, 0),
(600, 'Washington Lightowler', 'wlightowlerg0@artisteer.com', '$2a$04$5uh1ByykOCvMk7JS5TlsxOkKbwJ4vqDAqdvZaQ2DDAg/FkHph/fau', 32, 0, '2024-02-25 05:59:24', '2024-02-25 05:59:24', 0, NULL, NULL, 0),
(601, 'Valery Giddy', 'vgiddyg1@wp.com', '$2a$04$MnfpuDpZx2QGPMFfdiVHtOTl3bedmYBN1CeSJFBrZlOxw97UbcqUq', 41, 0, '2024-02-25 05:59:24', '2024-02-25 05:59:24', 0, NULL, NULL, 0),
(602, 'Jamie Fellos', 'jfellosg2@photobucket.com', '$2a$04$n9V41IM99yZ19I2c.uRfTO8.dVzjduWjtjJmWDrJ4OasXhY/HrGZa', 50, 0, '2024-02-25 05:59:24', '2024-02-25 05:59:24', 0, NULL, NULL, 0),
(603, 'Marcelia Cholomin', 'mcholoming3@addthis.com', '$2a$04$lbzP20qM800WjJw99Ho7C.p4qSsiNjHNre7YmOM1JerGI1Pp/iChq', 29, 0, '2024-02-25 05:59:24', '2024-02-25 05:59:24', 0, NULL, NULL, 0),
(604, 'Oralie Kleuer', 'okleuerg4@telegraph.co.uk', '$2a$04$WOcOGRPqSCuoj.G7OSX1EO2DDO6HqMM5TB.74dvyMASXQhtd3XGf.', 23, 0, '2024-02-25 05:59:24', '2024-02-25 05:59:24', 0, NULL, NULL, 0),
(605, 'Jackson Bladge', 'jbladgeg5@latimes.com', '$2a$04$mjs4gAMt3N2CcSUATpi56uQA8glUCgiciEB2Kq/19FmieupficP4y', 27, 0, '2024-02-25 05:59:24', '2024-02-25 05:59:24', 0, NULL, NULL, 0),
(606, 'Charlotta Allen', 'calleng6@unblog.fr', '$2a$04$uKbezLAyiLvn3WSRrr7yI.WSo.echdMteVrhGcHyZFArhrFRb/V9q', 24, 0, '2024-02-25 05:59:24', '2024-02-25 05:59:24', 0, NULL, NULL, 0),
(607, 'Duky Allcott', 'dallcottg7@uiuc.edu', '$2a$04$g.yjvnDmDN09VINsil04V.aRz7QWA/mzmfDKl19JN4/Y89eZveGyy', 41, 0, '2024-02-25 05:59:24', '2024-02-25 05:59:24', 0, NULL, NULL, 0),
(608, 'Noelle Duncan', 'nduncang8@fastcompany.com', '$2a$04$ZsfWFdhGN80DRt./c68atujUYt92iww9D0q6Xw1yTTUif.N2LJZRu', 27, 0, '2024-02-25 05:59:24', '2024-02-25 05:59:24', 0, NULL, NULL, 0),
(609, 'Catriona Galvin', 'cgalving9@ox.ac.uk', '$2a$04$zlSUHVC9.KJ67QoLwy.LdOo4eFxGkY5gpx7yqvgXWTO3S2gbUz0J6', 33, 0, '2024-02-25 05:59:24', '2024-02-25 05:59:24', 0, NULL, NULL, 0),
(610, 'Codie Scoles', 'cscolesga@washingtonpost.com', '$2a$04$EkcyrrMYL19Y7EBQdt/yGO2oKbPojxea7xhzP0qtLqLFz/SMFqAd.', 23, 0, '2024-02-25 05:59:24', '2024-02-25 05:59:24', 0, NULL, NULL, 0),
(611, 'Phoebe Iddy', 'piddygb@chron.com', '$2a$04$gbzMp5YcG23ldvdjYD08kuqt4BE6MyGUs2qJNTVDJznoe1CmpTE1C', 20, 0, '2024-02-25 05:59:24', '2024-02-25 05:59:24', 0, NULL, NULL, 0),
(612, 'Tybalt Swindlehurst', 'tswindlehurstgc@soundcloud.com', '$2a$04$diz0Jpm5rmGnmW4uJ9StVOEOQdUAr5UWeka3TKObtnYXLnw.JCJW.', 17, 0, '2024-02-25 05:59:24', '2024-02-25 05:59:24', 0, NULL, NULL, 0),
(613, 'Heda Dowda', 'hdowdagd@google.cn', '$2a$04$T58iASLdCFuf2LAIuz.FxebOzJroIoRrI0EspIRdzrHojgym9GwQa', 15, 0, '2024-02-25 05:59:24', '2024-02-25 05:59:24', 0, NULL, NULL, 0),
(614, 'Luelle Rodson', 'lrodsonge@unesco.org', '$2a$04$Oqeiw2dLEO0RqSNh8BCNs.vifEZPQsZYnSXS2QvrhIx5/G3Ik6YeO', 36, 0, '2024-02-25 05:59:24', '2024-02-25 05:59:24', 0, NULL, NULL, 0),
(615, 'Tony Barge', 'tbargegf@washington.edu', '$2a$04$6AY//ju6hyASv8wx3X.VRukUfEEEBw1TuYQ7Qbs9Yuw/cJT590MA2', 17, 0, '2024-02-25 05:59:24', '2024-02-25 05:59:24', 0, NULL, NULL, 0),
(616, 'Kristin Storr', 'kstorrgg@ucla.edu', '$2a$04$.kvUw48un9i0CJYsrgf8V.m1jHXimaFQBx0YUWsZotQ4d7zEJormK', 50, 0, '2024-02-25 05:59:24', '2024-02-25 05:59:24', 0, NULL, NULL, 0),
(617, 'Oliver Denziloe', 'odenziloegh@pen.io', '$2a$04$vS8wVgRjyoGIBXZZuqKV3.fTEpIqxuMFTqDnjzZEVRiBBBA2XkdfK', 38, 0, '2024-02-25 05:59:24', '2024-02-25 05:59:24', 0, NULL, NULL, 0),
(618, 'Cash Anselmi', 'canselmigi@youku.com', '$2a$04$HvZJ0SIiqhH9XIRNC42Kxe8613S0UDWObUJXq03.XmBJ81d0E/Dly', 30, 0, '2024-02-25 05:59:24', '2024-02-25 05:59:24', 0, NULL, NULL, 0),
(619, 'Tammy Joscelyn', 'tjoscelyngj@nymag.com', '$2a$04$3EKjj5An2kGVDUUXOsDjguyjAVKSyPXL0VUXD7rTeJ0v.KB7.f3em', 30, 0, '2024-02-25 05:59:24', '2024-02-25 05:59:24', 0, NULL, NULL, 0),
(620, 'Myrtie Matschek', 'mmatschekgk@yelp.com', '$2a$04$HpKtJE/C3eaZd3IH5.vN9e1sOiEnBH9yFZdEucvh7LZD9xtwHQaYi', 35, 0, '2024-02-25 05:59:24', '2024-02-25 05:59:24', 0, NULL, NULL, 0),
(621, 'Trumaine Beaney', 'tbeaneygl@51.la', '$2a$04$7umsdf0kbZEPQ9fRD0xJ7OGZw1jQLl3XjvUspSDumfS5bppKfW2Mm', 16, 0, '2024-02-25 05:59:24', '2024-02-25 05:59:24', 0, NULL, NULL, 0),
(622, 'Stan Cully', 'scullygm@gmpg.org', '$2a$04$r3Ys7/7.8xg1Q.7ARblktOBOu.kE0X75G/C0ALdbGRns6mRD6o7V.', 42, 0, '2024-02-25 05:59:24', '2024-02-25 05:59:24', 0, NULL, NULL, 0),
(623, 'Hart Farrimond', 'hfarrimondgn@miitbeian.gov.cn', '$2a$04$XZzVPYqx2I1y0gGo7vAD9.FXKuro29M9V62iLLMNpw9LNviZBRCby', 40, 0, '2024-02-25 05:59:24', '2024-02-25 05:59:24', 0, NULL, NULL, 0),
(624, 'Jae Cuschieri', 'jcuschierigo@xrea.com', '$2a$04$RQZo4XyMp5NyYRI5Wb5P7OJtyId9j1YJKgdlqFzSVC055pkXggn4.', 30, 0, '2024-02-25 05:59:24', '2024-02-25 05:59:24', 0, NULL, NULL, 0),
(625, 'Lise Freschini', 'lfreschinigp@si.edu', '$2a$04$cItsRO4zsNC2aLdlf.iR8.SaHL5TZVVJ8SqKThW/3Cp4Wf9CH32kC', 48, 0, '2024-02-25 05:59:24', '2024-02-25 05:59:24', 0, NULL, NULL, 0),
(626, 'Laurie Bullman', 'lbullmangq@google.es', '$2a$04$EE/F.CzAN42gkaL2UzmFa.nNhla4sIn9t3WYPvfa3XWKNb/xOhw1i', 25, 0, '2024-02-25 05:59:24', '2024-02-25 05:59:24', 0, NULL, NULL, 0),
(627, 'Cissiee Pollak', 'cpollakgr@hhs.gov', '$2a$04$7tdjDDb6UrPJMz3IdDOKLe7EXp.PVTmmZUxWEqD.iDCH.i.mPyugG', 40, 0, '2024-02-25 05:59:24', '2024-02-25 05:59:24', 0, NULL, NULL, 0),
(628, 'Trenna Coots', 'tcootsgs@shinystat.com', '$2a$04$pex.fZa7NAXDNZFGcI7XX.IA7KaoT6LRNnbqibxNxKZ3P3BBc3nXC', 49, 0, '2024-02-25 05:59:24', '2024-02-25 05:59:24', 0, NULL, NULL, 0),
(629, 'Reggy Shallcross', 'rshallcrossgt@loc.gov', '$2a$04$BLD2O782dg4b.yewSXi10eC5Ovl6Cg70qyMQXB5PJDGhHWdrqMhzK', 25, 0, '2024-02-25 05:59:24', '2024-02-25 05:59:24', 0, NULL, NULL, 0),
(630, 'Ambur Loxly', 'aloxlygu@indiegogo.com', '$2a$04$.yR6KpWbUWWS1edlYHw1wOIOfFdo8Jl.cU12Fkgwtzx91QOZ/xwry', 24, 0, '2024-02-25 05:59:24', '2024-02-25 05:59:24', 0, NULL, NULL, 0),
(631, 'Augustine Cappel', 'acappelgv@google.com.au', '$2a$04$UWiIwkkOgq3QNQwApV.odeDiSplsi7cQsJSDZS83BiOA20otFxsSe', 15, 0, '2024-02-25 05:59:24', '2024-02-25 05:59:24', 0, NULL, NULL, 0),
(632, 'Drud Yelden', 'dyeldengw@free.fr', '$2a$04$V0ouEyxayQUhQL1lMXZJX.OdRN6maGpxalfSCtHPW4sMfjmfhAxF6', 30, 0, '2024-02-25 05:59:24', '2024-02-25 05:59:24', 0, NULL, NULL, 0),
(633, 'Justine Smorthwaite', 'jsmorthwaitegx@mayoclinic.com', '$2a$04$bD49sLf/CjcTTIADF1mI9uSus5NMBYR7tdY3iGEml5kf4b9ucS0Dy', 33, 0, '2024-02-25 05:59:24', '2024-02-25 05:59:24', 0, NULL, NULL, 0),
(634, 'Hervey Fowley', 'hfowleygy@behance.net', '$2a$04$wu4u9PAl4WedZ3HajDO5d.ZyRJB3G4VLqdzLxWzYqnHOPG54SDbja', 38, 0, '2024-02-25 05:59:24', '2024-02-25 05:59:24', 0, NULL, NULL, 0),
(635, 'Flossy Wymer', 'fwymergz@state.tx.us', '$2a$04$vcXzd2pXdXB69SaXU8LfrOXc.z42njEZFh/Oathjor5ozWDRvnm7S', 27, 0, '2024-02-25 05:59:24', '2024-02-25 05:59:24', 0, NULL, NULL, 0),
(636, 'Celestina Walters', 'cwaltersh0@ycombinator.com', '$2a$04$dsq82JUhzn9awa/UGhKio.J7abNnIsaDv0uvcGsuI7OR3PAuyopTK', 37, 0, '2024-02-25 05:59:24', '2024-02-25 05:59:24', 0, NULL, NULL, 0),
(637, 'Godiva Needs', 'gneedsh1@stanford.edu', '$2a$04$hURWAY0cUyC7zJeaDCFLfOITwlGKj0We19HYv9EG/7QPUJ1rnHm.W', 45, 0, '2024-02-25 05:59:24', '2024-02-25 05:59:24', 0, NULL, NULL, 0),
(638, 'Verine Fullagar', 'vfullagarh2@ucoz.com', '$2a$04$UiqD56kG.3iwh0WBR73bAuPuZ7OpHx8sMQ6gK7VOxk8P/S./HpC4C', 40, 0, '2024-02-25 05:59:24', '2024-02-25 05:59:24', 0, NULL, NULL, 0),
(639, 'Darby O\'Hone', 'dohoneh3@cnn.com', '$2a$04$VWaonblD2793CJb/gyO9TOd2ddRqWgZv.6HBQpC3qJfhKD90spKmm', 38, 0, '2024-02-25 05:59:24', '2024-02-25 05:59:24', 0, NULL, NULL, 0),
(640, 'Shaun Kolakowski', 'skolakowskih4@independent.co.uk', '$2a$04$cP9SAXU/X4XWzyVzx1oikuKMhmCkKQLuvuO2aaqmak9ZS69nUDIGi', 28, 0, '2024-02-25 05:59:24', '2024-02-25 05:59:24', 0, NULL, NULL, 0),
(641, 'Kalie Truce', 'ktruceh5@vistaprint.com', '$2a$04$QJanjcZYotFxBr7mQhyzBuuKn.0B4C729iywnRe9xVIgeuhNGcTUi', 43, 0, '2024-02-25 05:59:24', '2024-02-25 05:59:24', 0, NULL, NULL, 0),
(642, 'Nicoli Lumox', 'nlumoxh6@yellowbook.com', '$2a$04$TMuu..dzWzJ8IT/HH3BZIuoGen6HwGRZkjmsI7xjp5vZVCQ4zP.9W', 18, 0, '2024-02-25 05:59:24', '2024-02-25 05:59:24', 0, NULL, NULL, 0),
(643, 'Melinde Bassingden', 'mbassingdenh7@imgur.com', '$2a$04$djqryODdQu3XPN2K8L.Vp.1Nb6jvaoZLF/VOBifQ0ciQikB463QUy', 25, 0, '2024-02-25 05:59:24', '2024-02-25 05:59:24', 0, NULL, NULL, 0),
(644, 'Leland Rumney', 'lrumneyh8@redcross.org', '$2a$04$i6Vueq2ju2CWo888lNIak.WNyAuh1RsLVSk1dIGSusxxMK/BOViiS', 20, 0, '2024-02-25 05:59:24', '2024-02-25 05:59:24', 0, NULL, NULL, 0),
(645, 'Jaquelyn Riddoch', 'jriddochh9@ted.com', '$2a$04$8L0PlLF2IHJhUoDiIKfPTuvbEJ./mHGmDKi2WtSNp.7V9dsVML97G', 45, 0, '2024-02-25 05:59:24', '2024-02-25 05:59:24', 0, NULL, NULL, 0),
(646, 'Grethel Barlow', 'gbarlowha@yolasite.com', '$2a$04$XI1UJPsR/82q0TSZxVMxM.PoySTzeFbGtpa6QccOmztwyTm8nc1sW', 38, 0, '2024-02-25 05:59:24', '2024-02-25 05:59:24', 0, NULL, NULL, 0),
(647, 'Teodoor De Santos', 'tdehb@51.la', '$2a$04$amMxtoQKtvosUm0iVutAk.w3VxzgRw5fwmgiyrnyHO0ATvlMCw8jO', 39, 0, '2024-02-25 05:59:24', '2024-02-25 05:59:24', 0, NULL, NULL, 0),
(648, 'Killie Sneyd', 'ksneydhc@nymag.com', '$2a$04$FdJRHECn.fXsQlfTQpLXQOpxGbUyRKaqZkpeae4NE6cW4BlGSNGJW', 37, 0, '2024-02-25 05:59:24', '2024-02-25 05:59:24', 0, NULL, NULL, 0),
(649, 'Dun Jandak', 'djandakhd@edublogs.org', '$2a$04$FntB8NUd5nOXNsAEBhl6E.Y7tjdNuMyajJywVSPnDupAIm4GMThS2', 16, 0, '2024-02-25 05:59:24', '2024-02-25 05:59:24', 0, NULL, NULL, 0),
(650, 'George Averay', 'gaverayhe@cdc.gov', '$2a$04$fUREJMNcZ6/y80uWUnIltOQYnS2kX3urARfUcbneIE349emKRdhmG', 30, 0, '2024-02-25 05:59:24', '2024-02-25 05:59:24', 0, NULL, NULL, 0),
(651, 'Cesya Hartley', 'chartleyhf@ocn.ne.jp', '$2a$04$eZhMfHdhCtY/hUqWtQ.reegY90Uw2yOIFPf4K4oY0hcDeTraDGUPC', 27, 0, '2024-02-25 05:59:24', '2024-02-25 05:59:24', 0, NULL, NULL, 0),
(652, 'Clareta Fetherston', 'cfetherstonhg@webeden.co.uk', '$2a$04$jxs4NJBHEaHfvQxFjVjl7O6Ua3g8bGN7hCoxRLYBePF0ty6hYKQ12', 31, 0, '2024-02-25 05:59:24', '2024-02-25 05:59:24', 0, NULL, NULL, 0),
(653, 'Rorie McGoogan', 'rmcgooganhh@uol.com.br', '$2a$04$sz.vqkxJe4AmGfe.SKt/I.0/EAyAg3tGzSy6zC7i/V7DccE0Q2H3q', 38, 0, '2024-02-25 05:59:24', '2024-02-25 05:59:24', 0, NULL, NULL, 0),
(654, 'Sioux Wimlett', 'swimletthi@ucoz.ru', '$2a$04$G37XJuJmO45SpRXi52z6m.VEKuUpl7b2ni/5mJ3rVeN1X82mtubL6', 44, 0, '2024-02-25 05:59:24', '2024-02-25 05:59:24', 0, NULL, NULL, 0),
(655, 'Sam Gopsell', 'sgopsellhj@scientificamerican.com', '$2a$04$pSgJxdi0OwHLFFHzkm941eVNAoxbchPw3YhyyVz5D4/91ZedNacPK', 36, 0, '2024-02-25 05:59:24', '2024-02-25 05:59:24', 0, NULL, NULL, 0),
(656, 'Ame Orneles', 'aorneleshk@ihg.com', '$2a$04$r6WSOq/cd6QnHLUiWpDgbeydqPphHwNdDCF407jwhua4.Hx8fkXuu', 25, 0, '2024-02-25 05:59:24', '2024-02-25 05:59:24', 0, NULL, NULL, 0),
(657, 'Galina Toward', 'gtowardhl@redcross.org', '$2a$04$.8kdlziVVcvUem0HooQGEOavo.fiq40.d0/wQX4Qy7ZfzFk4akqoa', 42, 0, '2024-02-25 05:59:24', '2024-02-25 05:59:24', 0, NULL, NULL, 0),
(658, 'Maje Levins', 'mlevinshm@hibu.com', '$2a$04$nXCmA4drCcHwUBB.IL7HFe02Ni97PnCW64G/V0oeRjemBuA/CQTyu', 15, 0, '2024-02-25 05:59:24', '2024-02-25 05:59:24', 0, NULL, NULL, 0),
(659, 'Raeann Wegner', 'rwegnerhn@ed.gov', '$2a$04$RP2ZZWBlBKcbpS5D.X/31OwBuAveVLlLIsQZcZ8hy73VePjR1rY.m', 48, 0, '2024-02-25 05:59:24', '2024-02-25 05:59:24', 0, NULL, NULL, 0),
(660, 'Missie Fulkes', 'mfulkesho@people.com.cn', '$2a$04$dY1IMZUQWl6fIyRGNEgAyuTKGo1xNv0Wh/GhU2D0X.rg7OTn1Kixq', 41, 0, '2024-02-25 05:59:24', '2024-02-25 05:59:24', 0, NULL, NULL, 0),
(661, 'Dorris Wrist', 'dwristhp@youtube.com', '$2a$04$uetpgqixV.cxn68Ou0dqJOa95S5b2mKBOrr/vSjwwNyE97UtRNOEK', 23, 0, '2024-02-25 05:59:24', '2024-02-25 05:59:24', 0, NULL, NULL, 0),
(662, 'Ruben Oliphant', 'roliphanthq@histats.com', '$2a$04$aG5IAPUK/jz.pbiK60Zoa.o5Rmi5up1brBWLdiryhfqRpxJ7QjV22', 38, 0, '2024-02-25 05:59:24', '2024-02-25 05:59:24', 0, NULL, NULL, 0),
(663, 'Lexis Minto', 'lmintohr@archive.org', '$2a$04$.HG9t.um7TIYGRVJbNVVnOTZqvCXak1vfuYJd61QM2EVB2sP.NP/u', 26, 0, '2024-02-25 05:59:24', '2024-02-25 05:59:24', 0, NULL, NULL, 0),
(664, 'Tirrell Yarmouth', 'tyarmouthhs@blinklist.com', '$2a$04$g2elWcfA6DNWAeYe7JG53usVUxiBcl8N8IUG8WO2y2xr62HthDEbi', 23, 0, '2024-02-25 05:59:24', '2024-02-25 05:59:24', 0, NULL, NULL, 0),
(665, 'Normie Arendsen', 'narendsenht@usgs.gov', '$2a$04$4OPM4lsIZo4WHfKsE0O3cO.yqLhYZaXemO0w8BCXvnmg7zffAQ9oa', 49, 0, '2024-02-25 05:59:24', '2024-02-25 05:59:24', 0, NULL, NULL, 0),
(666, 'Alisander Forsbey', 'aforsbeyhu@mayoclinic.com', '$2a$04$7sRcZ/juKZ9/0TKYOZEfUOU7ZGxFnOttpYTfiGFJov2mi3ilbmf/m', 24, 0, '2024-02-25 05:59:24', '2024-02-25 05:59:24', 0, NULL, NULL, 0),
(667, 'Carmon Spraggs', 'cspraggshv@uol.com.br', '$2a$04$8GONL/JUYCY7mp.AJLjwQ.RzcEQEPQm4J9yD3liTFPK/IDJxg/ivq', 38, 0, '2024-02-25 05:59:24', '2024-02-25 05:59:24', 0, NULL, NULL, 0),
(668, 'Angelina Digwood', 'adigwoodhw@whitehouse.gov', '$2a$04$QPw0m0UrrT3w880gi6BnfOe5ItC68a/TkXTz5hUAireV81Gsq3vO2', 35, 0, '2024-02-25 05:59:24', '2024-02-25 05:59:24', 0, NULL, NULL, 0),
(669, 'Lilas Sherebrooke', 'lsherebrookehx@huffingtonpost.com', '$2a$04$eh9l73AG29WXwswyNHt7qOJp95q1t29zh3yD9Kis1rZ2kiMUX60ZC', 33, 0, '2024-02-25 05:59:24', '2024-02-25 05:59:24', 0, NULL, NULL, 0),
(670, 'Austen Labbet', 'alabbethy@rambler.ru', '$2a$04$kt.QF.HQz7OLtyEpViwFmeOjHVJsDf5g7QNXdovHoDDf1QWZbBc9m', 15, 0, '2024-02-25 05:59:24', '2024-02-25 05:59:24', 0, NULL, NULL, 0),
(671, 'Merry Cutting', 'mcuttinghz@reddit.com', '$2a$04$7DDxop318GXkKtuTMrE3b.NwWCXRMNY1kh/yK.ypLJzU0J7bIpla2', 30, 0, '2024-02-25 05:59:24', '2024-02-25 05:59:24', 0, NULL, NULL, 0),
(672, 'Eamon Cranshaw', 'ecranshawi0@cdc.gov', '$2a$04$1wU4EpHfD8Qug60MyDJ1zOziIHWAYJWo4Bl/56ssezYMaqV9EvwBG', 47, 0, '2024-02-25 05:59:25', '2024-02-25 05:59:25', 0, NULL, NULL, 0),
(673, 'Henryetta Langdale', 'hlangdalei1@last.fm', '$2a$04$rfHBGQ1rbmDYSVOSzM0NkeeykxRak4Iuuw17h.DCjKZftR98Bx0PS', 46, 0, '2024-02-25 05:59:25', '2024-02-25 05:59:25', 0, NULL, NULL, 0),
(674, 'Mildred Giovannilli', 'mgiovannillii2@desdev.cn', '$2a$04$.TS72Vz0PFIrnA3oh/Thee37s6bGRyo6BwnX7BvAvf597zeiv4F8G', 18, 0, '2024-02-25 05:59:25', '2024-02-25 05:59:25', 0, NULL, NULL, 0),
(675, 'Etta Brunning', 'ebrunningi3@usgs.gov', '$2a$04$teKeEHEXYMUpJULvgPuoYOjlczeDoQ8F1.H9.CBMZgD9qE77oiCoW', 45, 0, '2024-02-25 05:59:25', '2024-02-25 05:59:25', 0, NULL, NULL, 0),
(676, 'Emlyn Fowley', 'efowleyi4@booking.com', '$2a$04$KUEkz/9nqsoDATzMwSPNwu2YWebwK.mYzI4V3mpi2m6KCTh6XnImK', 36, 0, '2024-02-25 05:59:25', '2024-02-25 05:59:25', 0, NULL, NULL, 0),
(677, 'Roz Iston', 'ristoni5@slate.com', '$2a$04$Oa0bGNoq.Xo6PezGJgk7iOaGYTxjPp.xXVzZmFC0jMiSthd9NcsXW', 30, 0, '2024-02-25 05:59:25', '2024-02-25 05:59:25', 0, NULL, NULL, 0),
(678, 'Kyrstin Doe', 'kdoei6@flavors.me', '$2a$04$oG2LwRPTTTrwvit5CeCBwe0lUSD7y/8eu2.9N1kC/d.q8qae9Y/hu', 26, 0, '2024-02-25 05:59:25', '2024-02-25 05:59:25', 0, NULL, NULL, 0),
(679, 'Royce Henriksson', 'rhenrikssoni7@networkadvertising.org', '$2a$04$u0qYr.sOOBsKU2FOEOdfvuNw5vCriHcV5Ou/lx.xmwAN25YCnNqqC', 30, 0, '2024-02-25 05:59:25', '2024-02-25 05:59:25', 0, NULL, NULL, 0),
(680, 'Kerri Medcalf', 'kmedcalfi8@slashdot.org', '$2a$04$33QsOpQ/xeLuCLLu0O9RrOaeOx6/yzJ3LhfPStZtYNVwCMfu7GX6u', 36, 0, '2024-02-25 05:59:25', '2024-02-25 05:59:25', 0, NULL, NULL, 0),
(681, 'Tim Quipp', 'tquippi9@netvibes.com', '$2a$04$SOSWRqycxkkMyHfT8roITemh285DgTv65NC2pnaXEGjHM.sUbosbW', 34, 0, '2024-02-25 05:59:25', '2024-02-25 05:59:25', 0, NULL, NULL, 0),
(682, 'Danni Deuss', 'ddeussia@washington.edu', '$2a$04$0zju/8X7rkBEcPQic3ZOQe7mJJ7GznJDlnNWFryXwGP6sLcAXe6UK', 17, 0, '2024-02-25 05:59:25', '2024-02-25 05:59:25', 0, NULL, NULL, 0),
(683, 'Ethelind Chenery', 'echeneryib@odnoklassniki.ru', '$2a$04$Vi.rig7xkFQAjTP.o/IfLeuMnFpqxQCxgtmZoODcNYF0jXq8yXDnu', 22, 0, '2024-02-25 05:59:25', '2024-02-25 05:59:25', 0, NULL, NULL, 0),
(684, 'Delly Monson', 'dmonsonic@live.com', '$2a$04$DVZGe4HGSb9VoKizwPukkOcNqA5M0qTsMifkH/XUfoIvdWhI3EwL2', 41, 0, '2024-02-25 05:59:25', '2024-02-25 05:59:25', 0, NULL, NULL, 0),
(685, 'Althea Zack', 'azackid@nhs.uk', '$2a$04$FOVI0qfotUME06crOQNY/e2tHTMtlh3yL6l8sIYoORURUMKfsGShy', 35, 0, '2024-02-25 05:59:25', '2024-02-25 05:59:25', 0, NULL, NULL, 0),
(686, 'Sher Antoszewski', 'santoszewskiie@alibaba.com', '$2a$04$LAHv3DrTCpz3mLFnNlE2eePmQkDV6fmWO0lwVnYbUJqMW5zNYPgNK', 46, 0, '2024-02-25 05:59:25', '2024-02-25 05:59:25', 0, NULL, NULL, 0),
(687, 'Ella Melbourne', 'emelbourneif@bigcartel.com', '$2a$04$nF8OwAKILKUSxV7rlvAyROO6pKs20.TGEWs77tpbxDPCtSfxJQgbS', 22, 0, '2024-02-25 05:59:25', '2024-02-25 05:59:25', 0, NULL, NULL, 0),
(688, 'Paulie Crome', 'pcromeig@youtube.com', '$2a$04$xgrUs.JdUywfdp.EU8wrQe5Q7mYtzru450auxyI.5nRkK.M3ItL8S', 49, 0, '2024-02-25 05:59:25', '2024-02-25 05:59:25', 0, NULL, NULL, 0),
(689, 'Adela Lambkin', 'alambkinih@yahoo.com', '$2a$04$t5hKDIU205F.cVG3nyqOOOJzwvaSd13s9m7AkH4mi6tmm91JpKQyy', 36, 0, '2024-02-25 05:59:25', '2024-02-25 05:59:25', 0, NULL, NULL, 0),
(690, 'Ines Daggett', 'idaggettii@google.cn', '$2a$04$mYLB8OLEhbOLg5TDqBjjTOZEQ2Ruc/SzoR1lIHFXpgeGd5rRI17sO', 19, 0, '2024-02-25 05:59:25', '2024-02-25 05:59:25', 0, NULL, NULL, 0),
(691, 'Beau Gonzalez', 'bgonzalezij@ebay.com', '$2a$04$z/MmtrqgMiUJWO54w9l41ugfJE.ZyNoHtRpDyNmAWoDsbasJg.yIu', 33, 0, '2024-02-25 05:59:25', '2024-02-25 05:59:25', 0, NULL, NULL, 0),
(692, 'Bobette Maryan', 'bmaryanik@friendfeed.com', '$2a$04$K1n4Ac.Cs0ZZRlxyjP1f/OfpB6lzDGUkGSSF1Vh9LzCLjFq4.FhQG', 40, 0, '2024-02-25 05:59:25', '2024-02-25 05:59:25', 0, NULL, NULL, 0),
(693, 'Honoria Monro', 'hmonroil@ow.ly', '$2a$04$fgIYEWNmZeRzczLQgmvV4OSlO.bk7umkW6RIKbqc.ZX/uBOjlntT2', 42, 0, '2024-02-25 05:59:25', '2024-02-25 05:59:25', 0, NULL, NULL, 0),
(694, 'Aluino Phelan', 'aphelanim@qq.com', '$2a$04$3mouLoXmerVTYRouJX0KZecbaaYeySdyvyfrGdn04a.XyOJZnvm2K', 49, 0, '2024-02-25 05:59:25', '2024-02-25 05:59:25', 0, NULL, NULL, 0),
(695, 'Giuditta Nolder', 'gnolderin@vistaprint.com', '$2a$04$whqTnE3BTnwEpzzoTwO3oeOzmjnQj0Ftvo5jJoinHLP.WjgXjsJym', 20, 0, '2024-02-25 05:59:25', '2024-02-25 05:59:25', 0, NULL, NULL, 0),
(696, 'Ingar Twinn', 'itwinnio@dmoz.org', '$2a$04$fmmwRITSvk684EiG1ooRV./W8hYQ/WYlqNXw0WyX3X9u0eHaHawr6', 46, 0, '2024-02-25 05:59:25', '2024-02-25 05:59:25', 0, NULL, NULL, 0),
(697, 'Matthias McGurn', 'mmcgurnip@last.fm', '$2a$04$d6YQzVCiPY11ojmzQWr9hetMsVH3J2fyLv5G/vbq2uoYIGMZz1cve', 18, 0, '2024-02-25 05:59:25', '2024-02-25 05:59:25', 0, NULL, NULL, 0),
(698, 'Gwen Stannett', 'gstannettiq@mysql.com', '$2a$04$g6TPguUzZlJBgrezX4DTxOM4LuwjztSDefgSSbOGK6wgmmb/6ffk.', 24, 0, '2024-02-25 05:59:25', '2024-02-25 05:59:25', 0, NULL, NULL, 0),
(699, 'Neille Houndson', 'nhoundsonir@bandcamp.com', '$2a$04$xBl49stoFAtim/j0cSbcO.0vCxmqx3uIfUOBHIs1IDAmkZQomSvuC', 46, 0, '2024-02-25 05:59:25', '2024-02-25 05:59:25', 0, NULL, NULL, 0),
(700, 'Jaymee Portchmouth', 'jportchmouthis@apache.org', '$2a$04$WHWxEAc8UqQrchyuM4pPZ.R9t7ylLqKRVgzusObqBGJPVUKbZPQv.', 47, 0, '2024-02-25 05:59:25', '2024-02-25 05:59:25', 0, NULL, NULL, 0),
(701, 'Bunnie Yong', 'byongit@dot.gov', '$2a$04$eNQy/2KI0bwvv8x9f90nhOC2R1VkmPTVCINVkHAy5cgyV1j69VAHm', 37, 0, '2024-02-25 05:59:25', '2024-02-25 05:59:25', 0, NULL, NULL, 0),
(702, 'Steffane Dobbie', 'sdobbieiu@disqus.com', '$2a$04$1xmoNk86B3JI8KJuV8X/quUm91VbNjTCa.T3SsRrmatGeyxA7uKaG', 20, 0, '2024-02-25 05:59:25', '2024-02-25 05:59:25', 0, NULL, NULL, 0),
(703, 'Edithe Schanke', 'eschankeiv@barnesandnoble.com', '$2a$04$5ame96OhIDQbmevA3HKr0eRByOZ9sVd1.ZnHisjpPxBq0BUkZIBeW', 35, 0, '2024-02-25 05:59:25', '2024-02-25 05:59:25', 0, NULL, NULL, 0),
(704, 'Addie Slaymaker', 'aslaymakeriw@yahoo.com', '$2a$04$AgeQ8Ln600GuXJlSAdnnyuDJWqwLLk4nNfGhojNQ1KBcDwgXszUui', 48, 0, '2024-02-25 05:59:25', '2024-02-25 05:59:25', 0, NULL, NULL, 0),
(705, 'Wanids Birmingham', 'wbirminghamix@pen.io', '$2a$04$8zwefOizhUSJAwTEAocUY.0HdyrGq0H4K0RFwqVsfKnfwgF/c2OI2', 17, 0, '2024-02-25 05:59:25', '2024-02-25 05:59:25', 0, NULL, NULL, 0),
(706, 'Pip Inglesant', 'pinglesantiy@gov.uk', '$2a$04$vwxsUZ7KI1RALCRAlEmDTuxJigbfTNXcmc9ywShJU008wsqlIsv/y', 34, 0, '2024-02-25 05:59:25', '2024-02-25 05:59:25', 0, NULL, NULL, 0),
(707, 'Dix Tomasini', 'dtomasiniiz@mayoclinic.com', '$2a$04$6DRn.YjWlbam25MEfXhcteIFKF5ohKuR6DPkNlIVV17CXdhfPBcDS', 34, 0, '2024-02-25 05:59:25', '2024-02-25 05:59:25', 0, NULL, NULL, 0),
(708, 'Yolanthe Barthelemy', 'ybarthelemyj0@xrea.com', '$2a$04$JkqwCx2dN8O2VqoW3twXsO/rOwBLrGdJSFUJmJBLdogF6G4hJjCdi', 21, 0, '2024-02-25 05:59:25', '2024-02-25 05:59:25', 0, NULL, NULL, 0),
(709, 'Truman Safont', 'tsafontj1@washingtonpost.com', '$2a$04$OeMW4yk7jLwJItTSmEvMJeJ19.ddVrklX4I1DJoqFqlxLj.Cj.aWm', 26, 0, '2024-02-25 05:59:25', '2024-02-25 05:59:25', 0, NULL, NULL, 0),
(710, 'Callida MacNelly', 'cmacnellyj2@who.int', '$2a$04$hUGBGNHVAoH39irEC8/yp.QmwD.rkOMLDPgJeMN0ug1Uh5JYolJmm', 48, 0, '2024-02-25 05:59:25', '2024-02-25 05:59:25', 0, NULL, NULL, 0),
(711, 'Bobbi Drysdale', 'bdrysdalej3@google.com.au', '$2a$04$O8k74fejhSceHvo4i9NO7.kKmyUb7ouUA.KI5Uf9a8n2uDh1jYIN2', 35, 0, '2024-02-25 05:59:25', '2024-02-25 05:59:25', 0, NULL, NULL, 0),
(712, 'Gianni Sarton', 'gsartonj4@miibeian.gov.cn', '$2a$04$opIYUsdkwVE8J8Ys19fn/OAe4YoQhwY.REoPXceiGu2Al2GArwBBG', 39, 0, '2024-02-25 05:59:25', '2024-02-25 05:59:25', 0, NULL, NULL, 0),
(713, 'Eachelle Glidder', 'eglidderj5@washingtonpost.com', '$2a$04$VN7xsBsY1/ZYnH4SxnXrgu.vn2DqNw3MtLYduBTE7ouPUOHq316zm', 35, 0, '2024-02-25 05:59:25', '2024-02-25 05:59:25', 0, NULL, NULL, 0),
(714, 'Cayla Oret', 'coretj6@google.com.au', '$2a$04$uMpiMN69VLJCiUrq2BLbH.X0gX06.H7BH7qsThTkJEVXH0uBw2sIq', 21, 0, '2024-02-25 05:59:25', '2024-02-25 05:59:25', 0, NULL, NULL, 0),
(715, 'Aviva MacCoughan', 'amaccoughanj7@yolasite.com', '$2a$04$y62YvwAPfv7pMHCWdnC9O.ese1RqgNFuNMc/KioRuY//fmxGnnfIK', 43, 0, '2024-02-25 05:59:25', '2024-02-25 05:59:25', 0, NULL, NULL, 0),
(716, 'Iormina Maylour', 'imaylourj8@liveinternet.ru', '$2a$04$ELgEgRi0XSkWR8E1pEnQL.QQIYpCJA9OvqGRESc5xd38xcVqlylHK', 48, 0, '2024-02-25 05:59:25', '2024-02-25 05:59:25', 0, NULL, NULL, 0),
(717, 'Cindi Cadreman', 'ccadremanj9@creativecommons.org', '$2a$04$hevD6O5MsjrLtS.qdk9EIujDQp7uB9wj30AONSi70jBR6Sy.AxlGS', 45, 0, '2024-02-25 05:59:25', '2024-02-25 05:59:25', 0, NULL, NULL, 0),
(718, 'Noelle O\'Cooney', 'nocooneyja@multiply.com', '$2a$04$bijMBZJ9TzfZCdMgnu819ud64d5j/K6NBLm7TRFHHr8WrhdXQp2yG', 34, 0, '2024-02-25 05:59:25', '2024-02-25 05:59:25', 0, NULL, NULL, 0),
(719, 'Balduin Colvill', 'bcolvilljb@tinypic.com', '$2a$04$YzQR0Ofaz8bYWyXpOlGQjeUZcwxTGUybO.SVbN38dePUXfzjUbVEO', 23, 0, '2024-02-25 05:59:25', '2024-02-25 05:59:25', 0, NULL, NULL, 0),
(720, 'Hurlee Sammes', 'hsammesjc@blogspot.com', '$2a$04$eMK0lD/XN6HOH5XhDSKvsOhwJew9gmx6yR9eXdl9rXqyZI51F1OM.', 38, 0, '2024-02-25 05:59:25', '2024-02-25 05:59:25', 0, NULL, NULL, 0),
(721, 'Pauly Spurway', 'pspurwayjd@cnbc.com', '$2a$04$IAdvTb5VoUk8ucr5lUWKk.hTxylV38podYJWdjuCF744w3gd05QrS', 37, 0, '2024-02-25 05:59:25', '2024-02-25 05:59:25', 0, NULL, NULL, 0),
(722, 'Maryjo Benning', 'mbenningje@mapquest.com', '$2a$04$6LMzUj3ugooksA8eabMc3et6QUpN2Kvx1j9Uxa73/VtitIUVo./DO', 43, 0, '2024-02-25 05:59:25', '2024-02-25 05:59:25', 0, NULL, NULL, 0),
(723, 'Brit Stacey', 'bstaceyjf@patch.com', '$2a$04$gO9CWdOcFILeTDJybxKWF.X3wagWcTZxLQHc58T4oO800U3aB9ICO', 28, 0, '2024-02-25 05:59:25', '2024-02-25 05:59:25', 0, NULL, NULL, 0),
(724, 'Marsh Farriar', 'mfarriarjg@dropbox.com', '$2a$04$bZcanEmkERbs/DOrUNdeIOWnQGKQzc79n.xbzzz0xh/cqUUf/AZ0i', 32, 0, '2024-02-25 05:59:25', '2024-02-25 05:59:25', 0, NULL, NULL, 0),
(725, 'Jordan Petri', 'jpetrijh@free.fr', '$2a$04$h1fOHxuNNF3PpGdpsBB6J.DffGtNVzYyVfU8JtvVdCM6RUQCBFRqK', 50, 0, '2024-02-25 05:59:25', '2024-02-25 05:59:25', 0, NULL, NULL, 0),
(726, 'Lida Lyburn', 'llyburnji@google.com.au', '$2a$04$tEWiAzyiOVyrdMiu5ZWfWuGl7LMO2O8Ir3eJTfcXr.s8F7Patx0Su', 22, 0, '2024-02-25 05:59:25', '2024-02-25 05:59:25', 0, NULL, NULL, 0),
(727, 'Carole Potes', 'cpotesjj@so-net.ne.jp', '$2a$04$d.UiySg3QYKUzPwA/ozvmOz78iElnsARQEq4DMPxcefLPP3HOSzMC', 16, 0, '2024-02-25 05:59:25', '2024-02-25 05:59:25', 0, NULL, NULL, 0),
(728, 'Gwenette Large', 'glargejk@woothemes.com', '$2a$04$AefLeypQElaRqjcAssnwRO.xihHxyDDQVfT43bRsjQnVtmt1zyB1W', 37, 0, '2024-02-25 05:59:25', '2024-02-25 05:59:25', 0, NULL, NULL, 0),
(729, 'Sheryl Triplett', 'striplettjl@adobe.com', '$2a$04$.8YwGsnRb1viWyakKacfvu1DNt3ajNzrMnsoZRHZwbXSvavFwtkMS', 32, 0, '2024-02-25 05:59:25', '2024-02-25 05:59:25', 0, NULL, NULL, 0),
(730, 'Theodore Lovell', 'tlovelljm@1688.com', '$2a$04$HAp9nqK1lz2EiVVNMETLyuGZJ6cK4HeudlBZtbmzazm6qxe.HchLq', 22, 0, '2024-02-25 05:59:25', '2024-02-25 05:59:25', 0, NULL, NULL, 0),
(731, 'Mufinella Kinsey', 'mkinseyjn@edublogs.org', '$2a$04$p.teQtB43OUILD92.1wBm.7VZunmmd3tOWuZBKBhrAlcW1XcbZoRy', 29, 0, '2024-02-25 05:59:25', '2024-02-25 05:59:25', 0, NULL, NULL, 0),
(732, 'Forest Barbour', 'fbarbourjo@flavors.me', '$2a$04$fmYdaNnVdHbQ7kcxHPz6MOMD.YeLOc.YmlkhIqDVbnud5mcMbJ2/y', 50, 0, '2024-02-25 05:59:25', '2024-02-25 05:59:25', 0, NULL, NULL, 0),
(733, 'Mortie Castanaga', 'mcastanagajp@printfriendly.com', '$2a$04$7l5RlQZi7WNnTb.YpW5FCOl6zNBJfz0vUjrwcFBB1G2iO4.Xcx8OS', 41, 0, '2024-02-25 05:59:25', '2024-02-25 05:59:25', 0, NULL, NULL, 0),
(734, 'Mandi Gadie', 'mgadiejq@washington.edu', '$2a$04$DhHTXWNXL6bvrcRhX1YCauWsMe1O1ava3fgR5QS8t.jURR9FOwQfS', 48, 0, '2024-02-25 05:59:25', '2024-02-25 05:59:25', 0, NULL, NULL, 0),
(735, 'Manny Ivanuschka', 'mivanuschkajr@examiner.com', '$2a$04$G6WAgs9IXrSJ4zy6DzGChOYz4oehDW4Xxcpt/fZKbs/azJhNeRwKq', 48, 0, '2024-02-25 05:59:25', '2024-02-25 05:59:25', 0, NULL, NULL, 0),
(736, 'Adi Halloway', 'ahallowayjs@biblegateway.com', '$2a$04$/Kg32qb17nLRWCOiLI.TH.ZITpxAREfw01kXVHh2aZb1D6XT5BIvm', 17, 0, '2024-02-25 05:59:25', '2024-02-25 05:59:25', 0, NULL, NULL, 0),
(737, 'Belia Cornejo', 'bcornejojt@latimes.com', '$2a$04$b4BZuZjy6KqQ13a9qVEcDu/ZN8Sn3KZVUDCRN6j1TioDBPLlPk1oq', 19, 0, '2024-02-25 05:59:25', '2024-02-25 05:59:25', 0, NULL, NULL, 0),
(738, 'Alida Olufsen', 'aolufsenju@hugedomains.com', '$2a$04$UnrKQ4NJ1o.gCFlrhZQ7xeYodqknHeQY752MtpwhDqJ7CebeFxjnO', 48, 0, '2024-02-25 05:59:25', '2024-02-25 05:59:25', 0, NULL, NULL, 0),
(739, 'Maison Gorey', 'mgoreyjv@123-reg.co.uk', '$2a$04$PhMvR/IUiW8mBiPnV.KEgutnxqht514rSY8JDaxPuAZ6ASLrziR2C', 31, 0, '2024-02-25 05:59:25', '2024-02-25 05:59:25', 0, NULL, NULL, 0),
(740, 'Bette Hordle', 'bhordlejw@jimdo.com', '$2a$04$dUlyGh0DMg1FqOvZlQX.ruWivIsH7LW8uJ0WBfEOGjSWIhPfk.9g.', 46, 0, '2024-02-25 05:59:25', '2024-02-25 05:59:25', 0, NULL, NULL, 0),
(741, 'Anabel Maseres', 'amaseresjx@craigslist.org', '$2a$04$S5cPWzSi3HsFFotvKEivHu4mE1qCBmbtq7ODT6rb5eXtG/lZfxusy', 48, 0, '2024-02-25 05:59:25', '2024-02-25 05:59:25', 0, NULL, NULL, 0),
(742, 'Chas Cramond', 'ccramondjy@discovery.com', '$2a$04$SMxS1dzJgHifY1xeo4Y4ruSQutMPqjyEjSmEjSCditcHR/MnAIcte', 28, 0, '2024-02-25 05:59:25', '2024-02-25 05:59:25', 0, NULL, NULL, 0),
(743, 'Traci Dobie', 'tdobiejz@cnet.com', '$2a$04$m.NwNwaITnp2eFmxzjdyluOqICfjvxGPzD5Rxt/KdqJU6LYIHogsW', 21, 0, '2024-02-25 05:59:25', '2024-02-25 05:59:25', 0, NULL, NULL, 0),
(744, 'Celie Arthy', 'carthyk0@google.com.au', '$2a$04$aBxjM9qUh.ikwFMHTF3tZeftzSKvOFFEc46dGy65hFTpRDsncO91e', 23, 0, '2024-02-25 05:59:25', '2024-02-25 05:59:25', 0, NULL, NULL, 0),
(745, 'Courtney Idiens', 'cidiensk1@utexas.edu', '$2a$04$6D2liC5iK1uwXw42uxA9He6MhF3EwPFuiqRCBVV4O35A.0NddtIHO', 27, 0, '2024-02-25 05:59:25', '2024-02-25 05:59:25', 0, NULL, NULL, 0),
(746, 'Clarke Robiot', 'crobiotk2@alibaba.com', '$2a$04$.iorVVR/Rt.14iEBijvBqO.pqCy.LuqdE5DAS15xM5YDMl82Dao1q', 36, 0, '2024-02-25 05:59:25', '2024-02-25 05:59:25', 0, NULL, NULL, 0),
(747, 'Tedman Pailin', 'tpailink3@free.fr', '$2a$04$hIa5Qi4H8Tr0MxEBKKf3BOTcVWNV3YLmdLnQLZIjW2X1i5sT1dpY2', 46, 0, '2024-02-25 05:59:25', '2024-02-25 05:59:25', 0, NULL, NULL, 0),
(748, 'Demott Thamelt', 'dthameltk4@japanpost.jp', '$2a$04$ujIHMSscU9IFY5KE7ezWGuTklTK30MW2erlazJ0XiZyIBML7LcsXu', 26, 0, '2024-02-25 05:59:25', '2024-02-25 05:59:25', 0, NULL, NULL, 0),
(749, 'Christoper Ismay', 'cismayk5@apache.org', '$2a$04$BWpL8TU6ZtqTN/ObODFENeipEUz0itYlpHi3OOn.sqWAJzyWTPVq.', 37, 0, '2024-02-25 05:59:25', '2024-02-25 05:59:25', 0, NULL, NULL, 0),
(750, 'Costa Di Bartolommeo', 'cdik6@addtoany.com', '$2a$04$xqC0Oh/.EqZH0zeZacnb5eONJrHweFcly1uVx5KLVh5QSeBrpGgTG', 26, 0, '2024-02-25 05:59:25', '2024-02-25 05:59:25', 0, NULL, NULL, 0),
(751, 'Shadow Shedd', 'ssheddk7@diigo.com', '$2a$04$/O6Qc4iQwS/.u2MX6.XMRuOG7XRVoZag4Q/hqfbRL4emge4PbAQGy', 40, 0, '2024-02-25 05:59:25', '2024-02-25 05:59:25', 0, NULL, NULL, 0),
(752, 'Daveen Prettyman', 'dprettymank8@wikimedia.org', '$2a$04$Ze9lqeE2E2PYQGHUDOuu/.c5eK0eu10dt1LoxQOcDecM9pjoGbUsq', 26, 0, '2024-02-25 05:59:25', '2024-02-25 05:59:25', 0, NULL, NULL, 0),
(753, 'Albie Shimuk', 'ashimukk9@sitemeter.com', '$2a$04$kkH0dOzsCdnpWG30JpsLS.5orDAtzJER8gty9eKcVwkQWjdkSsM6u', 50, 0, '2024-02-25 05:59:25', '2024-02-25 05:59:25', 0, NULL, NULL, 0),
(754, 'Meg Tetsall', 'mtetsallka@sourceforge.net', '$2a$04$RN2EwO0LKYpmocPdxqXaUOH9AlCpJ79.dBpJqEyLBfFacdi0FyaUO', 45, 0, '2024-02-25 05:59:25', '2024-02-25 05:59:25', 0, NULL, NULL, 0),
(755, 'Kayla Stears', 'kstearskb@networkadvertising.org', '$2a$04$PivaO4WvXyhMviScPbrJDuzhVk4WisGllpyrHcqCm6yJUmSjRbNdO', 42, 0, '2024-02-25 05:59:25', '2024-02-25 05:59:25', 0, NULL, NULL, 0),
(756, 'Alameda Ashness', 'aashnesskc@vk.com', '$2a$04$0ZmCpxEXvToorcrmayUpiemycu.30Z6aPyICQ46yKkbmrveDsqPVq', 43, 0, '2024-02-25 05:59:25', '2024-02-25 05:59:25', 0, NULL, NULL, 0),
(757, 'Kameko Kett', 'kkettkd@freewebs.com', '$2a$04$NPfYCJKmH3ilw6Muiiqsq.JAGDOXov55nrzEY2FafI/OgTmr50LwC', 23, 0, '2024-02-25 05:59:25', '2024-02-25 05:59:25', 0, NULL, NULL, 0),
(758, 'Ozzy O\'Hartagan', 'oohartaganke@diigo.com', '$2a$04$lISXqWJpUh8AYgwfDnW7TeXsTpMRMmZfcNbSJGFpGHh6PX1lS.eom', 28, 0, '2024-02-25 05:59:25', '2024-02-25 05:59:25', 0, NULL, NULL, 0),
(759, 'Antonino Bevir', 'abevirkf@wordpress.org', '$2a$04$pCrhATNjkxGMpA/9WBKM8.pqoeEosoFx3xUTtaUcva7Ey03ZPTk3W', 28, 0, '2024-02-25 05:59:25', '2024-02-25 05:59:25', 0, NULL, NULL, 0),
(760, 'Casper Bulward', 'cbulwardkg@pagesperso-orange.fr', '$2a$04$xSmTvlFVYSQa7hlHZCNxqu.ExzQl6oPgJvct76xziegHizMWNuFbC', 48, 0, '2024-02-25 05:59:25', '2024-02-25 05:59:25', 0, NULL, NULL, 0),
(761, 'Vivi Tonner', 'vtonnerkh@naver.com', '$2a$04$FW8rx6fGBmfoMnPXcv3QU.Uiw8GntwZraYs.A/eH05ubIcSoPf1HC', 25, 0, '2024-02-25 05:59:25', '2024-02-25 05:59:25', 0, NULL, NULL, 0),
(762, 'Stuart Ivy', 'sivyki@apache.org', '$2a$04$.9lmnpR50i1F9Lw3R7Pb/eGjF7CZiiHbNhtykIlzmj1HityM10gsq', 50, 0, '2024-02-25 05:59:25', '2024-02-25 05:59:25', 0, NULL, NULL, 0),
(763, 'Chaim Kiernan', 'ckiernankj@hostgator.com', '$2a$04$/YATHsGpm1SenH2aZhPQCeWrmtYq7obvbdOex8kXxCv/BM.zxYkoW', 43, 0, '2024-02-25 05:59:26', '2024-02-25 05:59:26', 0, NULL, NULL, 0),
(764, 'Hetti Clausewitz', 'hclausewitzkk@taobao.com', '$2a$04$Dj932hNCjLxOmJ8DWpjIUuOKiWKX3zU4lgyFqJRqvoaZBKBWcxZz2', 44, 0, '2024-02-25 05:59:26', '2024-02-25 05:59:26', 0, NULL, NULL, 0),
(765, 'Raf Reams', 'rreamskl@51.la', '$2a$04$koMhpwvQ5QRxWyfaEqvuM.YDuFucpvaRDoPrp.6STbJl5SdH/fF7m', 48, 0, '2024-02-25 05:59:26', '2024-02-25 05:59:26', 0, NULL, NULL, 0),
(766, 'Ricardo Witchard', 'rwitchardkm@wikipedia.org', '$2a$04$efyKuhmpUaLTUcx1guyyWeF/cpZ4WtMSYzReBQEZNJ9h6WBUqCUrS', 46, 0, '2024-02-25 05:59:26', '2024-02-25 05:59:26', 0, NULL, NULL, 0),
(767, 'Chrotoem Tollet', 'ctolletkn@sohu.com', '$2a$04$K7mFWiEHlBS46uQEGw0KMetwjY02p2Ny5MFg1bdrBFkFJFdR19FPW', 17, 0, '2024-02-25 05:59:26', '2024-02-25 05:59:26', 0, NULL, NULL, 0),
(768, 'Shelton Guisot', 'sguisotko@house.gov', '$2a$04$qzP41n4AFkSZ9.iiU.BeQef8aezg.ySYaATVKO9uYJAQD0i5VWchW', 30, 0, '2024-02-25 05:59:26', '2024-02-25 05:59:26', 0, NULL, NULL, 0),
(769, 'Alana Cawkill', 'acawkillkp@friendfeed.com', '$2a$04$2gr9v4aDjqulo15Q.fIXnuSBZg/RyHRkw/SwvHf9vXIfR3pNR16oe', 34, 0, '2024-02-25 05:59:26', '2024-02-25 05:59:26', 0, NULL, NULL, 0),
(770, 'Hieronymus Jersh', 'hjershkq@cisco.com', '$2a$04$WvIGfRkKeAMIgBrunj3GD.tLfViyGQr86ANVxMqulIyTQwbMDXdKG', 36, 0, '2024-02-25 05:59:26', '2024-02-25 05:59:26', 0, NULL, NULL, 0),
(771, 'Allyson Marcroft', 'amarcroftkr@abc.net.au', '$2a$04$BCVfI4wp.a8JKxaYMBjkN.WDwNnT4FKuMf360skG2.pSEF10ZuQK2', 19, 0, '2024-02-25 05:59:26', '2024-02-25 05:59:26', 0, NULL, NULL, 0),
(772, 'Ring Tiuit', 'rtiuitks@time.com', '$2a$04$AsldKCtPWPloJXxMFmrIbOUZFQbFT1hGSWgbHGluKtDEKxqtcw1SS', 48, 0, '2024-02-25 05:59:26', '2024-02-25 05:59:26', 0, NULL, NULL, 0),
(773, 'Flor Abrahamovitz', 'fabrahamovitzkt@webeden.co.uk', '$2a$04$.m3ZAaxaiLXd.wNt4u3CROVMDBuOvFZAl6hC66xOohi9sjJkCgc2q', 19, 0, '2024-02-25 05:59:26', '2024-02-25 05:59:26', 0, NULL, NULL, 0),
(774, 'Chiquita Mum', 'cmumku@umich.edu', '$2a$04$VYG/lB5Qx9SpctR6yVIxUeJPYrtEc8W8z5x7az9nNdL//piOf.YxK', 28, 0, '2024-02-25 05:59:26', '2024-02-25 05:59:26', 0, NULL, NULL, 0),
(775, 'Donn Friese', 'dfriesekv@marriott.com', '$2a$04$x1rdX3W7XlXTrTLvDwrqdOngLaYP.1G9jHTnWzGmpefQ90aOmf/b.', 49, 0, '2024-02-25 05:59:26', '2024-02-25 05:59:26', 0, NULL, NULL, 0),
(776, 'Devin Torr', 'dtorrkw@cloudflare.com', '$2a$04$niDcHP0RrGBJZB0AjtpbwuF/BikSiCN4Lk.GT1/IGPCEcv90MtAS6', 37, 0, '2024-02-25 05:59:26', '2024-02-25 05:59:26', 0, NULL, NULL, 0),
(777, 'Sibylla Allam', 'sallamkx@photobucket.com', '$2a$04$gF4QJo/4VC4vVzkQbXn8wOyYL1sy3O.7t0DTWqDpqtIN2uFrSIFtS', 31, 0, '2024-02-25 05:59:26', '2024-02-25 05:59:26', 0, NULL, NULL, 0),
(778, 'Willem Tailour', 'wtailourky@gizmodo.com', '$2a$04$79c.4ZmheBBzfg6J8IFX5uyzhN95v/T8X6.19ly7u0qE6eEH4rl.m', 47, 0, '2024-02-25 05:59:26', '2024-02-25 05:59:26', 0, NULL, NULL, 0),
(779, 'Calvin Blesli', 'cbleslikz@irs.gov', '$2a$04$S3YbvmwwGsfjMmOLvfaNK./cTts1Ntj/./EF8oVb.0CyUf1XKqCPW', 38, 0, '2024-02-25 05:59:26', '2024-02-25 05:59:26', 0, NULL, NULL, 0),
(780, 'Asher Lamberto', 'alambertol0@trellian.com', '$2a$04$ZLyylgE1EujMIc.130y3fO.b4gseSkFqbvJlioAq9opWIFoAOZqnK', 22, 0, '2024-02-25 05:59:26', '2024-02-25 05:59:26', 0, NULL, NULL, 0),
(781, 'Buddy Storres', 'bstorresl1@goodreads.com', '$2a$04$TXKd3mJfB/ut/R4NaV7wB.sZH7bBfmrPKz94/9cnVRN3XxtPJKeNK', 33, 0, '2024-02-25 05:59:26', '2024-02-25 05:59:26', 0, NULL, NULL, 0),
(782, 'Christean Toon', 'ctoonl2@army.mil', '$2a$04$GTEKnipf7XmU0iWfQdNMIePN9jszPyGVWP0CzZwUVJx.Nmb22sbLG', 37, 0, '2024-02-25 05:59:26', '2024-02-25 05:59:26', 0, NULL, NULL, 0),
(783, 'Tish Hardan', 'thardanl3@nbcnews.com', '$2a$04$kqxjhEE5rIrZAYMKdr7utuJjT3lM5xJnvgLTT2.EB58gS3gVUGRqi', 35, 0, '2024-02-25 05:59:26', '2024-02-25 05:59:26', 0, NULL, NULL, 0),
(784, 'Ericka Fincke', 'efinckel4@squidoo.com', '$2a$04$uI0wXEiOLTVO0bzzJwIYLe/hUjna9dePAJSc/SQmZ/r8ypKKyDLq2', 48, 0, '2024-02-25 05:59:26', '2024-02-25 05:59:26', 0, NULL, NULL, 0),
(785, 'Jdavie Jeandot', 'jjeandotl5@t-online.de', '$2a$04$CKd2TG.1l/kGCbGMM.eZZuIUXGA.VFIBC6.0dv/0kCKaZxiWIYYBe', 23, 0, '2024-02-25 05:59:26', '2024-02-25 05:59:26', 0, NULL, NULL, 0),
(786, 'Reg Ludlow', 'rludlowl6@springer.com', '$2a$04$QxcE9B7o2KwsZPs6Wxyd3.1rGlnR3y0pnjwxRLjyjCAWNmBsyATmK', 50, 0, '2024-02-25 05:59:26', '2024-02-25 05:59:26', 0, NULL, NULL, 0),
(787, 'Theodoric Crotty', 'tcrottyl7@artisteer.com', '$2a$04$vMSkLDaQgZTQaR9apVo7k.gZuDDLJMGHgP/RUAcuLjCy/k6smcUYi', 48, 0, '2024-02-25 05:59:26', '2024-02-25 05:59:26', 0, NULL, NULL, 0),
(788, 'Audrey Satteford', 'asattefordl8@hud.gov', '$2a$04$r1BOPLc06FRiRGZf4a96puZu5oHtb/q9zLsKpXSecZUonhLfDLACy', 18, 0, '2024-02-25 05:59:26', '2024-02-25 05:59:26', 0, NULL, NULL, 0),
(789, 'Hillary Panchen', 'hpanchenl9@lulu.com', '$2a$04$O3rT75zRM2UXglnC6HfHC.koMrD/U8Qm6IgJ4aLWCmC18Wfg1YkJK', 45, 0, '2024-02-25 05:59:26', '2024-02-25 05:59:26', 0, NULL, NULL, 0),
(790, 'Grantley Tofanini', 'gtofaninila@princeton.edu', '$2a$04$3PWYsLapRyfKdEikc6oXbOsdbW/lkGaS/NwlOGeZFRPM5DQ0JaENS', 34, 0, '2024-02-25 05:59:26', '2024-02-25 05:59:26', 0, NULL, NULL, 0),
(791, 'Sheila Mar', 'smarlb@china.com.cn', '$2a$04$GaTVSuWFA74UXAUrEkzo0.Uc5Fp2QqXsWmo5HLIZLfKmbDkzf6fVG', 18, 0, '2024-02-25 05:59:26', '2024-02-25 05:59:26', 0, NULL, NULL, 0),
(792, 'Reece Burfoot', 'rburfootlc@wp.com', '$2a$04$y9/dS.8QH3b09Qm5jXBGrulLNxc3UA2Xhb8AoPpeg0P0AnPFY9cjO', 41, 0, '2024-02-25 05:59:26', '2024-02-25 05:59:26', 0, NULL, NULL, 0),
(793, 'Kev Burtwhistle', 'kburtwhistleld@patch.com', '$2a$04$yl6Zhfr8WM48AvsukYKbsODGCcjrGLXBYZ0Pm/l8PJk79l.UK0fgi', 40, 0, '2024-02-25 05:59:26', '2024-02-25 05:59:26', 0, NULL, NULL, 0),
(794, 'Janna Reckhouse', 'jreckhousele@dagondesign.com', '$2a$04$F001aJo7gMXKQPU/NqpLJOb1cG3wRmXFotg7N0H9HGH9Uwq0kpth6', 43, 0, '2024-02-25 05:59:26', '2024-02-25 05:59:26', 0, NULL, NULL, 0),
(795, 'Iormina Haselwood', 'ihaselwoodlf@jimdo.com', '$2a$04$e5RFz3qBF0sVp4UslTGbVOVbCglbOchMlL59gO2NG5HtCG4OFszJq', 33, 0, '2024-02-25 05:59:26', '2024-02-25 05:59:26', 0, NULL, NULL, 0),
(796, 'Dari Kapiloff', 'dkapilofflg@discuz.net', '$2a$04$9ydZx/JsU/ITm93lnGlMmuDJNCRHS1IPiJEQJ.8Doi9Odz5E7IBGS', 24, 0, '2024-02-25 05:59:26', '2024-02-25 05:59:26', 0, NULL, NULL, 0),
(797, 'Kathleen Woffinden', 'kwoffindenlh@csmonitor.com', '$2a$04$CsEjx5/wLNl0UQ0IXAbo5.Jxh6mmx/6CLIVd03OD7f4QyGOlwJm5m', 37, 0, '2024-02-25 05:59:26', '2024-02-25 05:59:26', 0, NULL, NULL, 0),
(798, 'Isis Chiles', 'ichilesli@aol.com', '$2a$04$smv4ONmah4kS58QOG2rZ4Ouh8pS3pj8oQStOzPP9y/nrtgKTgzD5O', 24, 0, '2024-02-25 05:59:26', '2024-02-25 05:59:26', 0, NULL, NULL, 0),
(799, 'Christophe Ciardo', 'cciardolj@goo.ne.jp', '$2a$04$bCF1LjwBAH/.6BOCxkgZUuetsT.RPtk42QAGthkHHYva36UWVfh5u', 49, 0, '2024-02-25 05:59:26', '2024-02-25 05:59:26', 0, NULL, NULL, 0),
(800, 'Gillie Clogg', 'gclogglk@networksolutions.com', '$2a$04$iZAQ2FVhXp5/BOqyCoM29uDLGQPGCPnPYfSzHk0JEKrQVgAIHzbxq', 40, 0, '2024-02-25 05:59:26', '2024-02-25 05:59:26', 0, NULL, NULL, 0),
(801, 'Joela Lloyds', 'jlloydsll@imgur.com', '$2a$04$yw31tbzqfDtSxH4Ec0BeBOKrK..Bdn5vARAMFizK3rOwfStDwFWpC', 40, 0, '2024-02-25 05:59:26', '2024-02-25 05:59:26', 0, NULL, NULL, 0),
(802, 'Odelle Roose', 'orooselm@gov.uk', '$2a$04$KY0Wq/PU16V5GYuNPgmjXOdozRS6DsedIKKUEUIxAlaXNVtlG54Yu', 50, 0, '2024-02-25 05:59:26', '2024-02-25 05:59:26', 0, NULL, NULL, 0),
(803, 'Stanislaw Waddy', 'swaddyln@reddit.com', '$2a$04$zgAC6gDxefPZiySmA4xCTObhkdYWr7mH86IA.hUjZKnx/WU3ViIj6', 49, 0, '2024-02-25 05:59:26', '2024-02-25 05:59:26', 0, NULL, NULL, 0),
(804, 'Kristel Rye', 'kryelo@tinyurl.com', '$2a$04$fBtd1j26o1HM/q0PXYAt8O4Uy7SuMn8kKaxgPMbDqyTrdOsCZT1Me', 26, 0, '2024-02-25 05:59:26', '2024-02-25 05:59:26', 0, NULL, NULL, 0),
(805, 'Peri Roskruge', 'proskrugelp@over-blog.com', '$2a$04$T0UsWuAAjvB6SXxbWKGNLOOtjGW8eSf9hIGW2qgjd8BBxRuy.bsbC', 44, 0, '2024-02-25 05:59:26', '2024-02-25 05:59:26', 0, NULL, NULL, 0),
(806, 'Eddie Greggs', 'egreggslq@live.com', '$2a$04$cdRN408Aj5cfxgrkYDKtHuY6zikvsQnPZd5zIsxIisFSrXCHqVCMG', 15, 0, '2024-02-25 05:59:26', '2024-02-25 05:59:26', 0, NULL, NULL, 0),
(807, 'Burg Bassilashvili', 'bbassilashvililr@bing.com', '$2a$04$2TsTBgY/yU56vZi11E8sv.Elf8Mgp41Ld6X7EPeA5SbrbRnk5pRRi', 27, 0, '2024-02-25 05:59:26', '2024-02-25 05:59:26', 0, NULL, NULL, 0),
(808, 'Darsey Riding', 'dridingls@last.fm', '$2a$04$.kKEElpdyYP.fJF01SArTeDEtd8wvIO6DCLRSl72.3zr4tBZEqhPi', 21, 0, '2024-02-25 05:59:26', '2024-02-25 05:59:26', 0, NULL, NULL, 0),
(809, 'Demetria Buick', 'dbuicklt@scientificamerican.com', '$2a$04$fVC7Lfv20YnZM641u9pP8OtLU.S5h56fw.1aVIBlBsa8/nG6CcjvK', 35, 0, '2024-02-25 05:59:26', '2024-02-25 05:59:26', 0, NULL, NULL, 0),
(810, 'Hedi Headan', 'hheadanlu@cdc.gov', '$2a$04$AuXc1m9nct1lgGDr5kXzJOBbc5fhHPkkjnvFCkMHvipMaL6QIIa0y', 27, 0, '2024-02-25 05:59:26', '2024-02-25 05:59:26', 0, NULL, NULL, 0),
(811, 'Karlee Wash', 'kwashlv@shop-pro.jp', '$2a$04$ndlmdrbqjbyFdZVSs/daYeKsvbUIxmXsNUVZdIGRNEK66ROuhImNW', 44, 0, '2024-02-25 05:59:26', '2024-02-25 05:59:26', 0, NULL, NULL, 0),
(812, 'Jackqueline Dunk', 'jdunklw@indiegogo.com', '$2a$04$tr9QQQwSX9AAOOrp9UKcV.x/qNehfQOIMPs.aTn3zQjQsLopSN/Cm', 38, 0, '2024-02-25 05:59:26', '2024-02-25 05:59:26', 0, NULL, NULL, 0),
(813, 'Cal Dovidaitis', 'cdovidaitislx@goo.gl', '$2a$04$8D7aJHOL/rKWm7gMW4ZRu.JpY0qgtGoYlpuCOMT3uRklKkRfsdqn.', 42, 0, '2024-02-25 05:59:26', '2024-02-25 05:59:26', 0, NULL, NULL, 0),
(814, 'Christie Tooher', 'ctooherly@geocities.jp', '$2a$04$DrvfGl5UlT8htNu8ldHFSeqfPXpH1LcVAGUjnsCY0ExJmSB/RkZg6', 46, 0, '2024-02-25 05:59:26', '2024-02-25 05:59:26', 0, NULL, NULL, 0);
INSERT INTO `Users` (`user_id`, `username`, `email`, `password`, `age`, `is_admin`, `created_at`, `updated_at`, `is_blocked`, `block_reason`, `blocked_until`, `block_level`) VALUES
(815, 'Gisela Rawsen', 'grawsenlz@last.fm', '$2a$04$/KD3JS5i2gErpgJHbSleLORvARt2EDJ7O7iDkpRnw6Xn2jHn6cOC6', 28, 0, '2024-02-25 05:59:26', '2024-02-25 05:59:26', 0, NULL, NULL, 0),
(816, 'Hort Grinaway', 'hgrinawaym0@constantcontact.com', '$2a$04$.7W0JgtaucBJwaQnry0QO.yutLk0.VSm/cYYeH.genmh/9fTd8t6a', 41, 0, '2024-02-25 05:59:26', '2024-02-25 05:59:26', 0, NULL, NULL, 0),
(817, 'Kimmi Kissick', 'kkissickm1@oracle.com', '$2a$04$a59QAKLRpH7OTsLBqEvKzOqoQvAh/c2EIbgfCkxMZiTwdsShPYzDq', 19, 0, '2024-02-25 05:59:26', '2024-02-25 05:59:26', 0, NULL, NULL, 0),
(818, 'Mycah Scotcher', 'mscotcherm2@intel.com', '$2a$04$JoE30IplM9tLB7Axs2dRB.LXvjawRjqqeMRSnryIfcsJ25imVbXLW', 43, 0, '2024-02-25 05:59:26', '2024-02-25 05:59:26', 0, NULL, NULL, 0),
(819, 'Blinni Seward', 'bsewardm3@de.vu', '$2a$04$iLfWtv.B/Vh/kg2Auq.ovexx9AvunUSNVcZcVJ8n.0MEJaGvUpbyK', 43, 0, '2024-02-25 05:59:26', '2024-02-25 05:59:26', 0, NULL, NULL, 0),
(820, 'Nikolia Helks', 'nhelksm4@github.com', '$2a$04$1ENTlQvcBdsPf2y7cQVx2e.fbTk1dd.LlqcO38K44E050fa5vy.c6', 49, 0, '2024-02-25 05:59:26', '2024-02-25 05:59:26', 0, NULL, NULL, 0),
(821, 'Jude Debold', 'jdeboldm5@odnoklassniki.ru', '$2a$04$dPOB3LR.QXDYdcOv1Em./OeODxcvHkpYpMC0lBXjnamHLLiPjOgbC', 23, 0, '2024-02-25 05:59:26', '2024-02-25 05:59:26', 0, NULL, NULL, 0),
(822, 'Sophie McAreavey', 'smcareaveym6@jugem.jp', '$2a$04$kasY33jB9a9FSVI5R3pHDuVm28JYRrQw8HL6hBjrrOJaBJFSRtZK.', 29, 0, '2024-02-25 05:59:26', '2024-02-25 05:59:26', 0, NULL, NULL, 0),
(823, 'Shantee Scoullar', 'sscoullarm7@digg.com', '$2a$04$lC1KNodJqllihPUr.4Ey..uh33nBDRYzxuH6Eq210dCz665dxAe/m', 17, 0, '2024-02-25 05:59:26', '2024-02-25 05:59:26', 0, NULL, NULL, 0),
(824, 'Dugald Bister', 'dbisterm8@baidu.com', '$2a$04$z4tPBNkGp4uiLv3iB4k8OuP9.lrD/ZAO3ee3EtKMaiJhMzucMO/Ru', 47, 0, '2024-02-25 05:59:26', '2024-02-25 05:59:26', 0, NULL, NULL, 0),
(825, 'Deck Ivanchin', 'divanchinm9@surveymonkey.com', '$2a$04$R7.TOvlv51B4c6KjKV.lxe7zJbcYfaEUgA.EA0VySaGlCFTzUhVF6', 49, 0, '2024-02-25 05:59:26', '2024-02-25 05:59:26', 0, NULL, NULL, 0),
(826, 'Orin Carnier', 'ocarnierma@bing.com', '$2a$04$iGGCqXLLSDKLxTltfVrW6ulnbLdbkYOsbnOUm07eh2woSzBCScavy', 26, 0, '2024-02-25 05:59:26', '2024-02-25 05:59:26', 0, NULL, NULL, 0),
(827, 'Philly Dunphy', 'pdunphymb@imgur.com', '$2a$04$vP1bIA.2s0HAs5ru/J0Kbe/jxyl4z3i.OZ2DOO7DZpqybn9GyzJF2', 34, 0, '2024-02-25 05:59:26', '2024-02-25 05:59:26', 0, NULL, NULL, 0),
(828, 'Thorny Farenden', 'tfarendenmc@senate.gov', '$2a$04$ZRPh1DCptuLJEiZC/Pq3q.JwnEg7k5DvWukfwaiPGUjQR4xJJP2XO', 43, 0, '2024-02-25 05:59:26', '2024-02-25 05:59:26', 0, NULL, NULL, 0),
(829, 'Tatum Possa', 'tpossamd@so-net.ne.jp', '$2a$04$SSzJyvVx/9/Y818J2DOkXe/mb3P1QSKnhbsK3dJVpPzpnR2gwYrCa', 43, 0, '2024-02-25 05:59:26', '2024-02-25 05:59:26', 0, NULL, NULL, 0),
(830, 'Dorey Clemente', 'dclementeme@hugedomains.com', '$2a$04$tdlW0Vi8WIZo.X3/kH/TwO9xa5B5KWPzDaWyz.74nOPXwxfT5GsbO', 26, 0, '2024-02-25 05:59:26', '2024-02-25 05:59:26', 0, NULL, NULL, 0),
(831, 'Bobbye Sentance', 'bsentancemf@xinhuanet.com', '$2a$04$RznbHzVlhFpAT9M7NKEy6.YZyLLe42TxoIyTXOkm7tyu2lDiHFrWe', 41, 0, '2024-02-25 05:59:26', '2024-02-25 05:59:26', 0, NULL, NULL, 0),
(832, 'Homer Meachan', 'hmeachanmg@purevolume.com', '$2a$04$GM7tMNiWqbOMWKkD3r134ekgyjzGybX.diFjyM7O.VehA5cmzKv8C', 18, 0, '2024-02-25 05:59:26', '2024-02-25 05:59:26', 0, NULL, NULL, 0),
(833, 'Noelyn Tutchener', 'ntutchenermh@msn.com', '$2a$04$dlJ2E5mfaMRpa5Sk6FB29e5.W0fVTEIA6Ws5Q2AZ7KGb4ua9ab3tC', 48, 0, '2024-02-25 05:59:26', '2024-02-25 05:59:26', 0, NULL, NULL, 0),
(834, 'Jone Tyrie', 'jtyriemi@npr.org', '$2a$04$x1IDUrvgEqqqYDhknd.41uMZmvr8Cwd0CsbT94syOuawG4EVVLDoG', 33, 0, '2024-02-25 05:59:26', '2024-02-25 05:59:26', 0, NULL, NULL, 0),
(835, 'Britta Kezourec', 'bkezourecmj@nationalgeographic.com', '$2a$04$bZdTJuB2ihyDXkCgrC4s1e7qQLPVWXmA8m1DQGb.IGBnRLV0HfXXO', 29, 0, '2024-02-25 05:59:26', '2024-02-25 05:59:26', 0, NULL, NULL, 0),
(836, 'Michele Grigore', 'mgrigoremk@joomla.org', '$2a$04$y4k.bCvEEB4R73JAaEEPhupYY6VCBfpIUYu9Lri/TSiI.eiWoIMeq', 49, 0, '2024-02-25 05:59:26', '2024-02-25 05:59:26', 0, NULL, NULL, 0),
(837, 'Dolores Hessentaler', 'dhessentalerml@paypal.com', '$2a$04$QaycK6sZOfb3awoSGaHJse1qFVsY4GuJ5rBytj3OVai45X8Mi22.a', 19, 0, '2024-02-25 05:59:26', '2024-02-25 05:59:26', 0, NULL, NULL, 0),
(838, 'Yolane Goodier', 'ygoodiermm@123-reg.co.uk', '$2a$04$f/NXUuaP5xEDNTci8KhEUugMwOe8vnlwgszDSKywQ0QrOIDtrl5za', 19, 0, '2024-02-25 05:59:26', '2024-02-25 05:59:26', 0, NULL, NULL, 0),
(839, 'Seth Whatford', 'swhatfordmn@netlog.com', '$2a$04$UeFIbw5k9dDX8G.aaZ0p0u5JaUDQhMje6LLpviZlnjrWPi3OFcOzO', 18, 0, '2024-02-25 05:59:26', '2024-02-25 05:59:26', 0, NULL, NULL, 0),
(840, 'Dorice Bawle', 'dbawlemo@springer.com', '$2a$04$xHCNwKhj8ugPh9X2vBYVEuJKvJs7s743d16TPo.6BDt0y7G4hWE62', 41, 0, '2024-02-25 05:59:26', '2024-02-25 05:59:26', 0, NULL, NULL, 0),
(841, 'Arden Jeaffreson', 'ajeaffresonmp@webeden.co.uk', '$2a$04$ALbKPIMCP9luRGDFQ4DxV.Q3/sgo0mFwM7P.kh9xCyEuv1DgPM1hq', 29, 0, '2024-02-25 05:59:26', '2024-02-25 05:59:26', 0, NULL, NULL, 0),
(842, 'Goddart Perkinson', 'gperkinsonmq@cnbc.com', '$2a$04$M3n2Lr/cn230e2u13jwxr.zLFrK8bKjwAkFWRY41p4Nrnt49CQIqG', 16, 0, '2024-02-25 05:59:26', '2024-02-25 05:59:26', 0, NULL, NULL, 0),
(843, 'Shamus Stickells', 'sstickellsmr@about.com', '$2a$04$J2YT1MWtej/Uo4HvEJi0NuajIQaW/J1fmsMSGUgDVzLv279wtf.cy', 29, 0, '2024-02-25 05:59:26', '2024-02-25 05:59:26', 0, NULL, NULL, 0),
(844, 'Pall Botha', 'pbothams@google.es', '$2a$04$Aza6wa6iU7FQVQfC7XHZseH9/CyzQVXnME.v1I5dJTnSnwcFZl73y', 31, 0, '2024-02-25 05:59:26', '2024-02-25 05:59:26', 0, NULL, NULL, 0),
(845, 'Monika Childes', 'mchildesmt@oakley.com', '$2a$04$tbp5/a.3bfvZwHaLk9fswegS/fw68F6Mc.as4pld0F3U5WaX3Uyvq', 16, 0, '2024-02-25 05:59:26', '2024-02-25 05:59:26', 0, NULL, NULL, 0),
(846, 'Yvor Gores', 'ygoresmu@linkedin.com', '$2a$04$2IflYdwfKrnNpjd8XxQIW.6NjtzlRP2FlPXjbTHflAKQEkxqXNiOu', 42, 0, '2024-02-25 05:59:26', '2024-02-25 05:59:26', 0, NULL, NULL, 0),
(847, 'Nixie Culshew', 'nculshewmv@a8.net', '$2a$04$ZkKdGIXW0ygsDN6wS1B18eihd/3OUS8RuxcrOA844aZ/D4wjirZjS', 47, 0, '2024-02-25 05:59:26', '2024-02-25 05:59:26', 0, NULL, NULL, 0),
(848, 'Kipp Zorzoni', 'kzorzonimw@flickr.com', '$2a$04$AuuNJ99NnA0Ty232kVv9z.S4JZjY1/Td5y0eLxI2U3c82CvMIJInK', 29, 0, '2024-02-25 05:59:26', '2024-02-25 05:59:26', 0, NULL, NULL, 0),
(849, 'Wesley Presslee', 'wpressleemx@who.int', '$2a$04$8gwJYgrgRSecvn0WkMGHiOgVtYFRG7oPcBZ6Gk20rt.HxJXn2i2qO', 19, 0, '2024-02-25 05:59:27', '2024-02-25 05:59:27', 0, NULL, NULL, 0),
(850, 'Mead Morgon', 'mmorgonmy@engadget.com', '$2a$04$8AAqR6ZzxVPkMRPHGk/QGevYaMdJejwE/Is2UY2hpbvMm4pcloacS', 16, 0, '2024-02-25 05:59:27', '2024-02-25 05:59:27', 0, NULL, NULL, 0),
(851, 'Rip Iacopo', 'riacopomz@furl.net', '$2a$04$mQD3wxYInpqI4gwv3I/ABuFTzS7lu/he2JIvRUaXkVK95QaAl5npq', 36, 0, '2024-02-25 05:59:27', '2024-02-25 05:59:27', 0, NULL, NULL, 0),
(852, 'Christos MacFadyen', 'cmacfadyenn0@tuttocitta.it', '$2a$04$SO6oVCCb6BIomp9uCnIuM.qHLVv12utjL9Zp962K/K3wGP2IPxInK', 26, 0, '2024-02-25 05:59:27', '2024-02-25 05:59:27', 0, NULL, NULL, 0),
(853, 'Edithe McIlmurray', 'emcilmurrayn1@liveinternet.ru', '$2a$04$aGNUcVFDV4ijBpTuS.WQIOB0sO402dbxmSnGhIy0ckmXNPEDYeTyu', 15, 0, '2024-02-25 05:59:27', '2024-02-25 05:59:27', 0, NULL, NULL, 0),
(854, 'Frannie De Andisie', 'fden2@nasa.gov', '$2a$04$vB4Guh8dUEmRuE/g2G6qK.TYs0Qxh7f8lpOMgtRv2ZfVsx2uuCxb.', 17, 0, '2024-02-25 05:59:27', '2024-02-25 05:59:27', 0, NULL, NULL, 0),
(855, 'Guglielmo Leipnik', 'gleipnikn3@alexa.com', '$2a$04$JoJDHZPzrYrxTdURyEmCHOBX0lcA8QLjbMPNfYytE/dj/9klI26BC', 42, 0, '2024-02-25 05:59:27', '2024-02-25 05:59:27', 0, NULL, NULL, 0),
(856, 'Milly Readitt', 'mreadittn4@netvibes.com', '$2a$04$kO4TPH0oyVn3j2cx4n4Q7.WxQ7mWreMr4WbCcBpssSbXq7W4pYGNi', 48, 0, '2024-02-25 05:59:27', '2024-02-25 05:59:27', 0, NULL, NULL, 0),
(857, 'Faydra Twitchett', 'ftwitchettn5@blinklist.com', '$2a$04$nIY94iiGWL5CRGtUJRcJW.5.4IHHC8Qc/chQsKr9St1Y8tZ52PVQC', 37, 0, '2024-02-25 05:59:27', '2024-02-25 05:59:27', 0, NULL, NULL, 0),
(858, 'Sid Greenroa', 'sgreenroan6@multiply.com', '$2a$04$HBhfvvXA2T0vpkpOx0k/wOwLobJwMdAK0ebDWPzKK.37EyQh8AG12', 33, 0, '2024-02-25 05:59:27', '2024-02-25 05:59:27', 0, NULL, NULL, 0),
(859, 'Joachim Rigard', 'jrigardn7@vkontakte.ru', '$2a$04$fAtmXja0hmyFkcDFYZltXOmxPwe.cZDumROMGkbf5Bnj1rngaiajy', 36, 0, '2024-02-25 05:59:27', '2024-02-25 05:59:27', 0, NULL, NULL, 0),
(860, 'Yank Golda', 'ygoldan8@ucsd.edu', '$2a$04$oYtP7Gd1AvnkivEramy0Uu5d.9zwO03AHiyPS2jsXGVQIRyDmNmgi', 32, 0, '2024-02-25 05:59:27', '2024-02-25 05:59:27', 0, NULL, NULL, 0),
(861, 'Misty Mason', 'mmasonn9@netlog.com', '$2a$04$rk0b60EqSn5/udF5KnfIH.RfNFOIhU9EuwXbMPOXp3sz1lDyHbqS2', 43, 0, '2024-02-25 05:59:27', '2024-02-25 05:59:27', 0, NULL, NULL, 0),
(862, 'Babbette Dresse', 'bdressena@fda.gov', '$2a$04$wQpkAmMmI0MbSRb3BI5gAu6MESi38IKiNRLtKZ7iSYlkBprbbLvby', 48, 0, '2024-02-25 05:59:27', '2024-02-25 05:59:27', 0, NULL, NULL, 0),
(863, 'Rosina Vanin', 'rvaninnb@geocities.jp', '$2a$04$sXgSGeeEAI.JDQXnBqmjpu4Y0HAM6Q7fRSMjSlUsbNXSAbAm6.26G', 18, 0, '2024-02-25 05:59:27', '2024-02-25 05:59:27', 0, NULL, NULL, 0),
(864, 'Kenton Llewelly', 'kllewellync@stanford.edu', '$2a$04$lUWH.vhmcvoMbMQLs1lb2.8LFPnmTcSY3YOmSAaVcsstDMvDYBO7G', 18, 0, '2024-02-25 05:59:27', '2024-02-25 05:59:27', 0, NULL, NULL, 0),
(865, 'Ambrosi Lyosik', 'alyosiknd@globo.com', '$2a$04$tnOwskcJOfPLDftcCFxyLeepDyoB65bkEzlfBhsYWkWFL.KzshuJ2', 50, 0, '2024-02-25 05:59:27', '2024-02-25 05:59:27', 0, NULL, NULL, 0),
(866, 'Meggy McClements', 'mmcclementsne@statcounter.com', '$2a$04$HnPc.U0L6Furk1abEK14T.Wlx9H2vZkvqSZBySWsX9G.MgtgH3/Qm', 31, 0, '2024-02-25 05:59:27', '2024-02-25 05:59:27', 0, NULL, NULL, 0),
(867, 'Gawain Curston', 'gcurstonnf@xing.com', '$2a$04$4EuwCP/v7CQO2BtB56lqmOnNxOIl.6qhivj0oM1J0ddFs.5JSdpWe', 46, 0, '2024-02-25 05:59:27', '2024-02-25 05:59:27', 0, NULL, NULL, 0),
(868, 'Saraann Guarnier', 'sguarnierng@uol.com.br', '$2a$04$P19hc7iuvO1QWGKCSiKN2.X9l49jF.nF.OwgBYGLffQLqaTU4TKlW', 41, 0, '2024-02-25 05:59:27', '2024-02-25 05:59:27', 0, NULL, NULL, 0),
(869, 'Lonee Keune', 'lkeunenh@privacy.gov.au', '$2a$04$9P0VZQa3ULUu6cVaQrFFueh3NFLKv0aJ3xQltrRNiKMF3BJeRLKqW', 25, 0, '2024-02-25 05:59:27', '2024-02-25 05:59:27', 0, NULL, NULL, 0),
(870, 'Stacie Zorro', 'szorroni@linkedin.com', '$2a$04$AMO9zEueEm0oCr3nZJTUHOKgNGDmZCcMj3NQ0sdn4UZUzwihxdxYi', 43, 0, '2024-02-25 05:59:27', '2024-02-25 05:59:27', 0, NULL, NULL, 0),
(871, 'Emanuel Goford', 'egofordnj@mozilla.com', '$2a$04$UWz3Vghca4mJP8AcO2oqXerQBjpve1qS8Y7glG6Q8x.wGbKzc9CZi', 15, 0, '2024-02-25 05:59:27', '2024-02-25 05:59:27', 0, NULL, NULL, 0),
(872, 'Maxy Kubanek', 'mkubaneknk@macromedia.com', '$2a$04$0Yc5v62JWfH1OeXCrq7uHe0XKUdh3lqX9rpDCCNIg9Rnm.Rh9HoDO', 31, 0, '2024-02-25 05:59:27', '2024-02-25 05:59:27', 0, NULL, NULL, 0),
(873, 'Carlita Plows', 'cplowsnl@loc.gov', '$2a$04$NoWfnIBWPHDHyOv1zPeFWejvUQrshhEfuIEbK4z/oaVGElf.fF9Dm', 15, 0, '2024-02-25 05:59:27', '2024-02-25 05:59:27', 0, NULL, NULL, 0),
(874, 'Franklyn Sibson', 'fsibsonnm@jalbum.net', '$2a$04$YOlwH55h2L9/HK8O6suOlenF1VKlEMZE.dx.N4Jw70le.O0JaGhym', 20, 0, '2024-02-25 05:59:27', '2024-02-25 05:59:27', 0, NULL, NULL, 0),
(875, 'Weylin Gwilt', 'wgwiltnn@sciencedaily.com', '$2a$04$fg8qGIEJuyw23Glm5BrTru8rPURCoDewKhMjAKEXQX1yn/yLxg5o.', 48, 0, '2024-02-25 05:59:27', '2024-02-25 05:59:27', 0, NULL, NULL, 0),
(876, 'Pansie Kleisel', 'pkleiselno@github.com', '$2a$04$mX.U30Xs2hFsDnHO8kgrgO5mch..Wcv4yRGEYBtma6DRsPcfPVs2S', 39, 0, '2024-02-25 05:59:27', '2024-02-25 05:59:27', 0, NULL, NULL, 0),
(877, 'Deb Comi', 'dcominp@google.com.br', '$2a$04$TZ0D2P7QSi0mCN75zd0/pukDU3AHUZYTs21KeZNwcU8ixlLHMESUC', 17, 0, '2024-02-25 05:59:27', '2024-02-25 05:59:27', 0, NULL, NULL, 0),
(878, 'Fielding Mundford', 'fmundfordnq@china.com.cn', '$2a$04$a4Pwhh2s2hCG/Eg27j8AjePSwB2hzd0Afjm8MguJtTOfytBDIibie', 35, 0, '2024-02-25 05:59:27', '2024-02-25 05:59:27', 0, NULL, NULL, 0),
(879, 'Drucy Ragsdale', 'dragsdalenr@myspace.com', '$2a$04$ZIzLSqWX.M..OO.qbWOh4elrZ9RlADg8ItItd8H/oDE6yj9bjmQum', 23, 0, '2024-02-25 05:59:27', '2024-02-25 05:59:27', 0, NULL, NULL, 0),
(880, 'Nada Gras', 'ngrasns@shinystat.com', '$2a$04$zTBJNpHYE54U2HmiIf7RYeaY5hmPZYuwtvz3.bytOLy/g5riaZQ2K', 26, 0, '2024-02-25 05:59:27', '2024-02-25 05:59:27', 0, NULL, NULL, 0),
(881, 'Joceline Cracoe', 'jcracoent@php.net', '$2a$04$vq9dFXd4jeGJ.JTmrmbmn.EGjr2rMq8jXX4fl6I4V8swIEf8PVQAm', 39, 0, '2024-02-25 05:59:27', '2024-02-25 05:59:27', 0, NULL, NULL, 0),
(882, 'Lucky Treanor', 'ltreanornu@taobao.com', '$2a$04$p4bHZ43tP/SXg77/PbbEUOsoAseBkHyiJFA4AGmyPtC4fJW9D4O26', 19, 0, '2024-02-25 05:59:27', '2024-02-25 05:59:27', 0, NULL, NULL, 0),
(883, 'Quinlan Ithell', 'qithellnv@tamu.edu', '$2a$04$bFZ.52ThLy0nMnausvbxQ.nv/5jPkxgI7W2FE16o6jfB8wCLbP4sK', 39, 0, '2024-02-25 05:59:27', '2024-02-25 05:59:27', 0, NULL, NULL, 0),
(884, 'Conn Dispencer', 'cdispencernw@army.mil', '$2a$04$Mh848rith4M62QS10Dzb/upnyI/JMJM/ZCFMHhhedWcMZ5GHzaQMy', 41, 0, '2024-02-25 05:59:27', '2024-02-25 05:59:27', 0, NULL, NULL, 0),
(885, 'Tildie Handley', 'thandleynx@examiner.com', '$2a$04$1UeoSVGT71NFoIyZbqCkt.pGD2/Ce40iyLDMv3paLwCD.RkLHqjN.', 21, 0, '2024-02-25 05:59:27', '2024-02-25 05:59:27', 0, NULL, NULL, 0),
(886, 'Elvis Iorizzo', 'eiorizzony@redcross.org', '$2a$04$zq5gFDFhclP6tvBG6vIyQuCXGYMkUoQ6XN.84O1Pzv9QTktCfGAtG', 30, 0, '2024-02-25 05:59:27', '2024-02-25 05:59:27', 0, NULL, NULL, 0),
(887, 'Deina Vigors', 'dvigorsnz@photobucket.com', '$2a$04$URo5pHdmNJkC6f5DEKu6uecQrh/XUlxwO6BpK4fLI/rc2Pug46VGy', 39, 0, '2024-02-25 05:59:27', '2024-02-25 05:59:27', 0, NULL, NULL, 0),
(888, 'Linn Gowan', 'lgowano0@yahoo.com', '$2a$04$pg2i0d7C2UWzPrRQi7xiqeymGmsNyB5xA4OP6hZ.EAzjhbYic9lk2', 45, 0, '2024-02-25 05:59:27', '2024-02-25 05:59:27', 0, NULL, NULL, 0),
(889, 'Emmeline Syder', 'esydero1@nytimes.com', '$2a$04$85EEVPp5cG0oF5USVl/T1O0Yw2qq1Y6WeYEkQGj5QzvyCrRGGeZ/2', 31, 0, '2024-02-25 05:59:27', '2024-02-25 05:59:27', 0, NULL, NULL, 0),
(890, 'Alameda Bradden', 'abraddeno2@hc360.com', '$2a$04$gAWQfpq.ggXP/zF.W83DPuhSijnaPXwiVe4V7U/8QG9v/hBVX3QZK', 26, 0, '2024-02-25 05:59:27', '2024-02-25 05:59:27', 0, NULL, NULL, 0),
(891, 'Elsey Margetson', 'emargetsono3@icq.com', '$2a$04$Xwa3I3mUZFVgmvyWMY2JeOXgH7FsWtZaW2kNTwa03eds3navvqkkO', 43, 0, '2024-02-25 05:59:27', '2024-02-25 05:59:27', 0, NULL, NULL, 0),
(892, 'Sarajane Gooden', 'sgoodeno4@soup.io', '$2a$04$hS8JFcAcaanZJNOxUAVslOCTS3lgczrRNIJKtXNPN/QB3NfgISDPW', 28, 0, '2024-02-25 05:59:27', '2024-02-25 05:59:27', 0, NULL, NULL, 0),
(893, 'Yard Doohan', 'ydoohano5@springer.com', '$2a$04$06SpTQZymcFunOl/PXttWOLbFESRwAO8JsAFOgZ9eKGxLX0nTCZke', 40, 0, '2024-02-25 05:59:27', '2024-02-25 05:59:27', 0, NULL, NULL, 0),
(894, 'Miquela Blasing', 'mblasingo6@cnet.com', '$2a$04$ekgeI5Dg/DJ7eGmnJ7zlmunGof1O55WFKBLKCmL2lG8um4nT1zjke', 36, 0, '2024-02-25 05:59:27', '2024-02-25 05:59:27', 0, NULL, NULL, 0),
(895, 'Maximilien Steele', 'msteeleo7@hugedomains.com', '$2a$04$DHH7RrgOy2rTNQZNukVMNukqgTbhZ/1daLDUr4QXarrtb514x1XWu', 47, 0, '2024-02-25 05:59:27', '2024-02-25 05:59:27', 0, NULL, NULL, 0),
(896, 'Ernst Banthorpe', 'ebanthorpeo8@booking.com', '$2a$04$WQ/C3Tdcb5zwAyCRFfC3LOc2sb3GRt3/uNQpmH2fLc/T389NdHDWm', 36, 0, '2024-02-25 05:59:27', '2024-02-25 05:59:27', 0, NULL, NULL, 0),
(897, 'Jean Jori', 'jjorio9@comcast.net', '$2a$04$s0scEM7LAgMKFCrpD9W6gedgn2afGqf2FFHgFx3XUEy3waB3nOEg.', 45, 0, '2024-02-25 05:59:27', '2024-02-25 05:59:27', 0, NULL, NULL, 0),
(898, 'Jorrie Brickham', 'jbrickhamoa@icio.us', '$2a$04$RpvfvkfCTWxy1Apo/D/W8.KH09wNZff9fd9nkccV4IY1y69xkPnw.', 29, 0, '2024-02-25 05:59:27', '2024-02-25 05:59:27', 0, NULL, NULL, 0),
(899, 'Pascale Skeates', 'pskeatesob@oracle.com', '$2a$04$68ny7DcATi0xw/fivohYou.bHiAd7sOhJ9xpRGYNw4DGYjZsDXWWO', 40, 0, '2024-02-25 05:59:27', '2024-02-25 05:59:27', 0, NULL, NULL, 0),
(900, 'Teodoro Rolfini', 'trolfinioc@hc360.com', '$2a$04$rTHDaWP6myBLzcGqHOk.jeAy9Nas.L8EvsSbRq0asJVzlUXitU4r2', 16, 0, '2024-02-25 05:59:27', '2024-02-25 05:59:27', 0, NULL, NULL, 0),
(901, 'Trudy Legges', 'tleggesod@wiley.com', '$2a$04$a8tr8ptAmOMdrmxlIqNsxeUbpX2WSFrD4pjK6Ui9zw2BndE6XVal.', 21, 0, '2024-02-25 05:59:27', '2024-02-25 05:59:27', 0, NULL, NULL, 0),
(902, 'Dana Sommerfeld', 'dsommerfeldoe@infoseek.co.jp', '$2a$04$rIOYzFljQ2f50.vMvhSbH.SSl/qccVfzCYoWXmmNRZwdMAYX43b1S', 20, 0, '2024-02-25 05:59:27', '2024-02-25 05:59:27', 0, NULL, NULL, 0),
(903, 'Percy Jeschner', 'pjeschnerof@hexun.com', '$2a$04$9RDNYFC6rE6EA5k9GGBRjejaetPgTz.FEvnbIcUIu3ZsJnAnrqJpS', 36, 0, '2024-02-25 05:59:27', '2024-02-25 05:59:27', 0, NULL, NULL, 0),
(904, 'Margit Botly', 'mbotlyog@reddit.com', '$2a$04$nsIVi.4suNG4u0kTFuxpKunkxUMcZYnFRtxr11Jr1KGbGQcSiZnKS', 31, 0, '2024-02-25 05:59:27', '2024-02-25 05:59:27', 0, NULL, NULL, 0),
(905, 'Constantia Rosenzveig', 'crosenzveigoh@cargocollective.com', '$2a$04$Tf9/1O.bH.jrgLlaqa55J.KogRW9dT9Hk67YzFbror1fc.RNQ/0ie', 33, 0, '2024-02-25 05:59:27', '2024-02-25 05:59:27', 0, NULL, NULL, 0),
(906, 'Kalie Gibby', 'kgibbyoi@pinterest.com', '$2a$04$c0xM5Nt39eSsaI4L29ujSOOZc8hUWreuaDNMe5sIvnAASvzxvT56a', 23, 0, '2024-02-25 05:59:27', '2024-02-25 05:59:27', 0, NULL, NULL, 0),
(907, 'Juliane Oleksiak', 'joleksiakoj@guardian.co.uk', '$2a$04$FL9taykAVU2B3D2bxNgO.OsD1/nd6DIKCLlPOUW8wMYBBVU41Wovu', 48, 0, '2024-02-25 05:59:27', '2024-02-25 05:59:27', 0, NULL, NULL, 0),
(908, 'Sharai Ducastel', 'sducastelok@bbb.org', '$2a$04$6qrZPSFQIZs1HK.rYU5FwuGvHG8eFKDtBX5sLZYYI1rItuBLYdQVK', 36, 0, '2024-02-25 05:59:27', '2024-02-25 05:59:27', 0, NULL, NULL, 0),
(909, 'Ronda Ainsby', 'rainsbyol@theglobeandmail.com', '$2a$04$NC.WO3AdHthD2MqfZxETJ./Gv9Zp1Fwws0NVkYVMW8mINPXbxUJNK', 17, 0, '2024-02-25 05:59:27', '2024-02-25 05:59:27', 0, NULL, NULL, 0),
(910, 'Barthel de Banke', 'bdeom@diigo.com', '$2a$04$S43UzKxR9Xg6OvAQfZO5Qe79IZ5Srne2rgwR7KFI8oPLOYe20N0xC', 44, 0, '2024-02-25 05:59:27', '2024-02-25 05:59:27', 0, NULL, NULL, 0),
(911, 'Belicia Etchell', 'betchellon@europa.eu', '$2a$04$EbbBaa55KEvyQwFeKWPwpeQE.mJcy67PlU6b2Lzlzw9N0ZxJUw5dG', 50, 0, '2024-02-25 05:59:27', '2024-02-25 05:59:27', 0, NULL, NULL, 0),
(912, 'Lotti Arnoult', 'larnoultoo@youtu.be', '$2a$04$ddws1I9XR3kk4kIm0CqTJOvf2VDil3WIBd8YvT.YbxoU9O2zUQCgW', 31, 0, '2024-02-25 05:59:27', '2024-02-25 05:59:27', 0, NULL, NULL, 0),
(913, 'Annetta Flintoffe', 'aflintoffeop@china.com.cn', '$2a$04$aB2/6vPr8Zs1fCkUtwTjveiqH4/Wz2vOKLCm22McJyB4Xir3XOhv.', 21, 0, '2024-02-25 05:59:27', '2024-02-25 05:59:27', 0, NULL, NULL, 0),
(914, 'Bria Virgo', 'bvirgooq@is.gd', '$2a$04$aP4JT4tb/hOHy5wpH4uohunJ2.PnjUoDg2Fxe/JbyyuqU5G1STkbu', 40, 0, '2024-02-25 05:59:27', '2024-02-25 05:59:27', 0, NULL, NULL, 0),
(915, 'Eleonora Stapylton', 'estapyltonor@blogger.com', '$2a$04$nblR6nGwhP1tvHsDSAqfHeWDWmZFO7C7NHEUTLwe7NOJ0soFs.6ey', 35, 0, '2024-02-25 05:59:27', '2024-02-25 05:59:27', 0, NULL, NULL, 0),
(916, 'Fern Winthrop', 'fwinthropos@wikispaces.com', '$2a$04$1zISZQ17Ix2u9mMRSwTxwODOOK/SNOba/wiLr2M47e2SqUdKocdNK', 41, 0, '2024-02-25 05:59:27', '2024-02-25 05:59:27', 0, NULL, NULL, 0),
(917, 'Berna Raspison', 'braspisonot@disqus.com', '$2a$04$msxZBLX6gY8pTgpNMgMt1.7tQVa0tdAMrl6OelnEuWDaNHu7OGfz.', 20, 0, '2024-02-25 05:59:27', '2024-02-25 05:59:27', 0, NULL, NULL, 0),
(918, 'Nappy Coverley', 'ncoverleyou@oaic.gov.au', '$2a$04$ZlPqdLtOpqvmgn8gAokZvecpDnwbnnz3UfdT/71SnpQuLPk8lpkyK', 42, 0, '2024-02-25 05:59:27', '2024-02-25 05:59:27', 0, NULL, NULL, 0),
(919, 'Alexandra Geator', 'ageatorov@ucsd.edu', '$2a$04$OUlopp6CYDtvKgGdT/Fv0ONyhRiAn3dmwEIclJWl9kXwyAGy9VIpu', 16, 0, '2024-02-25 05:59:27', '2024-02-25 05:59:27', 0, NULL, NULL, 0),
(920, 'Kin Stopper', 'kstopperow@vimeo.com', '$2a$04$w7mNSEEhQwsFqvlLGgWvX.6b9LUTWxVWTLlGYOLKPebIHuQKLzC7O', 26, 0, '2024-02-25 05:59:27', '2024-02-25 05:59:27', 0, NULL, NULL, 0),
(921, 'Elvera Jeannard', 'ejeannardox@sfgate.com', '$2a$04$mrnh0IFZUPK3iw6t9q8uvulf9b5ZQEhNbhy/n6TBpc15ov2gufmYW', 17, 0, '2024-02-25 05:59:27', '2024-02-25 05:59:27', 0, NULL, NULL, 0),
(922, 'Doralynn Dyos', 'ddyosoy@jimdo.com', '$2a$04$RfDCr7scwkbYHu3UyG8B9.O7rzKZ9vbp0w/AyuoDAv6KDZOdHQ/Cy', 35, 0, '2024-02-25 05:59:27', '2024-02-25 05:59:27', 0, NULL, NULL, 0),
(923, 'Mycah Ferronet', 'mferronetoz@ucla.edu', '$2a$04$3X7t0ZZlButltLZTI9pDDOAZivrXhkeRMf.SVQRgl6xJLtybQvECC', 36, 0, '2024-02-25 05:59:28', '2024-02-25 05:59:28', 0, NULL, NULL, 0),
(924, 'Carie Killich', 'ckillichp0@eepurl.com', '$2a$04$ve5UX25YPEptJG2fPrrbnOa5Xptp.ADsiTEstuY3FoSIGrMOSud3e', 44, 0, '2024-02-25 05:59:28', '2024-02-25 05:59:28', 0, NULL, NULL, 0),
(925, 'Flory Matiasek', 'fmatiasekp1@irs.gov', '$2a$04$Ba7Og1fEnHnnJ.Bligd2JO9g2qMI5XwbnFAUE1hNO3XHy8teBn166', 28, 0, '2024-02-25 05:59:28', '2024-02-25 05:59:28', 0, NULL, NULL, 0),
(926, 'Maxy Monksfield', 'mmonksfieldp2@about.com', '$2a$04$JOsKCENutdhdre3RP.5saek8r8m76P4wrDFiuatjurQKO5FHMqz1G', 36, 0, '2024-02-25 05:59:28', '2024-02-25 05:59:28', 0, NULL, NULL, 0),
(927, 'Corbin Farlambe', 'cfarlambep3@youku.com', '$2a$04$inpUgwNHKk35IjK9804WIePgIO6fVc9tuXFvC16/Rfye6Q0tL2zMi', 17, 0, '2024-02-25 05:59:28', '2024-02-25 05:59:28', 0, NULL, NULL, 0),
(928, 'Idette Delicate', 'idelicatep4@epa.gov', '$2a$04$LRHTqKqIwpIazOw7iT8KDOkihAueERn/gJxQEcfs9pHLzpM3pm1pq', 35, 0, '2024-02-25 05:59:28', '2024-02-25 05:59:28', 0, NULL, NULL, 0),
(929, 'Cary Crotch', 'ccrotchp5@godaddy.com', '$2a$04$5iSZGpO3SbE6s7qFub3b0ujdIo7pfYITbd0wODFYH6Dwr58P.Vv2a', 47, 0, '2024-02-25 05:59:28', '2024-02-25 05:59:28', 0, NULL, NULL, 0),
(930, 'Raimondo Lisamore', 'rlisamorep6@cpanel.net', '$2a$04$U22.2Tl8.93fvt6IecYMMeOyTmRfa3jjK/spTkneITTMmGWWmNYXu', 47, 0, '2024-02-25 05:59:28', '2024-02-25 05:59:28', 0, NULL, NULL, 0),
(931, 'Salomi Stratton', 'sstrattonp7@ucla.edu', '$2a$04$pVqzE5QLDscOFPeSRKkLEuoBPaYBejAXbusy7iN0TOatj2Sy9uUDG', 40, 0, '2024-02-25 05:59:28', '2024-02-25 05:59:28', 0, NULL, NULL, 0),
(932, 'Ealasaid Kean', 'ekeanp8@deliciousdays.com', '$2a$04$YDf2LTicEq49U4iPvXSJLOvRRbwLTiU1VPOF0ZKZjHHpyGXTmARK.', 19, 0, '2024-02-25 05:59:28', '2024-02-25 05:59:28', 0, NULL, NULL, 0),
(933, 'Niels Goodliff', 'ngoodliffp9@forbes.com', '$2a$04$hZvnT.40gXmBTF9Xa2oyx.hkVtgyistzWv0RpARpZvkCEZageFuCS', 28, 0, '2024-02-25 05:59:28', '2024-02-25 05:59:28', 0, NULL, NULL, 0),
(934, 'Gilles Gunter', 'ggunterpa@businesswire.com', '$2a$04$ORM3eUzk4o.NhMthwnqivOOaubRMDHvS82swH/jWe/TYSiJR3eEDq', 39, 0, '2024-02-25 05:59:28', '2024-02-25 05:59:28', 0, NULL, NULL, 0),
(935, 'Waylon Antognozzii', 'wantognozziipb@seattletimes.com', '$2a$04$oY7u3.VZ9ImRdt.GORGnDOdTDOn4lauPmn6ajwiDdHjmBxp8mQRQi', 45, 0, '2024-02-25 05:59:28', '2024-02-25 05:59:28', 0, NULL, NULL, 0),
(936, 'Yancey Banane', 'ybananepc@freewebs.com', '$2a$04$D.ibFcKeKleC55sfYUVf/uivSCZsQ54nV9vu1BmJRIR2bJg6iAJQS', 29, 0, '2024-02-25 05:59:28', '2024-02-25 05:59:28', 0, NULL, NULL, 0),
(937, 'Paul Plumbe', 'pplumbepd@amazon.com', '$2a$04$Vbajt/w2QQEYpx5COC.Q6eKnYoQQ.puNgRVyM1mUzp5I70YVHmDgm', 35, 0, '2024-02-25 05:59:28', '2024-02-25 05:59:28', 0, NULL, NULL, 0),
(938, 'Cassius Phinnis', 'cphinnispe@last.fm', '$2a$04$ed64BzATe3yTSfgfiPrZX.6xXP3jIeFxEaC9UNr857.FlFq8qMLuO', 29, 0, '2024-02-25 05:59:28', '2024-02-25 05:59:28', 0, NULL, NULL, 0),
(939, 'Filippa Chopin', 'fchopinpf@cyberchimps.com', '$2a$04$Ye5Q3CIF6/Ni4.y17YK09u/vE6vujUhyyJl1sGRB/dMHnttn7W2H6', 31, 0, '2024-02-25 05:59:28', '2024-02-25 05:59:28', 0, NULL, NULL, 0),
(940, 'Jelene Conrart', 'jconrartpg@imgur.com', '$2a$04$GQjC36VLP..n59n5DWBBVuJo7nkOtA2lKbMydzaIw.1m6ZYjRYgPG', 16, 0, '2024-02-25 05:59:28', '2024-02-25 05:59:28', 0, NULL, NULL, 0),
(941, 'Elora Allwell', 'eallwellph@com.com', '$2a$04$T1jgwyTlhQYJo3X6GvwcQ..eZTOb/7SpBDqvUxkULWEUtx4G4M1/m', 28, 0, '2024-02-25 05:59:28', '2024-02-25 05:59:28', 0, NULL, NULL, 0),
(942, 'Bo Larret', 'blarretpi@geocities.jp', '$2a$04$7MAkejBg8oxDHCP0L5QXg.4hJQ6AwgimeRnmnPE5Nk7f8iN3wKvCS', 26, 0, '2024-02-25 05:59:28', '2024-02-25 05:59:28', 0, NULL, NULL, 0),
(943, 'Christina Bowfin', 'cbowfinpj@ebay.com', '$2a$04$nsMYI4KfLqs03PoINjIbU.5VrTT/RAL9ThDao4sfk8nA1gRA1lCn2', 42, 0, '2024-02-25 05:59:28', '2024-02-25 05:59:28', 0, NULL, NULL, 0),
(944, 'Gardie O\'Currine', 'gocurrinepk@economist.com', '$2a$04$4Ok9yTHhj2B9peqRV8EZveNCWeLPvHSrlaOWljxYlHhJBfZwjltpa', 47, 0, '2024-02-25 05:59:28', '2024-02-25 05:59:28', 0, NULL, NULL, 0),
(945, 'Guinevere Kupka', 'gkupkapl@paginegialle.it', '$2a$04$7GVECcRsFvFCAjb9noQFw.C5u2jBBj1GBuV5MSb4gOLnVpdfCOYhS', 40, 0, '2024-02-25 05:59:28', '2024-02-25 05:59:28', 0, NULL, NULL, 0),
(946, 'Burty Haly', 'bhalypm@intel.com', '$2a$04$IR3Z8MoCYTM9SNg6DvaqTeusp6Bn4ll7a0hQPZxh91DesrA.f9Dd6', 24, 0, '2024-02-25 05:59:28', '2024-02-25 05:59:28', 0, NULL, NULL, 0),
(947, 'Rosaline Monkley', 'rmonkleypn@amazon.co.uk', '$2a$04$2wfWLQLFLTCEehqZ76y/fOzc41BT77Wkv2AiLMhCIbOBkJM4pVkvy', 35, 0, '2024-02-25 05:59:28', '2024-02-25 05:59:28', 0, NULL, NULL, 0),
(948, 'Carr Volage', 'cvolagepo@cocolog-nifty.com', '$2a$04$6MwTPcv0v9RsxBQXajXjI.QV2WSz3KMl71XCtW5tx4RZ9GvlTAEJ2', 28, 0, '2024-02-25 05:59:28', '2024-02-25 05:59:28', 0, NULL, NULL, 0),
(949, 'Karena Iacovielli', 'kiacoviellipp@ehow.com', '$2a$04$UikDsLOqZcIo7XmR8COvK.CBO2tuHMfn4EwN3HqLrlab837nQ1dEa', 50, 0, '2024-02-25 05:59:28', '2024-02-25 05:59:28', 0, NULL, NULL, 0),
(950, 'Cathi Gumb', 'cgumbpq@comsenz.com', '$2a$04$PVh..wxWvEREFhK8kGPZpOylHaMVx2syZWAeOUHa8XLfmoWLtSCHO', 47, 0, '2024-02-25 05:59:28', '2024-02-25 05:59:28', 0, NULL, NULL, 0),
(951, 'Virginie Mordey', 'vmordeypr@comcast.net', '$2a$04$.eubDAr3br7vqJVsym2l0eBkdHST9K0Ou1OATAmqMG7EwxMUxflOq', 32, 0, '2024-02-25 05:59:28', '2024-02-25 05:59:28', 0, NULL, NULL, 0),
(952, 'Padraig Jervis', 'pjervisps@joomla.org', '$2a$04$pwbeL9foE8Zg4VkPVxVESuSd6ifBzY1flN2M38HheeFFsvig/.rrC', 46, 0, '2024-02-25 05:59:28', '2024-02-25 05:59:28', 0, NULL, NULL, 0),
(953, 'Cherie Stang-Gjertsen', 'cstanggjertsenpt@reuters.com', '$2a$04$gH1VjmwV/GzEWCD953w5aeZgrlKvCYFa2NpsXLVYMbCz/h7HgZkw2', 50, 0, '2024-02-25 05:59:28', '2024-02-25 05:59:28', 0, NULL, NULL, 0),
(954, 'Beatriz Lynett', 'blynettpu@dailymail.co.uk', '$2a$04$axFgys3pmZEjVhMJMmksZOuDt62RdWWqo/DO4cuAuUEnEtLlmfGIG', 35, 0, '2024-02-25 05:59:28', '2024-02-25 05:59:28', 0, NULL, NULL, 0),
(955, 'Fara Calam', 'fcalampv@php.net', '$2a$04$chka94wCeSkqbI/h6SighOW7h1iYd1pfvjixPesT68Muoz.32qqyq', 48, 0, '2024-02-25 05:59:28', '2024-02-25 05:59:28', 0, NULL, NULL, 0),
(956, 'Rana Dorset', 'rdorsetpw@toplist.cz', '$2a$04$zCyHsQ9oSz2j3.yzQm24W.EcNMpA14Lf9S38Yt2A.ZycpEgjzRZ86', 28, 0, '2024-02-25 05:59:28', '2024-02-25 05:59:28', 0, NULL, NULL, 0),
(957, 'Ebonee Ginnaly', 'eginnalypx@google.ru', '$2a$04$oPl46nqC4cfA.Kgpvv1FWeQquPd78M1ZN1GMFtOheaDNIpA/WGH4q', 44, 0, '2024-02-25 05:59:28', '2024-02-25 05:59:28', 0, NULL, NULL, 0),
(958, 'Tracey Boggers', 'tboggerspy@pcworld.com', '$2a$04$mKypbQAS96J1uuJ22xUWYuVXnRRntUNdOadPzFC.QEUIbL9fFwd3G', 15, 0, '2024-02-25 05:59:28', '2024-02-25 05:59:28', 0, NULL, NULL, 0),
(959, 'Bradford Hackey', 'bhackeypz@ox.ac.uk', '$2a$04$gcMygu7vIHUsaexcK1fMIuuwhGsL2g5dahX2wQ5QSjq/FakVQK.zC', 43, 0, '2024-02-25 05:59:28', '2024-02-25 05:59:28', 0, NULL, NULL, 0),
(960, 'Mic Ciciari', 'mciciariq0@yale.edu', '$2a$04$YIFSa.arr.9Dn41.OVYDZev.ryrXeq51pW1sBfuBj/.1KvIkYqiFq', 22, 0, '2024-02-25 05:59:28', '2024-02-25 05:59:28', 0, NULL, NULL, 0),
(961, 'Lela McCabe', 'lmccabeq1@disqus.com', '$2a$04$RNWEaP69.1LhzHXU9K5n1eyF5.RbgliHFJP9zF7..ubswwPRiSogW', 20, 0, '2024-02-25 05:59:28', '2024-02-25 05:59:28', 0, NULL, NULL, 0),
(962, 'Alli Foxall', 'afoxallq2@twitter.com', '$2a$04$L/56.6R2eVuyF69qotPqV.brt47WOxkAbeuRIsnQX8EiWaenrQI22', 28, 0, '2024-02-25 05:59:28', '2024-02-25 05:59:28', 0, NULL, NULL, 0),
(963, 'Marmaduke Insoll', 'minsollq3@flavors.me', '$2a$04$.D/clpAKBu5yOYXA2Q9iVOa903DKdFH7sIoJUGWra77G.7.Z5RNxa', 23, 0, '2024-02-25 05:59:28', '2024-02-25 05:59:28', 0, NULL, NULL, 0),
(964, 'Jacqui Philbrick', 'jphilbrickq4@samsung.com', '$2a$04$CGgwDs/CjPhCN9GHm4x7xuiKsjRvJ2vTGPwo4b1/StG0wyosUYcRK', 45, 0, '2024-02-25 05:59:28', '2024-02-25 05:59:28', 0, NULL, NULL, 0),
(965, 'Carlene Papps', 'cpappsq5@ibm.com', '$2a$04$Aqx8oJMmpnIdDZPeJycY/ORt/C9.vJQ2bEyTRh/SWY3cpPbHf4kOi', 41, 0, '2024-02-25 05:59:28', '2024-02-25 05:59:28', 0, NULL, NULL, 0),
(966, 'Carena Netti', 'cnettiq6@youtu.be', '$2a$04$Ssqf4RLlBan4Sc0UPNZB6epIl3ZDxWU9VK4pLfUwWWEuMem3yThpW', 17, 0, '2024-02-25 05:59:28', '2024-02-25 05:59:28', 0, NULL, NULL, 0),
(967, 'Terry Teligin', 'tteliginq7@nymag.com', '$2a$04$.jR54PqhLjqn8/.Pr9ZCMOgUuFsBZlUexA6CU7DayT2yXg.NwcAY6', 27, 0, '2024-02-25 05:59:28', '2024-02-25 05:59:28', 0, NULL, NULL, 0),
(968, 'Simone Filtness', 'sfiltnessq8@ed.gov', '$2a$04$/KOR9Is7MVn3OXf8hYYxS.zKRgZ1zAG2kyqZZ2A4U9.MgZXNAcztm', 20, 0, '2024-02-25 05:59:28', '2024-02-25 05:59:28', 0, NULL, NULL, 0),
(969, 'Dore Bluett', 'dbluettq9@illinois.edu', '$2a$04$QJ7rgpXcmg.pQqc0IWhda.rLBMKxh8cbFJfMVzFYL3GxSGN2ZGMJS', 29, 0, '2024-02-25 05:59:28', '2024-02-25 05:59:28', 0, NULL, NULL, 0),
(970, 'Carolin Runnalls', 'crunnallsqa@techcrunch.com', '$2a$04$QJdEzyCm3BZgGrFZpwMaV.GM19PwIOmX.h/aJLdkxDZpG5c3JzWpO', 47, 0, '2024-02-25 05:59:28', '2024-02-25 05:59:28', 0, NULL, NULL, 0),
(971, 'Karole Dinneges', 'kdinnegesqb@pen.io', '$2a$04$b5uCgpdvoakBYvgeoywvSexf3pol6EavUWYMufIochZ3DTVxoUMwy', 31, 0, '2024-02-25 05:59:28', '2024-02-25 05:59:28', 0, NULL, NULL, 0),
(972, 'Denis McKerron', 'dmckerronqc@webs.com', '$2a$04$S6HZq2jGPiymsYnp48Jv1uBp36ChVA9P.e8MFhfNFRlnfdKjdwo/q', 32, 0, '2024-02-25 05:59:28', '2024-02-25 05:59:28', 0, NULL, NULL, 0),
(973, 'Wilhelmine Martinie', 'wmartinieqd@latimes.com', '$2a$04$Jw2z4pSMeOd0LgMx9gfHpu5jR2kAIM9oQT/gU4qH6vNLZ1zdHF32a', 31, 0, '2024-02-25 05:59:28', '2024-02-25 05:59:28', 0, NULL, NULL, 0),
(974, 'Gusella Greed', 'ggreedqe@qq.com', '$2a$04$3FEzjunMllVi/OwWa2sKwuwQtUVsownUpSPkOhy3iZawcj1bOVKDK', 46, 0, '2024-02-25 05:59:28', '2024-02-25 05:59:28', 0, NULL, NULL, 0),
(975, 'Willi Feenan', 'wfeenanqf@barnesandnoble.com', '$2a$04$LJMZRE.RPwZsHU9DDWHNPu1q0gpBNrVQbww9Cuw064A95HDTddCoC', 46, 0, '2024-02-25 05:59:28', '2024-02-25 05:59:28', 0, NULL, NULL, 0),
(976, 'Kimberli Sawl', 'ksawlqg@nhs.uk', '$2a$04$6bgI4y7xJpWRoLOhqmwfeuhF8AlrBQpycsb0Jxo1Au8XUX5oIZxBe', 44, 0, '2024-02-25 05:59:28', '2024-02-25 05:59:28', 0, NULL, NULL, 0),
(977, 'Marshall Hardey', 'mhardeyqh@comsenz.com', '$2a$04$D.66BIflT0oWzNKNWf0a1uChBT/BiqFB/FceF932X4dyJQFAJqVpG', 48, 0, '2024-02-25 05:59:28', '2024-02-25 05:59:28', 0, NULL, NULL, 0),
(978, 'Penny Falla', 'pfallaqi@bravesites.com', '$2a$04$au6KtfhY.LP3z1qMh61bvOStIa4MUPRwK.ADS7rzY/6kvhyGppNwW', 30, 0, '2024-02-25 05:59:28', '2024-02-25 05:59:28', 0, NULL, NULL, 0),
(979, 'Devan Jinks', 'djinksqj@wikispaces.com', '$2a$04$uJ0Oj6aE/M.7N/uUYPyIkuLeTElUWjPeadlKOAqbAk/sTthR04Obi', 45, 0, '2024-02-25 05:59:28', '2024-02-25 05:59:28', 0, NULL, NULL, 0),
(980, 'Forest Anthiftle', 'fanthiftleqk@hatena.ne.jp', '$2a$04$gu8MBG9rp3C50LW0pO1xgeESujMUdSKvhY22bzH0LZqV5FTq6wxea', 28, 0, '2024-02-25 05:59:28', '2024-02-25 05:59:28', 0, NULL, NULL, 0),
(981, 'Owen Board', 'oboardql@psu.edu', '$2a$04$My/P0cyhAmAubhsKtXwgv.eHtWRJCzui2yB3LOLAE.55StdneYKpa', 27, 0, '2024-02-25 05:59:28', '2024-02-25 05:59:28', 0, NULL, NULL, 0),
(982, 'Sibel Leele', 'sleeleqm@twitter.com', '$2a$04$DtJNqIF0vE21r4cVh.D5jOhHz17yOT2cjlZr/XLGF7uODXAeHVbtC', 29, 0, '2024-02-25 05:59:28', '2024-02-25 05:59:28', 0, NULL, NULL, 0),
(983, 'Kassia Skerratt', 'kskerrattqn@infoseek.co.jp', '$2a$04$IzRW/zInpIafSQDDgWJ.sOrSL9dpAARAQnUVZirQo57tNXkTpG1Di', 41, 0, '2024-02-25 05:59:28', '2024-02-25 05:59:28', 0, NULL, NULL, 0),
(984, 'Ruttger Grishukhin', 'rgrishukhinqo@dailymail.co.uk', '$2a$04$GysRr0MMOlEtsedE/DiVcO7l2QEZ2pBUsmbqVvNiI9kGLNmbTgXAi', 42, 0, '2024-02-25 05:59:28', '2024-02-25 05:59:28', 0, NULL, NULL, 0),
(985, 'Robinet Barfitt', 'rbarfittqp@amazon.de', '$2a$04$noSGdhSX/SCHxkGrv/gLiuVjCvS6HJHEq7Epu5iia5nPRB8N/pov6', 47, 0, '2024-02-25 05:59:28', '2024-02-25 05:59:28', 0, NULL, NULL, 0),
(986, 'Aubert Shovelin', 'ashovelinqq@tumblr.com', '$2a$04$sjsQTQgnoO7ics0PYu399.rkKOqpESW/L6rgJw5GLgUQcdhReflGi', 46, 0, '2024-02-25 05:59:28', '2024-02-25 05:59:28', 0, NULL, NULL, 0),
(987, 'Zuzana Savins', 'zsavinsqr@tripadvisor.com', '$2a$04$lKfo3Ko2c76uk/bqkHrpGeDI6R6QJ9VfkeeIJslp.Ksv/XMvjmjMC', 40, 0, '2024-02-25 05:59:28', '2024-02-25 05:59:28', 0, NULL, NULL, 0),
(988, 'Pip MacKintosh', 'pmackintoshqs@chron.com', '$2a$04$cF2/KewKWpZXuXoZkgjd0OI59AHn3Qo76sTy.fOyovebi6nbVZava', 42, 0, '2024-02-25 05:59:28', '2024-02-25 05:59:28', 0, NULL, NULL, 0),
(989, 'Sandi Dalgetty', 'sdalgettyqt@ehow.com', '$2a$04$ggU9wqTat4qfRulkk6xWzeN8NsfHleVCPjAwTaFurexdCWCb1QsWW', 43, 0, '2024-02-25 05:59:28', '2024-02-25 05:59:28', 0, NULL, NULL, 0),
(990, 'Layton Ramey', 'lrameyqu@elegantthemes.com', '$2a$04$zh83dgy4fgBiHLTcow7zCuWCDIXTCKU4YhHM1Dx80iMKu7UZSZbzC', 28, 0, '2024-02-25 05:59:28', '2024-02-25 05:59:28', 0, NULL, NULL, 0),
(991, 'Dewey Burris', 'dburrisqv@elpais.com', '$2a$04$H6.RGzG4/O31OhPzKTWVwu6WC4NqmHMo8.UoiXd6fI.ZAc7J3usnq', 18, 0, '2024-02-25 05:59:28', '2024-02-25 05:59:28', 0, NULL, NULL, 0),
(992, 'Shannon Pitrelli', 'spitrelliqw@freewebs.com', '$2a$04$YCWvnhGAmcDLSOFqv24rcOSTwbSCNAwGtjT30jbJaHTBjWVtST2Ra', 32, 0, '2024-02-25 05:59:28', '2024-02-25 05:59:28', 0, NULL, NULL, 0),
(993, 'Christel Guerola', 'cguerolaqx@answers.com', '$2a$04$D7ckxuk/6Ic0WsyU/Cp1/.coRILdB.hO6nmJrRUgeE.RHdBbzEgoS', 17, 0, '2024-02-25 05:59:28', '2024-02-25 05:59:28', 0, NULL, NULL, 0),
(994, 'Bay Barizeret', 'bbarizeretqy@eventbrite.com', '$2a$04$UgWC5jHqFleu4v/VudyAiODVQ0wFmkAUnVvNv8dDP.pDDXs/qBzES', 43, 0, '2024-02-25 05:59:28', '2024-02-25 05:59:28', 0, NULL, NULL, 0),
(995, 'Dotti Tappin', 'dtappinqz@mediafire.com', '$2a$04$Q5vgW8Ll/ejcd4cJsWE8kOAMyFQuaxe4fvTh9a4lvLWB1zo4sHIIW', 23, 0, '2024-02-25 05:59:28', '2024-02-25 05:59:28', 0, NULL, NULL, 0),
(996, 'Anneliese Spellissy', 'aspellissyr0@reference.com', '$2a$04$SYywH9B7DWjkqKZmPRyVn.i7bJS4Jl50EunYOaoFjtBXLdgAo27nu', 22, 0, '2024-02-25 05:59:28', '2024-02-25 05:59:28', 0, NULL, NULL, 0),
(997, 'Scotty McLucas', 'smclucasr1@desdev.cn', '$2a$04$Z1ZQuwpPl40P7IyMlOh3ieYAMGloSLhFZVJm.hj8MwwhH82UwKqoi', 27, 0, '2024-02-25 05:59:28', '2024-02-25 05:59:28', 0, NULL, NULL, 0),
(998, 'Gav Longwood', 'glongwoodr2@github.io', '$2a$04$ddPznjBfI5tXEwz/HhMeYO8QAgz.n1qBMUwjinCPLr5SsbbibXLs.', 48, 0, '2024-02-25 05:59:28', '2024-02-25 05:59:28', 0, NULL, NULL, 0),
(999, 'Berna Josum', 'bjosumr3@tripadvisor.com', '$2a$04$LTtv.s7Esr7Q9kjvGo8yEeOJqJo58mGe1c2VPlyI7QhGyNO0ifuJu', 20, 0, '2024-02-25 05:59:28', '2024-02-25 05:59:28', 0, NULL, NULL, 0),
(1000, 'Simone Astman', 'sastmanr4@instagram.com', '$2a$04$naKpheY9YPwxsGYqDrBAwOc/04OL38iZDdtauiX7jP9r8h1y4YimK', 15, 0, '2024-02-25 05:59:28', '2024-02-25 05:59:28', 0, NULL, NULL, 0),
(1001, 'Cristina Lawson', 'clawsonr5@canalblog.com', '$2a$04$G8QAZBtCsJX0tOirpptLeevChQVbvrTRJd8xyBd8VkwvGZGD.ypwO', 28, 0, '2024-02-25 05:59:28', '2024-02-25 05:59:28', 0, NULL, NULL, 0),
(1002, 'Leupold Howe', 'lhower6@slashdot.org', '$2a$04$VyAJAivBUs.66yLCapCjzut7e.eE9mtgK8vAP0jc6B9oj9OcmiwWK', 17, 0, '2024-02-25 05:59:28', '2024-02-25 05:59:28', 0, NULL, NULL, 0),
(1003, 'Harlin Roskilly', 'hroskillyr7@ox.ac.uk', '$2a$04$apSMtkWoJ7lw6HwUMVnaou70DLJw2j3aLGjPCagkuxFbnXn0IarJq', 32, 0, '2024-02-25 05:59:28', '2024-02-25 05:59:28', 0, NULL, NULL, 0),
(1004, 'Paulina Ingreda', 'pingredar8@webeden.co.uk', '$2a$04$UST7NgG3/3DoYUANdD2kN.XAx.HLzEn8sB1aMHHVX6hsw9L0hBqBK', 49, 0, '2024-02-25 05:59:28', '2024-02-25 05:59:28', 0, NULL, NULL, 0),
(1005, 'Wye Curman', 'wcurmanr9@cisco.com', '$2a$04$4majFfVgC6pVF93r.0BXGeiF.JHmxJ6awUi4d68l.BcM39ZlVBHI2', 38, 0, '2024-02-25 05:59:28', '2024-02-25 05:59:28', 0, NULL, NULL, 0),
(1006, 'Merna Stichall', 'mstichallra@un.org', '$2a$04$yCuOcDUDXsskJsW8S.E9iuz0u/jV7CTfSH6gckUzHNAMuzybFm/Iu', 22, 0, '2024-02-25 05:59:28', '2024-02-25 05:59:28', 0, NULL, NULL, 0),
(1007, 'Karleen Hildrew', 'khildrewrb@mediafire.com', '$2a$04$c0suUlQBPHDmF1zJScRZOOY..kFVPjIQpL.E8ikL2u2dgxih/OXsy', 20, 0, '2024-02-25 05:59:28', '2024-02-25 05:59:28', 0, NULL, NULL, 0),
(1008, 'Rianon Ussher', 'russherrc@1und1.de', '$2a$04$hsh1m7w99QhnTkdlmEH4YeQxS3fYtNehT73tdzPPLbj/vXhl3CW5y', 44, 0, '2024-02-25 05:59:28', '2024-02-25 05:59:28', 0, NULL, NULL, 0),
(1009, 'Bartie Gregor', 'bgregorrd@gnu.org', '$2a$04$D.UqZCMbDtNHneZ36Jv9EucW3kvvpETefRIDO80HWVw9SL148dizW', 21, 0, '2024-02-25 05:59:28', '2024-02-25 05:59:28', 0, NULL, NULL, 0),
(1010, 'Isahella Buttress', 'ibuttressre@fotki.com', '$2a$04$ygQ66KqYzQdcOse/nTJOvedKL2tXdRcfDeEMxfiS./K9gz/zoliJS', 33, 0, '2024-02-25 05:59:28', '2024-02-25 05:59:28', 0, NULL, NULL, 0),
(1011, 'Osbourne Rusling', 'oruslingrf@nbcnews.com', '$2a$04$Gn2Ky0Qwzn3h/QQjNb85iedXeJP96hCnLpCO/O0Q9ytRTpqYShdKS', 29, 0, '2024-02-25 05:59:28', '2024-02-25 05:59:28', 0, NULL, NULL, 0),
(1012, 'Fredek Vallow', 'fvallowrg@soup.io', '$2a$04$SMApzYP.ZOqwHWgdw85E1u0/0YL/eBhxe5zFah1YUjWe9ayHI7p1G', 47, 0, '2024-02-25 05:59:28', '2024-02-25 05:59:28', 0, NULL, NULL, 0),
(1013, 'Annadiane Bettleson', 'abettlesonrh@hatena.ne.jp', '$2a$04$wyYzJzdgfbl0Z1vOnk/7Y.iTs./WMaBmvphjLzsbfhz9la4wFBSVu', 28, 0, '2024-02-25 05:59:28', '2024-02-25 05:59:28', 0, NULL, NULL, 0),
(1014, 'Davine Cale', 'dcaleri@wordpress.org', '$2a$04$YBBAU3uG4fndTRyftRbmZeq/WRmasZ0Nbqv0TDRz3.WfY/KhsVtCC', 28, 0, '2024-02-25 05:59:28', '2024-02-25 05:59:28', 0, NULL, NULL, 0),
(1015, 'Kippy Kettlesting', 'kkettlestingrj@bluehost.com', '$2a$04$OH4ZFNZ4wPR/tw9l7r8AVegv/HJskzG/OVF4KWTya87vktu3KTnf6', 37, 0, '2024-02-25 05:59:28', '2024-02-25 05:59:28', 0, NULL, NULL, 0),
(1016, 'Penni Fumagall', 'pfumagallrk@t.co', '$2a$04$B.Y0E6MXqJOw1jgwXW839.6P3crChGTvRr0I/Wo/qZnblV2xna9GO', 21, 0, '2024-02-25 05:59:28', '2024-02-25 05:59:28', 0, NULL, NULL, 0),
(1017, 'Freddie Easum', 'feasumrl@pbs.org', '$2a$04$juSsJ3lNYIXn7AuM8EH1LOPy5JJlLqIZneuYSiAiHssN7k8GJscX.', 36, 0, '2024-02-25 05:59:29', '2024-02-25 05:59:29', 0, NULL, NULL, 0),
(1018, 'Linette Mathias', 'lmathiasrm@drupal.org', '$2a$04$0mzKhyGScTPWs49CWX.pMeY47aUWHxFabZ0b.vOTYCoXQYgGoIsfq', 35, 0, '2024-02-25 05:59:29', '2024-02-25 05:59:29', 0, NULL, NULL, 0),
(1019, 'Dorotea Sacco', 'dsaccorn@dailymail.co.uk', '$2a$04$BIbNjMcAEhZb66zOjGjLMuifaVmpZBj1CN1SuXqWso4jZnBsHvsJ.', 27, 0, '2024-02-25 05:59:29', '2024-02-25 05:59:29', 0, NULL, NULL, 0),
(1020, 'Goldarina Brient', 'gbrientro@imdb.com', '$2a$04$G3db9i1btI/T6M44G9ByvOpHRp7fWKIghbHifbZsMUUz1jjLR3ubi', 41, 0, '2024-02-25 05:59:29', '2024-02-25 05:59:29', 0, NULL, NULL, 0),
(1021, 'Marigold Percival', 'mpercivalrp@alexa.com', '$2a$04$Ed7zCqnwt5FjuAnTMJpDpOBev.y8SIaKQeS2h0fo8sU8HNkpMbzSG', 22, 0, '2024-02-25 05:59:29', '2024-02-25 05:59:29', 0, NULL, NULL, 0),
(1022, 'Aura Suston', 'asustonrq@mashable.com', '$2a$04$1bz4jnqomsQqESjqASBvteSwyoikwaMa/WPe851XyXb..g9BfxpUC', 38, 0, '2024-02-25 05:59:29', '2024-02-25 05:59:29', 0, NULL, NULL, 0),
(1023, 'Jerry Chrishop', 'jchrishoprr@behance.net', '$2a$04$E4KRuszZ/re7YqKuSrrdd.2NCb5xpXlF3Bq5w61szP5IU1EjOiKtC', 47, 0, '2024-02-25 05:59:29', '2024-02-25 05:59:29', 0, NULL, NULL, 0);

--
-- Индексы сохранённых таблиц
--

--
-- Индексы таблицы `Administrators`
--
ALTER TABLE `Administrators`
  ADD PRIMARY KEY (`admin_id`),
  ADD UNIQUE KEY `user_id` (`user_id`);

--
-- Индексы таблицы `Albums`
--
ALTER TABLE `Albums`
  ADD PRIMARY KEY (`album_id`),
  ADD KEY `user_id` (`user_id`);

--
-- Индексы таблицы `Album_Images`
--
ALTER TABLE `Album_Images`
  ADD PRIMARY KEY (`album_id`,`image_id`),
  ADD KEY `image_id` (`image_id`);

--
-- Индексы таблицы `Comments`
--
ALTER TABLE `Comments`
  ADD PRIMARY KEY (`comment_id`),
  ADD KEY `user_id` (`user_id`),
  ADD KEY `image_id` (`image_id`),
  ADD KEY `parent_id` (`parent_id`);

--
-- Индексы таблицы `Favorites`
--
ALTER TABLE `Favorites`
  ADD PRIMARY KEY (`favorite_id`),
  ADD KEY `user_id` (`user_id`),
  ADD KEY `image_id` (`image_id`);

--
-- Индексы таблицы `Images`
--
ALTER TABLE `Images`
  ADD PRIMARY KEY (`image_id`),
  ADD KEY `user_id` (`user_id`);

--
-- Индексы таблицы `Image_Tags`
--
ALTER TABLE `Image_Tags`
  ADD PRIMARY KEY (`image_id`,`tag_id`),
  ADD KEY `tag_id` (`tag_id`);

--
-- Индексы таблицы `Likes`
--
ALTER TABLE `Likes`
  ADD PRIMARY KEY (`like_id`),
  ADD KEY `user_id` (`user_id`),
  ADD KEY `image_id` (`image_id`);

--
-- Индексы таблицы `Tags`
--
ALTER TABLE `Tags`
  ADD PRIMARY KEY (`tag_id`),
  ADD UNIQUE KEY `name` (`name`);

--
-- Индексы таблицы `Users`
--
ALTER TABLE `Users`
  ADD PRIMARY KEY (`user_id`),
  ADD UNIQUE KEY `username` (`username`),
  ADD UNIQUE KEY `email` (`email`);

--
-- AUTO_INCREMENT для сохранённых таблиц
--

--
-- AUTO_INCREMENT для таблицы `Administrators`
--
ALTER TABLE `Administrators`
  MODIFY `admin_id` int(11) NOT NULL AUTO_INCREMENT, AUTO_INCREMENT=4;

--
-- AUTO_INCREMENT для таблицы `Albums`
--
ALTER TABLE `Albums`
  MODIFY `album_id` int(11) NOT NULL AUTO_INCREMENT, AUTO_INCREMENT=22;

--
-- AUTO_INCREMENT для таблицы `Comments`
--
ALTER TABLE `Comments`
  MODIFY `comment_id` int(11) NOT NULL AUTO_INCREMENT, AUTO_INCREMENT=1014;

--
-- AUTO_INCREMENT для таблицы `Favorites`
--
ALTER TABLE `Favorites`
  MODIFY `favorite_id` int(11) NOT NULL AUTO_INCREMENT, AUTO_INCREMENT=4001;

--
-- AUTO_INCREMENT для таблицы `Images`
--
ALTER TABLE `Images`
  MODIFY `image_id` int(11) NOT NULL AUTO_INCREMENT, AUTO_INCREMENT=225;

--
-- AUTO_INCREMENT для таблицы `Likes`
--
ALTER TABLE `Likes`
  MODIFY `like_id` int(11) NOT NULL AUTO_INCREMENT, AUTO_INCREMENT=5002;

--
-- AUTO_INCREMENT для таблицы `Tags`
--
ALTER TABLE `Tags`
  MODIFY `tag_id` int(11) NOT NULL AUTO_INCREMENT, AUTO_INCREMENT=169;

--
-- AUTO_INCREMENT для таблицы `Users`
--
ALTER TABLE `Users`
  MODIFY `user_id` int(11) NOT NULL AUTO_INCREMENT, AUTO_INCREMENT=1024;

--
-- Ограничения внешнего ключа сохраненных таблиц
--

--
-- Ограничения внешнего ключа таблицы `Administrators`
--
ALTER TABLE `Administrators`
  ADD CONSTRAINT `administrators_ibfk_1` FOREIGN KEY (`user_id`) REFERENCES `Users` (`user_id`) ON DELETE CASCADE;

--
-- Ограничения внешнего ключа таблицы `Albums`
--
ALTER TABLE `Albums`
  ADD CONSTRAINT `albums_ibfk_1` FOREIGN KEY (`user_id`) REFERENCES `Users` (`user_id`) ON DELETE CASCADE;

--
-- Ограничения внешнего ключа таблицы `Album_Images`
--
ALTER TABLE `Album_Images`
  ADD CONSTRAINT `album_images_ibfk_1` FOREIGN KEY (`album_id`) REFERENCES `Albums` (`album_id`),
  ADD CONSTRAINT `album_images_ibfk_2` FOREIGN KEY (`image_id`) REFERENCES `Images` (`image_id`);

--
-- Ограничения внешнего ключа таблицы `Comments`
--
ALTER TABLE `Comments`
  ADD CONSTRAINT `comments_ibfk_1` FOREIGN KEY (`user_id`) REFERENCES `Users` (`user_id`) ON DELETE CASCADE,
  ADD CONSTRAINT `comments_ibfk_2` FOREIGN KEY (`image_id`) REFERENCES `Images` (`image_id`) ON DELETE CASCADE,
  ADD CONSTRAINT `comments_ibfk_3` FOREIGN KEY (`parent_id`) REFERENCES `Comments` (`comment_id`) ON DELETE CASCADE;

--
-- Ограничения внешнего ключа таблицы `Favorites`
--
ALTER TABLE `Favorites`
  ADD CONSTRAINT `favorites_ibfk_1` FOREIGN KEY (`user_id`) REFERENCES `Users` (`user_id`),
  ADD CONSTRAINT `favorites_ibfk_2` FOREIGN KEY (`image_id`) REFERENCES `Images` (`image_id`);

--
-- Ограничения внешнего ключа таблицы `Images`
--
ALTER TABLE `Images`
  ADD CONSTRAINT `images_ibfk_1` FOREIGN KEY (`user_id`) REFERENCES `Users` (`user_id`) ON DELETE SET NULL;

--
-- Ограничения внешнего ключа таблицы `Image_Tags`
--
ALTER TABLE `Image_Tags`
  ADD CONSTRAINT `image_tags_ibfk_1` FOREIGN KEY (`image_id`) REFERENCES `Images` (`image_id`) ON DELETE CASCADE,
  ADD CONSTRAINT `image_tags_ibfk_2` FOREIGN KEY (`tag_id`) REFERENCES `Tags` (`tag_id`) ON DELETE CASCADE;

--
-- Ограничения внешнего ключа таблицы `Likes`
--
ALTER TABLE `Likes`
  ADD CONSTRAINT `likes_ibfk_1` FOREIGN KEY (`user_id`) REFERENCES `Users` (`user_id`) ON DELETE CASCADE,
  ADD CONSTRAINT `likes_ibfk_2` FOREIGN KEY (`image_id`) REFERENCES `Images` (`image_id`) ON DELETE CASCADE;
COMMIT;

/*!40101 SET CHARACTER_SET_CLIENT=@OLD_CHARACTER_SET_CLIENT */;
/*!40101 SET CHARACTER_SET_RESULTS=@OLD_CHARACTER_SET_RESULTS */;
/*!40101 SET COLLATION_CONNECTION=@OLD_COLLATION_CONNECTION */;
